Date,Day,Comp,Round,Venue,Result,Squad,Opponent,Start,Pos,Min,Gls,Ast,PK,PKatt,Sh,SoT,CrdY,CrdR,Fls,Fld,Off,Crs,TklW,Int,OG,PKwon,PKcon,Match Report,Touches,Tkl,Blocks,xG,npxG,xAG,SCA,GCA,Cmp,Att,Cmp%,Prog,Succ,Att.1,Defensive Tkl,Defensive TklW,Defensive Att,Defensive Tkl%,Defensive Past,Defensive Blocks,Defensive Sh,Defensive Pass,Defensive Int,Defensive Tkl+Int,Defensive Clr,Defensive Err
06-03-2018,Sun,Friendlies (M),Friendlies (M),Home,W 3–0,cr Costa Rica,nir Northern Ireland,Y,FW,69,1.0,0.0,0.0,0.0,,,0.0,0.0,,,,,,,,,,Match Report,,,,,,,,,,,,,,,,,,,,,,,,,,
06-03-2018,Sun,Friendlies (M),Friendlies (M),Home,W 3–0,cr Costa Rica,nir Northern Ireland,Y,LM,90,1.0,1.0,0.0,0.0,,,0.0,0.0,,,,,,,,,,Match Report,,,,,,,,,,,,,,,,,,,,,,,,,,
06-03-2018,Sun,Friendlies (M),Friendlies (M),Home,W 3–0,cr Costa Rica,nir Northern Ireland,N,,45,1.0,0.0,0.0,0.0,,,0.0,0.0,,,,,,,,,,Match Report,,,,,,,,,,,,,,,,,,,,,,,,,,
06-03-2018,Sun,Friendlies (M),Friendlies (M),Home,W 3–0,cr Costa Rica,nir Northern Ireland,N,,18,0.0,0.0,0.0,0.0,,,0.0,0.0,,,,,,,,,,Match Report,,,,,,,,,,,,,,,,,,,,,,,,,,
06-03-2018,Sun,Friendlies (M),Friendlies (M),Home,W 3–0,cr Costa Rica,nir Northern Ireland,Y*,GK,33,0.0,0.0,0.0,0.0,,,0.0,0.0,,,,,,,,,,Match Report,,,,,,,,,,,,,,,,,,,,,,,,,,
06-03-2018,Sun,Friendlies (M),Friendlies (M),Home,W 3–0,cr Costa Rica,nir Northern Ireland,Y,CB,45,0.0,0.0,0.0,0.0,,,0.0,0.0,,,,,,,,,,Match Report,,,,,,,,,,,,,,,,,,,,,,,,,,
06-03-2018,Sun,Friendlies (M),Friendlies (M),Home,W 3–0,cr Costa Rica,nir Northern Ireland,Y,LB,90,0.0,0.0,0.0,0.0,,,0.0,0.0,,,,,,,,,,Match Report,,,,,,,,,,,,,,,,,,,,,,,,,,
06-03-2018,Sun,Friendlies (M),Friendlies (M),Home,W 3–0,cr Costa Rica,nir Northern Ireland,N,"On matchday squad, but did not play",Match Report,,,,,,,,,,,,,,,,,,,,,,,,,,,,,,,,,,,,,,,,,,,,
06-03-2018,Sun,Friendlies (M),Friendlies (M),Home,W 3–0,cr Costa Rica,nir Northern Ireland,Y,CM,63,0.0,0.0,0.0,0.0,,,0.0,0.0,,,,,,,,,,Match Report,,,,,,,,,,,,,,,,,,,,,,,,,,
23-03-2018,Fri,Friendlies (M),Friendlies (M),Away,W 1–0,cr Costa Rica,sct Scotland,N,,13,0.0,0.0,0.0,0.0,,,0.0,0.0,,,,,,,,,,Match Report,,,,,,,,,,,,,,,,,,,,,,,,,,
23-03-2018,Fri,Friendlies (M),Friendlies (M),Away,W 1–0,cr Costa Rica,sct Scotland,Y,LB,77,0.0,1.0,0.0,0.0,,,0.0,0.0,,,,,,,,,,Match Report,,,,,,,,,,,,,,,,,,,,,,,,,,
23-03-2018,Fri,Friendlies (M),Friendlies (M),Away,W 1–0,cr Costa Rica,sct Scotland,Y,CM,90,0.0,0.0,0.0,0.0,,,0.0,0.0,,,,,,,,,,Match Report,,,,,,,,,,,,,,,,,,,,,,,,,,
23-03-2018,Fri,Friendlies (M),Friendlies (M),Away,W 1–0,cr Costa Rica,sct Scotland,Y*,LM,90,0.0,0.0,0.0,0.0,,,0.0,0.0,,,,,,,,,,Match Report,,,,,,,,,,,,,,,,,,,,,,,,,,
23-03-2018,Fri,Friendlies (M),Friendlies (M),Away,W 1–0,cr Costa Rica,sct Scotland,Y,GK,90,0.0,0.0,0.0,0.0,,,0.0,0.0,,,,,,,,,,Match Report,,,,,,,,,,,,,,,,,,,,,,,,,,
23-03-2018,Fri,Friendlies (M),Friendlies (M),Away,W 1–0,cr Costa Rica,sct Scotland,N,"On matchday squad, but did not play",Match Report,,,,,,,,,,,,,,,,,,,,,,,,,,,,,,,,,,,,,,,,,,,,
23-03-2018,Fri,Friendlies (M),Friendlies (M),Away,W 1–0,cr Costa Rica,sct Scotland,Y,CB,90,0.0,0.0,0.0,0.0,,,0.0,0.0,,,,,,,,,,Match Report,,,,,,,,,,,,,,,,,,,,,,,,,,
27-03-2018,Tue,Friendlies (M),Friendlies (M),Away,L 0–1,cr Costa Rica,tn Tunisia,Y,CB,90,0.0,0.0,0.0,0.0,,,1.0,0.0,,,,,,,,,,Match Report,,,,,,,,,,,,,,,,,,,,,,,,,,
27-03-2018,Tue,Friendlies (M),Friendlies (M),Away,L 0–1,cr Costa Rica,tn Tunisia,N,,5,0.0,0.0,0.0,0.0,,,0.0,0.0,,,,,,,,,,Match Report,,,,,,,,,,,,,,,,,,,,,,,,,,
27-03-2018,Tue,Friendlies (M),Friendlies (M),Away,L 0–1,cr Costa Rica,tn Tunisia,Y,CM,90,0.0,0.0,0.0,0.0,,,1.0,0.0,,,,,,,,,,Match Report,,,,,,,,,,,,,,,,,,,,,,,,,,
27-03-2018,Tue,Friendlies (M),Friendlies (M),Away,L 0–1,cr Costa Rica,tn Tunisia,Y,LB,90,0.0,0.0,0.0,0.0,,,1.0,0.0,,,,,,,,,,Match Report,,,,,,,,,,,,,,,,,,,,,,,,,,
27-03-2018,Tue,Friendlies (M),Friendlies (M),Away,L 0–1,cr Costa Rica,tn Tunisia,Y,GK,90,0.0,0.0,0.0,0.0,,,0.0,0.0,,,,,,,,,,Match Report,,,,,,,,,,,,,,,,,,,,,,,,,,
27-03-2018,Tue,Friendlies (M),Friendlies (M),Away,L 0–1,cr Costa Rica,tn Tunisia,Y,CB,90,0.0,0.0,0.0,0.0,,,0.0,0.0,,,,,,,,,,Match Report,,,,,,,,,,,,,,,,,,,,,,,,,,
27-03-2018,Tue,Friendlies (M),Friendlies (M),Away,L 0–1,cr Costa Rica,tn Tunisia,Y*,LM,84,0.0,0.0,0.0,0.0,,,0.0,0.0,,,,,,,,,,Match Report,,,,,,,,,,,,,,,,,,,,,,,,,,
17-06-2018,Sun,FIFA World Cup,Group stage,Neutral,L 0–1,cr Costa Rica,rs Serbia,Y*,"AM,CM",90,0.0,0.0,0.0,0.0,1.0,0.0,0.0,0.0,,,,,,1.0,,,,Match Report,63.0,0.0,1.0,0.1,0.1,0.1,1.0,0.0,45.0,56.0,80.4,5.0,2.0,4.0,0.0,0.0,0.0,,0.0,1.0,0.0,1.0,2.0,2.0,0.0,0.0
17-06-2018,Sun,FIFA World Cup,Group stage,Neutral,L 0–1,cr Costa Rica,rs Serbia,Y,GK,90,0.0,0.0,0.0,0.0,0.0,0.0,0.0,0.0,,,,,,2.0,,,,Match Report,40.0,0.0,0.0,0.0,0.0,0.0,0.0,0.0,23.0,38.0,60.5,0.0,0.0,0.0,0.0,0.0,0.0,,0.0,1.0,0.0,1.0,2.0,2.0,0.0,0.0
17-06-2018,Sun,FIFA World Cup,Group stage,Neutral,L 0–1,cr Costa Rica,rs Serbia,N,"On matchday squad, but did not play",Match Report,,,,,,,,,,,,,,,,,,,,,,,,,,,,,,,,,0.0,0.0,0.0,,0.0,1.0,0.0,1.0,2.0,2.0,0.0,0.0
17-06-2018,Sun,FIFA World Cup,Group stage,Neutral,L 0–1,cr Costa Rica,rs Serbia,N,"On matchday squad, but did not play",Match Report,,,,,,,,,,,,,,,,,,,,,,,,,,,,,,,,,0.0,0.0,0.0,,0.0,1.0,0.0,1.0,2.0,2.0,0.0,0.0
17-06-2018,Sun,FIFA World Cup,Group stage,Neutral,L 0–1,cr Costa Rica,rs Serbia,Y,CM,90,0.0,0.0,0.0,0.0,1.0,0.0,0.0,0.0,,,,,,2.0,,,,Match Report,67.0,4.0,2.0,0.0,0.0,0.1,2.0,0.0,46.0,58.0,79.3,2.0,1.0,2.0,0.0,0.0,0.0,,0.0,1.0,0.0,1.0,2.0,2.0,0.0,0.0
17-06-2018,Sun,FIFA World Cup,Group stage,Neutral,L 0–1,cr Costa Rica,rs Serbia,Y,AM,59,0.0,0.0,0.0,0.0,0.0,0.0,0.0,0.0,,,,,,2.0,,,,Match Report,33.0,0.0,1.0,0.0,0.0,0.1,2.0,0.0,13.0,24.0,54.2,2.0,0.0,2.0,0.0,0.0,0.0,,0.0,1.0,0.0,1.0,2.0,2.0,0.0,0.0
17-06-2018,Sun,FIFA World Cup,Group stage,Neutral,L 0–1,cr Costa Rica,rs Serbia,Y,WB,90,0.0,0.0,0.0,0.0,1.0,0.0,1.0,0.0,,,,,,2.0,,,,Match Report,64.0,3.0,1.0,0.1,0.1,0.0,1.0,0.0,44.0,53.0,83.0,2.0,0.0,1.0,0.0,0.0,0.0,,0.0,1.0,0.0,1.0,2.0,2.0,0.0,0.0
17-06-2018,Sun,FIFA World Cup,Group stage,Neutral,L 0–1,cr Costa Rica,rs Serbia,Y,CB,90,0.0,0.0,0.0,0.0,1.0,0.0,0.0,0.0,,,,,,1.0,,,,Match Report,63.0,0.0,0.0,0.0,0.0,0.1,2.0,0.0,42.0,57.0,73.7,2.0,1.0,2.0,0.0,0.0,0.0,,0.0,1.0,0.0,1.0,2.0,2.0,0.0,0.0
17-06-2018,Sun,FIFA World Cup,Group stage,Neutral,L 0–1,cr Costa Rica,rs Serbia,N,"FW,AM",25,0.0,0.0,0.0,0.0,1.0,0.0,0.0,0.0,,,,,,1.0,,,,Match Report,20.0,0.0,0.0,0.0,0.0,0.0,0.0,0.0,9.0,13.0,69.2,1.0,2.0,3.0,0.0,0.0,0.0,,0.0,1.0,0.0,1.0,2.0,2.0,0.0,0.0
22-06-2018,Fri,FIFA World Cup,Group stage,Neutral,L 0–2,cr Costa Rica,br Brazil,Y,CB,90,0.0,0.0,0.0,0.0,0.0,0.0,0.0,0.0,,,,,,1.0,,,,Match Report,31.0,0.0,1.0,0.0,0.0,0.0,0.0,0.0,17.0,23.0,73.9,0.0,1.0,1.0,0.0,0.0,0.0,,0.0,0.0,0.0,0.0,0.0,0.0,2.0,0.0
22-06-2018,Fri,FIFA World Cup,Group stage,Neutral,L 0–2,cr Costa Rica,br Brazil,Y,WB,90,0.0,0.0,0.0,0.0,1.0,0.0,0.0,0.0,,,,,,0.0,,,,Match Report,33.0,3.0,1.0,0.0,0.0,0.0,0.0,0.0,21.0,24.0,87.5,0.0,0.0,0.0,0.0,0.0,0.0,,0.0,0.0,0.0,0.0,0.0,0.0,2.0,0.0
22-06-2018,Fri,FIFA World Cup,Group stage,Neutral,L 0–2,cr Costa Rica,br Brazil,Y,GK,90,0.0,0.0,0.0,0.0,0.0,0.0,0.0,0.0,,,,,,0.0,,,,Match Report,48.0,0.0,0.0,0.0,0.0,0.0,0.0,0.0,23.0,43.0,53.5,0.0,0.0,0.0,0.0,0.0,0.0,,0.0,0.0,0.0,0.0,0.0,0.0,2.0,0.0
22-06-2018,Fri,FIFA World Cup,Group stage,Neutral,L 0–2,cr Costa Rica,br Brazil,N,"CB,WB",16,0.0,0.0,0.0,0.0,0.0,0.0,0.0,0.0,,,,,,0.0,,,,Match Report,10.0,4.0,0.0,0.0,0.0,0.0,0.0,0.0,4.0,5.0,80.0,0.0,0.0,0.0,0.0,0.0,0.0,,0.0,0.0,0.0,0.0,0.0,0.0,2.0,0.0
22-06-2018,Fri,FIFA World Cup,Group stage,Neutral,L 0–2,cr Costa Rica,br Brazil,N,"On matchday squad, but did not play",Match Report,,,,,,,,,,,,,,,,,,,,,,,,,,,,,,,,,0.0,0.0,0.0,,0.0,0.0,0.0,0.0,0.0,0.0,2.0,0.0
22-06-2018,Fri,FIFA World Cup,Group stage,Neutral,L 0–2,cr Costa Rica,br Brazil,N,"On matchday squad, but did not play",Match Report,,,,,,,,,,,,,,,,,,,,,,,,,,,,,,,,,0.0,0.0,0.0,,0.0,0.0,0.0,0.0,0.0,0.0,2.0,0.0
22-06-2018,Fri,FIFA World Cup,Group stage,Neutral,L 0–2,cr Costa Rica,br Brazil,Y,"AM,FW",90,0.0,0.0,0.0,0.0,0.0,0.0,0.0,0.0,,,,,,1.0,,,,Match Report,34.0,4.0,0.0,0.0,0.0,0.0,0.0,0.0,16.0,20.0,80.0,0.0,1.0,1.0,0.0,0.0,0.0,,0.0,0.0,0.0,0.0,0.0,0.0,2.0,0.0
22-06-2018,Fri,FIFA World Cup,Group stage,Neutral,L 0–2,cr Costa Rica,br Brazil,Y,CM,90,0.0,0.0,0.0,0.0,1.0,0.0,0.0,0.0,,,,,,1.0,,,,Match Report,38.0,2.0,0.0,0.1,0.1,0.0,2.0,0.0,23.0,30.0,76.7,2.0,1.0,1.0,0.0,0.0,0.0,,0.0,0.0,0.0,0.0,0.0,0.0,2.0,0.0
22-06-2018,Fri,FIFA World Cup,Group stage,Neutral,L 0–2,cr Costa Rica,br Brazil,Y*,AM,90,0.0,0.0,0.0,0.0,0.0,0.0,0.0,0.0,,,,,,2.0,,,,Match Report,49.0,1.0,1.0,0.0,0.0,0.0,1.0,0.0,25.0,39.0,64.1,1.0,3.0,5.0,0.0,0.0,0.0,,0.0,0.0,0.0,0.0,0.0,0.0,2.0,0.0
27-06-2018,Wed,FIFA World Cup,Group stage,Neutral,D 2–2,cr Costa Rica,ch Switzerland,Y,GK,90,0.0,0.0,0.0,0.0,0.0,0.0,0.0,0.0,,,,,,0.0,,,,Match Report,24.0,0.0,0.0,0.0,0.0,0.0,0.0,0.0,17.0,23.0,73.9,0.0,0.0,0.0,1.0,1.0,3.0,0.0,3.0,0.0,0.0,0.0,0.0,1.0,1.0,0.0
27-06-2018,Wed,FIFA World Cup,Group stage,Neutral,D 2–2,cr Costa Rica,ch Switzerland,Y,WB,90,0.0,0.0,0.0,0.0,2.0,1.0,0.0,0.0,,,,,,3.0,,,,Match Report,53.0,3.0,1.0,0.1,0.1,0.2,1.0,0.0,31.0,41.0,75.6,4.0,0.0,0.0,1.0,1.0,3.0,0.0,3.0,0.0,0.0,0.0,0.0,1.0,1.0,0.0
27-06-2018,Wed,FIFA World Cup,Group stage,Neutral,D 2–2,cr Costa Rica,ch Switzerland,Y,FW,90,0.0,1.0,0.0,0.0,2.0,1.0,1.0,0.0,,,,,,1.0,,,,Match Report,36.0,1.0,0.0,0.1,0.1,0.2,10.0,1.0,21.0,26.0,80.8,2.0,5.0,9.0,1.0,1.0,3.0,0.0,3.0,0.0,0.0,0.0,0.0,1.0,1.0,0.0
27-06-2018,Wed,FIFA World Cup,Group stage,Neutral,D 2–2,cr Costa Rica,ch Switzerland,N,"On matchday squad, but did not play",Match Report,,,,,,,,,,,,,,,,,,,,,,,,,,,,,,,,,1.0,1.0,3.0,0.0,3.0,0.0,0.0,0.0,0.0,1.0,1.0,0.0
27-06-2018,Wed,FIFA World Cup,Group stage,Neutral,D 2–2,cr Costa Rica,ch Switzerland,Y,CM,90,0.0,0.0,0.0,0.0,3.0,2.0,0.0,0.0,,,,,,0.0,,,,Match Report,46.0,2.0,1.0,0.3,0.3,0.1,1.0,0.0,32.0,41.0,78.0,1.0,0.0,0.0,1.0,1.0,3.0,0.0,3.0,0.0,0.0,0.0,0.0,1.0,1.0,0.0
27-06-2018,Wed,FIFA World Cup,Group stage,Neutral,D 2–2,cr Costa Rica,ch Switzerland,Y,CB,90,1.0,0.0,0.0,0.0,1.0,1.0,1.0,0.0,,,,,,3.0,,,,Match Report,55.0,0.0,1.0,0.1,0.1,0.0,0.0,0.0,37.0,43.0,86.0,4.0,0.0,0.0,1.0,1.0,3.0,0.0,3.0,0.0,0.0,0.0,0.0,1.0,1.0,0.0
27-06-2018,Wed,FIFA World Cup,Group stage,Neutral,D 2–2,cr Costa Rica,ch Switzerland,Y*,AM,90,0.0,0.0,0.0,1.0,0.0,0.0,0.0,0.0,,,,,,0.0,,,,Match Report,44.0,1.0,0.0,0.8,0.0,0.0,2.0,0.0,30.0,35.0,85.7,4.0,2.0,2.0,1.0,1.0,3.0,0.0,3.0,0.0,0.0,0.0,0.0,1.0,1.0,0.0
27-06-2018,Wed,FIFA World Cup,Group stage,Neutral,D 2–2,cr Costa Rica,ch Switzerland,N,"On matchday squad, but did not play",Match Report,,,,,,,,,,,,,,,,,,,,,,,,,,,,,,,,,1.0,1.0,3.0,0.0,3.0,0.0,0.0,0.0,0.0,1.0,1.0,0.0
27-06-2018,Wed,FIFA World Cup,Group stage,Neutral,D 2–2,cr Costa Rica,ch Switzerland,N,"On matchday squad, but did not play",Match Report,,,,,,,,,,,,,,,,,,,,,,,,,,,,,,,,,1.0,1.0,3.0,0.0,3.0,0.0,0.0,0.0,0.0,1.0,1.0,0.0
06-07-2018,Thu,Friendlies (M),Friendlies (M),Away,L 0–2,cr Costa Rica,eng England,Y,CB,90,0.0,0.0,0.0,0.0,,,0.0,0.0,,,,,,,,,,Match Report,,,,,,,,,,,,,,,,,,,,,,,,,,
06-07-2018,Thu,Friendlies (M),Friendlies (M),Away,L 0–2,cr Costa Rica,eng England,Y*,GK,90,0.0,0.0,0.0,0.0,,,0.0,0.0,,,,,,,,,,Match Report,,,,,,,,,,,,,,,,,,,,,,,,,,
06-07-2018,Thu,Friendlies (M),Friendlies (M),Away,L 0–2,cr Costa Rica,eng England,Y,FW,60,0.0,0.0,0.0,0.0,,,0.0,0.0,,,,,,,,,,Match Report,,,,,,,,,,,,,,,,,,,,,,,,,,
06-07-2018,Thu,Friendlies (M),Friendlies (M),Away,L 0–2,cr Costa Rica,eng England,Y,FW,90,0.0,0.0,0.0,0.0,,,0.0,0.0,,,,,,,,,,Match Report,,,,,,,,,,,,,,,,,,,,,,,,,,
06-07-2018,Thu,Friendlies (M),Friendlies (M),Away,L 0–2,cr Costa Rica,eng England,Y,CM,90,0.0,0.0,0.0,0.0,,,0.0,0.0,,,,,,,,,,Match Report,,,,,,,,,,,,,,,,,,,,,,,,,,
06-07-2018,Thu,Friendlies (M),Friendlies (M),Away,L 0–2,cr Costa Rica,eng England,N,"On matchday squad, but did not play",Match Report,,,,,,,,,,,,,,,,,,,,,,,,,,,,,,,,,,,,,,,,,,,,
06-07-2018,Thu,Friendlies (M),Friendlies (M),Away,L 0–2,cr Costa Rica,eng England,Y,CB,90,0.0,0.0,0.0,0.0,,,0.0,0.0,,,,,,,,,,Match Report,,,,,,,,,,,,,,,,,,,,,,,,,,
06-07-2018,Thu,Friendlies (M),Friendlies (M),Away,L 0–2,cr Costa Rica,eng England,N,"On matchday squad, but did not play",Match Report,,,,,,,,,,,,,,,,,,,,,,,,,,,,,,,,,,,,,,,,,,,,
06-07-2018,Thu,Friendlies (M),Friendlies (M),Away,L 0–2,cr Costa Rica,eng England,Y,LB,59,0.0,0.0,0.0,0.0,,,0.0,0.0,,,,,,,,,,Match Report,,,,,,,,,,,,,,,,,,,,,,,,,,
09-07-2018,Fri,Friendlies (M),Friendlies (M),Away,L 0–2,cr Costa Rica,kr Korea Republic,Y,CB,90,0.0,0.0,0.0,0.0,,,0.0,0.0,,,,,,,,,,Match Report,,,,,,,,,,,,,,,,,,,,,,,,,,
09-07-2018,Fri,Friendlies (M),Friendlies (M),Away,L 0–2,cr Costa Rica,kr Korea Republic,N,"On matchday squad, but did not play",Match Report,,,,,,,,,,,,,,,,,,,,,,,,,,,,,,,,,,,,,,,,,,,,
09-07-2018,Fri,Friendlies (M),Friendlies (M),Away,L 0–2,cr Costa Rica,kr Korea Republic,Y,CB,90,0.0,0.0,0.0,0.0,,,0.0,0.0,,,,,,,,,,Match Report,,,,,,,,,,,,,,,,,,,,,,,,,,
09-07-2018,Fri,Friendlies (M),Friendlies (M),Away,L 0–2,cr Costa Rica,kr Korea Republic,Y,GK,90,0.0,0.0,0.0,0.0,,,0.0,0.0,,,,,,,0.0,,,Match Report,,,,,,,,,,,,,,,,,,,,,,,,,,
09-07-2018,Fri,Friendlies (M),Friendlies (M),Away,L 0–2,cr Costa Rica,kr Korea Republic,Y*,LB,90,0.0,0.0,0.0,0.0,,,0.0,0.0,,,,,,,,,,Match Report,,,,,,,,,,,,,,,,,,,,,,,,,,
16-10-2018,Tue,Friendlies (M),Friendlies (M),Away,L 1–3,cr Costa Rica,co Colombia,Y,GK,90,0.0,0.0,0.0,0.0,,,0.0,0.0,,,,,,,,,,Match Report,,,,,,,,,,,,,,,,,,,,,,,,,,
16-10-2018,Tue,Friendlies (M),Friendlies (M),Away,L 1–3,cr Costa Rica,co Colombia,N,"On matchday squad, but did not play",Match Report,,,,,,,,,,,,,,,,,,,,,,,,,,,,,,,,,,,,,,,,,,,,
16-10-2018,Tue,Friendlies (M),Friendlies (M),Away,L 1–3,cr Costa Rica,co Colombia,Y,FW,52,0.0,0.0,0.0,0.0,,,0.0,0.0,,,,,,,,,,Match Report,,,,,,,,,,,,,,,,,,,,,,,,,,
16-10-2018,Tue,Friendlies (M),Friendlies (M),Away,L 1–3,cr Costa Rica,co Colombia,N,,38,0.0,0.0,0.0,0.0,,,1.0,0.0,,,,,,,,,,Match Report,,,,,,,,,,,,,,,,,,,,,,,,,,
16-10-2018,Tue,Friendlies (M),Friendlies (M),Away,L 1–3,cr Costa Rica,co Colombia,Y,LB,90,0.0,0.0,0.0,0.0,,,1.0,0.0,,,,,,,,,,Match Report,,,,,,,,,,,,,,,,,,,,,,,,,,
16-10-2018,Tue,Friendlies (M),Friendlies (M),Away,L 1–3,cr Costa Rica,co Colombia,N,"On matchday squad, but did not play",Match Report,,,,,,,,,,,,,,,,,,,,,,,,,,,,,,,,,,,,,,,,,,,,
16-10-2018,Tue,Friendlies (M),Friendlies (M),Away,L 1–3,cr Costa Rica,co Colombia,Y,CB,90,1.0,0.0,0.0,0.0,,,0.0,0.0,,,,,,,,,,Match Report,,,,,,,,,,,,,,,,,,,,,,,,,,
16-10-2018,Tue,Friendlies (M),Friendlies (M),Away,L 1–3,cr Costa Rica,co Colombia,N,"On matchday squad, but did not play",Match Report,,,,,,,,,,,,,,,,,,,,,,,,,,,,,,,,,,,,,,,,,,,,
16-10-2018,Tue,Friendlies (M),Friendlies (M),Away,L 1–3,cr Costa Rica,co Colombia,Y*,DM,85,0.0,0.0,0.0,0.0,,,0.0,0.0,,,,,,,,,,Match Report,,,,,,,,,,,,,,,,,,,,,,,,,,
06-11-2018,Mon,Friendlies (M),Friendlies (M),Away,L 1–4,cr Costa Rica,be Belgium,Y,CM,75,0.0,0.0,0.0,0.0,,,0.0,0.0,,,,,,,,,,Match Report,,,,,,,,,,,,,,,,,,,,,,,,,,
06-11-2018,Mon,Friendlies (M),Friendlies (M),Away,L 1–4,cr Costa Rica,be Belgium,N,"On matchday squad, but did not play",Match Report,,,,,,,,,,,,,,,,,,,,,,,,,,,,,,,,,,,,,,,,,,,,
06-11-2018,Mon,Friendlies (M),Friendlies (M),Away,L 1–4,cr Costa Rica,be Belgium,N,,45,0.0,0.0,0.0,0.0,,,0.0,0.0,,,,,,,,,,Match Report,,,,,,,,,,,,,,,,,,,,,,,,,,
06-11-2018,Mon,Friendlies (M),Friendlies (M),Away,L 1–4,cr Costa Rica,be Belgium,Y,CB,90,0.0,0.0,0.0,0.0,,,0.0,0.0,,,,,,,,,,Match Report,,,,,,,,,,,,,,,,,,,,,,,,,,
06-11-2018,Mon,Friendlies (M),Friendlies (M),Away,L 1–4,cr Costa Rica,be Belgium,N,,25,0.0,0.0,0.0,0.0,,,0.0,0.0,,,,,,,,,,Match Report,,,,,,,,,,,,,,,,,,,,,,,,,,
06-11-2018,Mon,Friendlies (M),Friendlies (M),Away,L 1–4,cr Costa Rica,be Belgium,Y*,LM,65,1.0,0.0,0.0,0.0,,,0.0,0.0,,,,,,,,,,Match Report,,,,,,,,,,,,,,,,,,,,,,,,,,
06-11-2018,Mon,Friendlies (M),Friendlies (M),Away,L 1–4,cr Costa Rica,be Belgium,Y,LB,45,0.0,0.0,0.0,0.0,,,0.0,0.0,,,,,,,,,,Match Report,,,,,,,,,,,,,,,,,,,,,,,,,,
06-11-2018,Mon,Friendlies (M),Friendlies (M),Away,L 1–4,cr Costa Rica,be Belgium,Y,GK,90,0.0,0.0,0.0,0.0,,,0.0,0.0,,,,,,,,,,Match Report,,,,,,,,,,,,,,,,,,,,,,,,,,
06-11-2018,Mon,Friendlies (M),Friendlies (M),Away,L 1–4,cr Costa Rica,be Belgium,N,,45,0.0,0.0,0.0,0.0,,,0.0,0.0,,,,,,,,,,Match Report,,,,,,,,,,,,,,,,,,,,,,,,,,
09-11-2018,Tue,Friendlies (M),Friendlies (M),Away,L 0–3,cr Costa Rica,jp Japan,Y,DM,45,0.0,0.0,0.0,0.0,,,0.0,0.0,,,,,,,,,,Match Report,,,,,,,,,,,,,,,,,,,,,,,,,,
09-11-2018,Tue,Friendlies (M),Friendlies (M),Away,L 0–3,cr Costa Rica,jp Japan,N,"On matchday squad, but did not play",Match Report,,,,,,,,,,,,,,,,,,,,,,,,,,,,,,,,,,,,,,,,,,,,
09-11-2018,Tue,Friendlies (M),Friendlies (M),Away,L 0–3,cr Costa Rica,jp Japan,Y,CB,66,0.0,0.0,0.0,0.0,,,0.0,0.0,,,,,,,0.0,,,Match Report,,,,,,,,,,,,,,,,,,,,,,,,,,
09-11-2018,Tue,Friendlies (M),Friendlies (M),Away,L 0–3,cr Costa Rica,jp Japan,Y*,CB,90,0.0,0.0,0.0,0.0,,,1.0,0.0,,,,,,,,,,Match Report,,,,,,,,,,,,,,,,,,,,,,,,,,
10-11-2018,Thu,Friendlies (M),Friendlies (M),Away,L 2–3,cr Costa Rica,mx Mexico,N,"On matchday squad, but did not play",Match Report,,,,,,,,,,,,,,,,,,,,,,,,,,,,,,,,,,,,,,,,,,,,
10-11-2018,Thu,Friendlies (M),Friendlies (M),Away,L 2–3,cr Costa Rica,mx Mexico,Y,LB,66,0.0,1.0,0.0,0.0,,,0.0,0.0,,,,,,,,,,Match Report,,,,,,,,,,,,,,,,,,,,,,,,,,
10-11-2018,Thu,Friendlies (M),Friendlies (M),Away,L 2–3,cr Costa Rica,mx Mexico,Y,GK,90,0.0,0.0,0.0,0.0,,,0.0,0.0,,,,,,,,,,Match Report,,,,,,,,,,,,,,,,,,,,,,,,,,
10-11-2018,Thu,Friendlies (M),Friendlies (M),Away,L 2–3,cr Costa Rica,mx Mexico,Y*,AM,61,1.0,0.0,1.0,1.0,,,0.0,0.0,,,,,,,,,,Match Report,,,,,,,,,,,,,,,,,,,,,,,,,,
10-11-2018,Thu,Friendlies (M),Friendlies (M),Away,L 2–3,cr Costa Rica,mx Mexico,Y,FW,75,1.0,0.0,0.0,0.0,,,0.0,0.0,,,,,,,,,,Match Report,,,,,,,,,,,,,,,,,,,,,,,,,,
10-11-2018,Thu,Friendlies (M),Friendlies (M),Away,L 2–3,cr Costa Rica,mx Mexico,Y,CB,90,0.0,0.0,0.0,0.0,,,1.0,0.0,,,,,,,,,,Match Report,,,,,,,,,,,,,,,,,,,,,,,,,,
10-11-2018,Thu,Friendlies (M),Friendlies (M),Away,L 2–3,cr Costa Rica,mx Mexico,Y,FW,90,0.0,0.0,0.0,0.0,,,0.0,0.0,,,,,,,,,,Match Report,,,,,,,,,,,,,,,,,,,,,,,,,,
10-11-2018,Thu,Friendlies (M),Friendlies (M),Away,L 2–3,cr Costa Rica,mx Mexico,N,"On matchday squad, but did not play",Match Report,,,,,,,,,,,,,,,,,,,,,,,,,,,,,,,,,,,,,,,,,,,,
10-11-2018,Thu,Friendlies (M),Friendlies (M),Away,L 2–3,cr Costa Rica,mx Mexico,Y,CB,90,0.0,0.0,0.0,0.0,,,0.0,0.0,,,,,,,,,,Match Report,,,,,,,,,,,,,,,,,,,,,,,,,,
16-11-2018,Fri,Friendlies (M),Friendlies (M),Away,W 3–2,cr Costa Rica,cl Chile,Y,GK,90,0.0,0.0,0.0,0.0,,,0.0,0.0,,,,,,,0.0,,,Match Report,,,,,,,,,,,,,,,,,,,,,,,,,,
16-11-2018,Fri,Friendlies (M),Friendlies (M),Away,W 3–2,cr Costa Rica,cl Chile,Y,CB,90,2.0,0.0,0.0,0.0,,,1.0,0.0,,,,,,,,,,Match Report,,,,,,,,,,,,,,,,,,,,,,,,,,
16-11-2018,Fri,Friendlies (M),Friendlies (M),Away,W 3–2,cr Costa Rica,cl Chile,Y*,CM,69,0.0,0.0,0.0,0.0,,,0.0,0.0,,,,,,,,,,Match Report,,,,,,,,,,,,,,,,,,,,,,,,,,
16-11-2018,Fri,Friendlies (M),Friendlies (M),Away,W 3–2,cr Costa Rica,cl Chile,Y,FW,81,0.0,1.0,0.0,0.0,,,0.0,0.0,,,,,,,,,,Match Report,,,,,,,,,,,,,,,,,,,,,,,,,,
16-11-2018,Fri,Friendlies (M),Friendlies (M),Away,W 3–2,cr Costa Rica,cl Chile,Y,CB,90,0.0,1.0,0.0,0.0,,,0.0,0.0,,,,,,,,,,Match Report,,,,,,,,,,,,,,,,,,,,,,,,,,
16-11-2018,Fri,Friendlies (M),Friendlies (M),Away,W 3–2,cr Costa Rica,cl Chile,Y,CM,90,0.0,0.0,0.0,0.0,,,0.0,0.0,,,,,,,,,,Match Report,,,,,,,,,,,,,,,,,,,,,,,,,,
20-11-2018,Tue,Friendlies (M),Friendlies (M),Away,W 3–2,cr Costa Rica,pe Peru,Y,DM,90,0.0,0.0,0.0,0.0,,,0.0,0.0,,,,,,,,,,Match Report,,,,,,,,,,,,,,,,,,,,,,,,,,
20-11-2018,Tue,Friendlies (M),Friendlies (M),Away,W 3–2,cr Costa Rica,pe Peru,Y,CB,90,0.0,0.0,0.0,0.0,,,0.0,0.0,,,,,,,,,,Match Report,,,,,,,,,,,,,,,,,,,,,,,,,,
20-11-2018,Tue,Friendlies (M),Friendlies (M),Away,W 3–2,cr Costa Rica,pe Peru,Y,FW,85,1.0,1.0,1.0,1.0,,,0.0,0.0,,,,,,,,,,Match Report,,,,,,,,,,,,,,,,,,,,,,,,,,
20-11-2018,Tue,Friendlies (M),Friendlies (M),Away,W 3–2,cr Costa Rica,pe Peru,Y,CB,90,0.0,0.0,0.0,0.0,,,1.0,0.0,,,,,,,,,,Match Report,,,,,,,,,,,,,,,,,,,,,,,,,,
20-11-2018,Tue,Friendlies (M),Friendlies (M),Away,W 3–2,cr Costa Rica,pe Peru,Y,GK,90,0.0,0.0,0.0,0.0,,,0.0,0.0,,,,,,,0.0,,,Match Report,,,,,,,,,,,,,,,,,,,,,,,,,,
20-11-2018,Tue,Friendlies (M),Friendlies (M),Away,W 3–2,cr Costa Rica,pe Peru,Y*,AM,58,0.0,0.0,0.0,0.0,,,0.0,0.0,,,,,,,,,,Match Report,,,,,,,,,,,,,,,,,,,,,,,,,,
02-02-2019,Sat,Friendlies (M),Friendlies (M),Away,L 0–2,cr Costa Rica,us United States,Y*,CB,90,0.0,0.0,0.0,0.0,,,0.0,0.0,,,,,,,,,,Match Report,,,,,,,,,,,,,,,,,,,,,,,,,,
02-02-2019,Sat,Friendlies (M),Friendlies (M),Away,L 0–2,cr Costa Rica,us United States,Y,GK,90,0.0,0.0,0.0,0.0,,,0.0,0.0,,,,,,,0.0,,,Match Report,,,,,,,,,,,,,,,,,,,,,,,,,,
02-02-2019,Sat,Friendlies (M),Friendlies (M),Away,L 0–2,cr Costa Rica,us United States,Y,RB,90,0.0,0.0,0.0,0.0,,,1.0,0.0,,,,,,,,,,Match Report,,,,,,,,,,,,,,,,,,,,,,,,,,
22-03-2019,Fri,Friendlies (M),Friendlies (M),Away,L 0–1,cr Costa Rica,gt Guatemala,Y,CB,90,0.0,0.0,0.0,0.0,,,1.0,0.0,,,,,,,,,,Match Report,,,,,,,,,,,,,,,,,,,,,,,,,,
22-03-2019,Fri,Friendlies (M),Friendlies (M),Away,L 0–1,cr Costa Rica,gt Guatemala,Y*,GK,90,0.0,0.0,0.0,0.0,,,0.0,0.0,,,,,,,,,,Match Report,,,,,,,,,,,,,,,,,,,,,,,,,,
22-03-2019,Fri,Friendlies (M),Friendlies (M),Away,L 0–1,cr Costa Rica,gt Guatemala,N,"On matchday squad, but did not play",Match Report,,,,,,,,,,,,,,,,,,,,,,,,,,,,,,,,,,,,,,,,,,,,
22-03-2019,Fri,Friendlies (M),Friendlies (M),Away,L 0–1,cr Costa Rica,gt Guatemala,Y,FW,80,0.0,0.0,0.0,0.0,,,0.0,0.0,,,,,,,,,,Match Report,,,,,,,,,,,,,,,,,,,,,,,,,,
22-03-2019,Fri,Friendlies (M),Friendlies (M),Away,L 0–1,cr Costa Rica,gt Guatemala,Y,CB,90,0.0,0.0,0.0,0.0,,,0.0,0.0,,,,,,,0.0,,,Match Report,,,,,,,,,,,,,,,,,,,,,,,,,,
22-03-2019,Fri,Friendlies (M),Friendlies (M),Away,L 0–1,cr Costa Rica,gt Guatemala,N,"On matchday squad, but did not play",Match Report,,,,,,,,,,,,,,,,,,,,,,,,,,,,,,,,,,,,,,,,,,,,
22-03-2019,Fri,Friendlies (M),Friendlies (M),Away,L 0–1,cr Costa Rica,gt Guatemala,N,"On matchday squad, but did not play",Match Report,,,,,,,,,,,,,,,,,,,,,,,,,,,,,,,,,,,,,,,,,,,,
22-03-2019,Fri,Friendlies (M),Friendlies (M),Away,L 0–1,cr Costa Rica,gt Guatemala,N,,31,0.0,0.0,0.0,0.0,,,0.0,0.0,,,,,,,,,,Match Report,,,,,,,,,,,,,,,,,,,,,,,,,,
22-03-2019,Fri,Friendlies (M),Friendlies (M),Away,L 0–1,cr Costa Rica,gt Guatemala,Y,DM,90,0.0,0.0,0.0,0.0,,,0.0,0.0,,,,,,,,,,Match Report,,,,,,,,,,,,,,,,,,,,,,,,,,
26-03-2019,Tue,Friendlies (M),Friendlies (M),Home,W 1–0,cr Costa Rica,jm Jamaica,N,,13,0.0,0.0,0.0,0.0,,,0.0,0.0,,,,,,,0.0,,,Match Report,,,,,,,,,,,,,,,,,,,,,,,,,,
26-03-2019,Tue,Friendlies (M),Friendlies (M),Home,W 1–0,cr Costa Rica,jm Jamaica,Y*,AM,83,0.0,0.0,0.0,0.0,,,0.0,0.0,,,,,,,,,,Match Report,,,,,,,,,,,,,,,,,,,,,,,,,,
26-03-2019,Tue,Friendlies (M),Friendlies (M),Home,W 1–0,cr Costa Rica,jm Jamaica,Y,AM,77,0.0,1.0,0.0,0.0,,,0.0,0.0,,,,,,,,,,Match Report,,,,,,,,,,,,,,,,,,,,,,,,,,
26-03-2019,Tue,Friendlies (M),Friendlies (M),Home,W 1–0,cr Costa Rica,jm Jamaica,Y,CB,77,0.0,0.0,0.0,0.0,,,0.0,0.0,,,,,,,,,,Match Report,,,,,,,,,,,,,,,,,,,,,,,,,,
26-03-2019,Tue,Friendlies (M),Friendlies (M),Home,W 1–0,cr Costa Rica,jm Jamaica,Y,RB,71,1.0,0.0,0.0,0.0,,,0.0,0.0,,,,,,,,,,Match Report,,,,,,,,,,,,,,,,,,,,,,,,,,
26-03-2019,Tue,Friendlies (M),Friendlies (M),Home,W 1–0,cr Costa Rica,jm Jamaica,Y,DM,90,0.0,0.0,0.0,0.0,,,0.0,0.0,,,,,,,,,,Match Report,,,,,,,,,,,,,,,,,,,,,,,,,,
26-03-2019,Tue,Friendlies (M),Friendlies (M),Home,W 1–0,cr Costa Rica,jm Jamaica,Y,LB,90,0.0,0.0,0.0,0.0,,,0.0,0.0,,,,,,,,,,Match Report,,,,,,,,,,,,,,,,,,,,,,,,,,
26-03-2019,Tue,Friendlies (M),Friendlies (M),Home,W 1–0,cr Costa Rica,jm Jamaica,Y,GK,90,0.0,0.0,0.0,0.0,,,0.0,0.0,,,,,,,,,,Match Report,,,,,,,,,,,,,,,,,,,,,,,,,,
06-05-2019,Wed,Friendlies (M),Friendlies (M),Away,L 0–1,cr Costa Rica,pe Peru,Y,CB,90,0.0,0.0,0.0,0.0,,,0.0,0.0,,,,,,,,,,Match Report,,,,,,,,,,,,,,,,,,,,,,,,,,
06-05-2019,Wed,Friendlies (M),Friendlies (M),Away,L 0–1,cr Costa Rica,pe Peru,Y,LB,90,0.0,0.0,0.0,0.0,,,0.0,0.0,,,,,,,,,,Match Report,,,,,,,,,,,,,,,,,,,,,,,,,,
06-05-2019,Wed,Friendlies (M),Friendlies (M),Away,L 0–1,cr Costa Rica,pe Peru,Y,LM,90,0.0,0.0,0.0,0.0,,,0.0,0.0,,,,,,,,,,Match Report,,,,,,,,,,,,,,,,,,,,,,,,,,
06-05-2019,Wed,Friendlies (M),Friendlies (M),Away,L 0–1,cr Costa Rica,pe Peru,Y,FW,73,0.0,0.0,0.0,0.0,,,0.0,0.0,,,,,,,,,,Match Report,,,,,,,,,,,,,,,,,,,,,,,,,,
06-05-2019,Wed,Friendlies (M),Friendlies (M),Away,L 0–1,cr Costa Rica,pe Peru,Y,CB,90,0.0,0.0,0.0,0.0,,,1.0,0.0,,,,,,,,,,Match Report,,,,,,,,,,,,,,,,,,,,,,,,,,
06-05-2019,Wed,Friendlies (M),Friendlies (M),Away,L 0–1,cr Costa Rica,pe Peru,N,"On matchday squad, but did not play",Match Report,,,,,,,,,,,,,,,,,,,,,,,,,,,,,,,,,,,,,,,,,,,,
06-05-2019,Wed,Friendlies (M),Friendlies (M),Away,L 0–1,cr Costa Rica,pe Peru,N,"On matchday squad, but did not play",Match Report,,,,,,,,,,,,,,,,,,,,,,,,,,,,,,,,,,,,,,,,,,,,
06-05-2019,Wed,Friendlies (M),Friendlies (M),Away,L 0–1,cr Costa Rica,pe Peru,N,"On matchday squad, but did not play",Match Report,,,,,,,,,,,,,,,,,,,,,,,,,,,,,,,,,,,,,,,,,,,,
09-06-2019,Fri,Friendlies (M),Friendlies (M),Home,L 1–2,cr Costa Rica,uy Uruguay,Y,GK,90,0.0,0.0,0.0,0.0,,,0.0,0.0,,,,,,,,,,Match Report,,,,,,,,,,,,,,,,,,,,,,,,,,
09-06-2019,Fri,Friendlies (M),Friendlies (M),Home,L 1–2,cr Costa Rica,uy Uruguay,Y*,LM,76,0.0,0.0,0.0,0.0,,,0.0,0.0,,,,,,,,,,Match Report,,,,,,,,,,,,,,,,,,,,,,,,,,
09-06-2019,Fri,Friendlies (M),Friendlies (M),Home,L 1–2,cr Costa Rica,uy Uruguay,Y,CM,90,1.0,0.0,0.0,0.0,,,0.0,0.0,,,,,,,,,,Match Report,,,,,,,,,,,,,,,,,,,,,,,,,,
09-06-2019,Fri,Friendlies (M),Friendlies (M),Home,L 1–2,cr Costa Rica,uy Uruguay,Y,FW,67,0.0,0.0,0.0,0.0,,,0.0,0.0,,,,,,,,,,Match Report,,,,,,,,,,,,,,,,,,,,,,,,,,
09-06-2019,Fri,Friendlies (M),Friendlies (M),Home,L 1–2,cr Costa Rica,uy Uruguay,Y,CB,90,0.0,0.0,0.0,0.0,,,0.0,0.0,,,,,,,,,,Match Report,,,,,,,,,,,,,,,,,,,,,,,,,,
09-06-2019,Fri,Friendlies (M),Friendlies (M),Home,L 1–2,cr Costa Rica,uy Uruguay,N,"On matchday squad, but did not play",Match Report,,,,,,,,,,,,,,,,,,,,,,,,,,,,,,,,,,,,,,,,,,,,
09-06-2019,Fri,Friendlies (M),Friendlies (M),Home,L 1–2,cr Costa Rica,uy Uruguay,Y,RB,90,0.0,0.0,0.0,0.0,,,1.0,0.0,,,,,,,,,,Match Report,,,,,,,,,,,,,,,,,,,,,,,,,,
09-06-2019,Fri,Friendlies (M),Friendlies (M),Home,L 1–2,cr Costa Rica,uy Uruguay,Y,CB,90,0.0,0.0,0.0,0.0,,,0.0,0.0,,,,,,,,,,Match Report,,,,,,,,,,,,,,,,,,,,,,,,,,
16-06-2019,Sun,Gold Cup,Group stage,Home,W 4–0,cr Costa Rica,ni Nicaragua,Y,AM,90,0.0,0.0,0.0,0.0,1.0,0.0,0.0,0.0,,,,,,2.0,,,,Match Report,,,,,,,,,,,,,,,,1.0,,,,,,,3.0,,,
16-06-2019,Sun,Gold Cup,Group stage,Home,W 4–0,cr Costa Rica,ni Nicaragua,Y,LB,90,1.0,0.0,0.0,0.0,1.0,1.0,0.0,0.0,,,,,,2.0,,,,Match Report,,,,,,,,,,,,,,,,1.0,,,,,,,3.0,,,
16-06-2019,Sun,Gold Cup,Group stage,Home,W 4–0,cr Costa Rica,ni Nicaragua,N,,31,0.0,1.0,0.0,0.0,1.0,0.0,0.0,0.0,,,,,,1.0,,,,Match Report,,,,,,,,,,,,,,,,1.0,,,,,,,3.0,,,
16-06-2019,Sun,Gold Cup,Group stage,Home,W 4–0,cr Costa Rica,ni Nicaragua,N,"On matchday squad, but did not play",Match Report,,,,,,,,,,,,,,,,,,,,,,,,,,,,,,,,,,1.0,,,,,,,3.0,,,
16-06-2019,Sun,Gold Cup,Group stage,Home,W 4–0,cr Costa Rica,ni Nicaragua,N,"On matchday squad, but did not play",Match Report,,,,,,,,,,,,,,,,,,,,,,,,,,,,,,,,,,1.0,,,,,,,3.0,,,
16-06-2019,Sun,Gold Cup,Group stage,Home,W 4–0,cr Costa Rica,ni Nicaragua,Y,CB,90,0.0,0.0,0.0,0.0,1.0,1.0,0.0,0.0,,,,,,2.0,,,,Match Report,,,,,,,,,,,,,,,,1.0,,,,,,,3.0,,,
16-06-2019,Sun,Gold Cup,Group stage,Home,W 4–0,cr Costa Rica,ni Nicaragua,Y,CB,90,0.0,0.0,0.0,0.0,1.0,1.0,1.0,0.0,,,,,,2.0,,,,Match Report,,,,,,,,,,,,,,,,1.0,,,,,,,3.0,,,
16-06-2019,Sun,Gold Cup,Group stage,Home,W 4–0,cr Costa Rica,ni Nicaragua,Y*,DM,90,1.0,0.0,0.0,0.0,2.0,1.0,0.0,0.0,,,,,,3.0,,,,Match Report,,,,,,,,,,,,,,,,1.0,,,,,,,3.0,,,
20-06-2019,Thu,Gold Cup,Group stage,Home,W 2–1,cr Costa Rica,bm Bermuda,N,"On matchday squad, but did not play",Match Report,,,,,,,,,,,,,,,,,,,,,,,,,,,,,,,,,,1.0,,,,,,,1.0,,,
20-06-2019,Thu,Gold Cup,Group stage,Home,W 2–1,cr Costa Rica,bm Bermuda,Y,CB,90,0.0,0.0,0.0,0.0,1.0,0.0,0.0,0.0,,,,,,1.0,,,,Match Report,,,,,,,,,,,,,,,,1.0,,,,,,,1.0,,,
20-06-2019,Thu,Gold Cup,Group stage,Home,W 2–1,cr Costa Rica,bm Bermuda,Y,RM,69,0.0,0.0,0.0,0.0,1.0,1.0,0.0,0.0,,,,,,0.0,,,,Match Report,,,,,,,,,,,,,,,,1.0,,,,,,,1.0,,,
20-06-2019,Thu,Gold Cup,Group stage,Home,W 2–1,cr Costa Rica,bm Bermuda,Y*,CM,90,0.0,0.0,0.0,0.0,3.0,2.0,0.0,0.0,,,,,,1.0,,,,Match Report,,,,,,,,,,,,,,,,1.0,,,,,,,1.0,,,
20-06-2019,Thu,Gold Cup,Group stage,Home,W 2–1,cr Costa Rica,bm Bermuda,N,,45,0.0,0.0,0.0,0.0,2.0,0.0,1.0,0.0,,,,,,1.0,,,,Match Report,,,,,,,,,,,,,,,,1.0,,,,,,,1.0,,,
20-06-2019,Thu,Gold Cup,Group stage,Home,W 2–1,cr Costa Rica,bm Bermuda,Y,LB,90,0.0,1.0,0.0,0.0,1.0,0.0,0.0,0.0,,,,,,0.0,,,,Match Report,,,,,,,,,,,,,,,,1.0,,,,,,,1.0,,,
20-06-2019,Thu,Gold Cup,Group stage,Home,W 2–1,cr Costa Rica,bm Bermuda,Y,CB,90,0.0,0.0,0.0,0.0,1.0,0.0,1.0,0.0,,,,,,2.0,,,,Match Report,,,,,,,,,,,,,,,,1.0,,,,,,,1.0,,,
20-06-2019,Thu,Gold Cup,Group stage,Home,W 2–1,cr Costa Rica,bm Bermuda,N,"On matchday squad, but did not play",Match Report,,,,,,,,,,,,,,,,,,,,,,,,,,,,,,,,,,1.0,,,,,,,1.0,,,
24-06-2019,Mon,Gold Cup,Group stage,Away,L 1–2,cr Costa Rica,ht Haiti,N,"On matchday squad, but did not play",Match Report,,,,,,,,,,,,,,,,,,,,,,,,,,,,,,,,,,0.0,,,,,,,0.0,,,
24-06-2019,Mon,Gold Cup,Group stage,Away,L 1–2,cr Costa Rica,ht Haiti,Y,RB,90,0.0,0.0,0.0,0.0,2.0,1.0,0.0,0.0,,,,,,2.0,,,,Match Report,,,,,,,,,,,,,,,,0.0,,,,,,,0.0,,,
24-06-2019,Mon,Gold Cup,Group stage,Away,L 1–2,cr Costa Rica,ht Haiti,Y,DM,79,0.0,0.0,0.0,0.0,1.0,0.0,0.0,0.0,,,,,,0.0,,,,Match Report,,,,,,,,,,,,,,,,0.0,,,,,,,0.0,,,
24-06-2019,Mon,Gold Cup,Group stage,Away,L 1–2,cr Costa Rica,ht Haiti,N,,21,0.0,0.0,0.0,0.0,0.0,0.0,0.0,0.0,,,,,,0.0,,,,Match Report,,,,,,,,,,,,,,,,0.0,,,,,,,0.0,,,
24-06-2019,Mon,Gold Cup,Group stage,Away,L 1–2,cr Costa Rica,ht Haiti,Y,DM,90,0.0,0.0,0.0,0.0,0.0,0.0,0.0,0.0,,,,,,2.0,,,,Match Report,,,,,,,,,,,,,,,,0.0,,,,,,,0.0,,,
24-06-2019,Mon,Gold Cup,Group stage,Away,L 1–2,cr Costa Rica,ht Haiti,N,"On matchday squad, but did not play",Match Report,,,,,,,,,,,,,,,,,,,,,,,,,,,,,,,,,,0.0,,,,,,,0.0,,,
24-06-2019,Mon,Gold Cup,Group stage,Away,L 1–2,cr Costa Rica,ht Haiti,Y*,AM,69,0.0,0.0,0.0,0.0,0.0,0.0,0.0,0.0,,,,,,0.0,,,,Match Report,,,,,,,,,,,,,,,,0.0,,,,,,,0.0,,,
24-06-2019,Mon,Gold Cup,Group stage,Away,L 1–2,cr Costa Rica,ht Haiti,Y,CB,90,0.0,0.0,0.0,0.0,0.0,0.0,0.0,0.0,,,,,,0.0,,,,Match Report,,,,,,,,,,,,,,,,0.0,,,,,,,0.0,,,
29-06-2019,Sat,Gold Cup,Quarter-finals,Away,D 1 (4)–1 (5),cr Costa Rica,mx Mexico,N,,22,0.0,0.0,0.0,0.0,0.0,0.0,0.0,0.0,,,,,,0.0,,,,Match Report,,,,,,,,,,,,,,,,1.0,,,,,,,2.0,,,
29-06-2019,Sat,Gold Cup,Quarter-finals,Away,D 1 (4)–1 (5),cr Costa Rica,mx Mexico,Y,CB,120,0.0,0.0,0.0,0.0,1.0,0.0,0.0,0.0,,,,,,1.0,,,,Match Report,,,,,,,,,,,,,,,,1.0,,,,,,,2.0,,,
29-06-2019,Sat,Gold Cup,Quarter-finals,Away,D 1 (4)–1 (5),cr Costa Rica,mx Mexico,Y,LB,98,0.0,0.0,0.0,0.0,0.0,0.0,0.0,0.0,,,,,,3.0,,,,Match Report,,,,,,,,,,,,,,,,1.0,,,,,,,2.0,,,
29-06-2019,Sat,Gold Cup,Quarter-finals,Away,D 1 (4)–1 (5),cr Costa Rica,mx Mexico,Y,RM,101,0.0,0.0,0.0,0.0,3.0,2.0,0.0,0.0,,,,,,1.0,,,,Match Report,,,,,,,,,,,,,,,,1.0,,,,,,,2.0,,,
29-06-2019,Sat,Gold Cup,Quarter-finals,Away,D 1 (4)–1 (5),cr Costa Rica,mx Mexico,Y,RB,120,0.0,0.0,0.0,0.0,0.0,0.0,1.0,0.0,,,,,,0.0,,,,Match Report,,,,,,,,,,,,,,,,1.0,,,,,,,2.0,,,
29-06-2019,Sat,Gold Cup,Quarter-finals,Away,D 1 (4)–1 (5),cr Costa Rica,mx Mexico,Y,CM,120,0.0,0.0,0.0,0.0,1.0,0.0,0.0,0.0,,,,,,2.0,,,,Match Report,,,,,,,,,,,,,,,,1.0,,,,,,,2.0,,,
29-06-2019,Sat,Gold Cup,Quarter-finals,Away,D 1 (4)–1 (5),cr Costa Rica,mx Mexico,Y,CB,120,0.0,0.0,0.0,0.0,0.0,0.0,1.0,0.0,,,,,,2.0,,,,Match Report,,,,,,,,,,,,,,,,1.0,,,,,,,2.0,,,
29-06-2019,Sat,Gold Cup,Quarter-finals,Away,D 1 (4)–1 (5),cr Costa Rica,mx Mexico,Y*,FW,110,1.0,0.0,1.0,1.0,2.0,1.0,1.0,0.0,,,,,,2.0,,,,Match Report,,,,,,,,,,,,,,,,1.0,,,,,,,2.0,,,
02-01-2020,Sat,Friendlies (M),Friendlies (M),Away,L 0–1,cr Costa Rica,us United States,Y,GK,90,0.0,0.0,0.0,0.0,,,0.0,0.0,,,,,,,0.0,,,Match Report,,,,,,,,,,,,,,,,,,,,,,,,,,
02-01-2020,Sat,Friendlies (M),Friendlies (M),Away,L 0–1,cr Costa Rica,us United States,Y,FW,77,0.0,0.0,0.0,0.0,,,0.0,0.0,,,,,,,,,,Match Report,,,,,,,,,,,,,,,,,,,,,,,,,,
02-01-2020,Sat,Friendlies (M),Friendlies (M),Away,L 0–1,cr Costa Rica,us United States,Y,RB,90,0.0,0.0,0.0,0.0,,,0.0,0.0,,,,,,,,,,Match Report,,,,,,,,,,,,,,,,,,,,,,,,,,
02-01-2020,Sat,Friendlies (M),Friendlies (M),Away,L 0–1,cr Costa Rica,us United States,N,"On matchday squad, but did not play",Match Report,,,,,,,,,,,,,,,,,,,,,,,,,,,,,,,,,,,,,,,,,,,,
10-10-2020,Sat,Friendlies (M),Friendlies (M),Home,L 0–1,cr Costa Rica,pa Panama,Y*,CB,90,0.0,0.0,0.0,0.0,,,0.0,0.0,,,,,,,,,,Match Report,,,,,,,,,,,,,,,,,,,,,,,,,,
10-10-2020,Sat,Friendlies (M),Friendlies (M),Home,L 0–1,cr Costa Rica,pa Panama,Y,DM,90,0.0,0.0,0.0,0.0,,,0.0,0.0,,,,,,,,,,Match Report,,,,,,,,,,,,,,,,,,,,,,,,,,
13-10-2020,Tue,Friendlies (M),Friendlies (M),Home,L 0–1,cr Costa Rica,pa Panama,Y*,CB,90,0.0,0.0,0.0,0.0,,,0.0,0.0,,,,,,,,,,Match Report,,,,,,,,,,,,,,,,,,,,,,,,,,
13-10-2020,Tue,Friendlies (M),Friendlies (M),Home,L 0–1,cr Costa Rica,pa Panama,Y,FW,90,0.0,0.0,0.0,0.0,,,0.0,0.0,,,,,,,,,,Match Report,,,,,,,,,,,,,,,,,,,,,,,,,,
13-11-2020,Fri,Friendlies (M),Friendlies (M),Away,D 1–1,cr Costa Rica,qa Qatar,Y,CB,90,0.0,0.0,0.0,0.0,,,0.0,0.0,,,,,,,,,,Match Report,,,,,,,,,,,,,,,,,,,,,,,,,,
13-11-2020,Fri,Friendlies (M),Friendlies (M),Away,D 1–1,cr Costa Rica,qa Qatar,Y,FW,80,1.0,0.0,0.0,0.0,,,1.0,0.0,,,,,,,,,,Match Report,,,,,,,,,,,,,,,,,,,,,,,,,,
13-11-2020,Fri,Friendlies (M),Friendlies (M),Away,D 1–1,cr Costa Rica,qa Qatar,Y,RW,80,0.0,1.0,0.0,0.0,,,0.0,0.0,,,,,,,,,,Match Report,,,,,,,,,,,,,,,,,,,,,,,,,,
13-11-2020,Fri,Friendlies (M),Friendlies (M),Away,D 1–1,cr Costa Rica,qa Qatar,Y,LB,90,0.0,0.0,0.0,0.0,,,0.0,0.0,,,,,,,,,,Match Report,,,,,,,,,,,,,,,,,,,,,,,,,,
13-11-2020,Fri,Friendlies (M),Friendlies (M),Away,D 1–1,cr Costa Rica,qa Qatar,N,"On matchday squad, but did not play",Match Report,,,,,,,,,,,,,,,,,,,,,,,,,,,,,,,,,,,,,,,,,,,,
13-11-2020,Fri,Friendlies (M),Friendlies (M),Away,D 1–1,cr Costa Rica,qa Qatar,N,"On matchday squad, but did not play",Match Report,,,,,,,,,,,,,,,,,,,,,,,,,,,,,,,,,,,,,,,,,,,,
13-11-2020,Fri,Friendlies (M),Friendlies (M),Away,D 1–1,cr Costa Rica,qa Qatar,Y*,GK,90,0.0,0.0,0.0,0.0,,,0.0,0.0,,,,,,,,,,Match Report,,,,,,,,,,,,,,,,,,,,,,,,,,
13-11-2020,Fri,Friendlies (M),Friendlies (M),Away,D 1–1,cr Costa Rica,qa Qatar,Y,CB,90,0.0,0.0,0.0,0.0,,,1.0,0.0,,,,,,,,,,Match Report,,,,,,,,,,,,,,,,,,,,,,,,,,
13-11-2020,Fri,Friendlies (M),Friendlies (M),Away,D 1–1,cr Costa Rica,qa Qatar,Y,CM,90,0.0,0.0,0.0,0.0,,,0.0,0.0,,,,,,,,,,Match Report,,,,,,,,,,,,,,,,,,,,,,,,,,
09-02-2021,Thu,WCQ,Third round,Away,D 0–0,cr Costa Rica,pa Panama,N,"On matchday squad, but did not play",Match Report,,,,,,,,,,,,,,,,,,,,,,,,,,,,,,,,,,,,,,,,,,,,
09-02-2021,Thu,WCQ,Third round,Away,D 0–0,cr Costa Rica,pa Panama,Y,GK,90,0.0,0.0,0.0,0.0,,,0.0,0.0,,,,,,,,,,Match Report,,,,,,,,,,,,,,,,,,,,,,,,,,
09-02-2021,Thu,WCQ,Third round,Away,D 0–0,cr Costa Rica,pa Panama,N,"On matchday squad, but did not play",Match Report,,,,,,,,,,,,,,,,,,,,,,,,,,,,,,,,,,,,,,,,,,,,
09-02-2021,Thu,WCQ,Third round,Away,D 0–0,cr Costa Rica,pa Panama,N,"On matchday squad, but did not play",Match Report,,,,,,,,,,,,,,,,,,,,,,,,,,,,,,,,,,,,,,,,,,,,
09-02-2021,Thu,WCQ,Third round,Away,D 0–0,cr Costa Rica,pa Panama,N,"On matchday squad, but did not play",Match Report,,,,,,,,,,,,,,,,,,,,,,,,,,,,,,,,,,,,,,,,,,,,
09-02-2021,Thu,WCQ,Third round,Away,D 0–0,cr Costa Rica,pa Panama,N,,17,0.0,0.0,0.0,0.0,,,0.0,0.0,,,,,,,,,,Match Report,,,,,,,,,,,,,,,,,,,,,,,,,,
09-02-2021,Thu,WCQ,Third round,Away,D 0–0,cr Costa Rica,pa Panama,Y,CB,90,0.0,0.0,0.0,0.0,,,0.0,0.0,,,,,,,,,,Match Report,,,,,,,,,,,,,,,,,,,,,,,,,,
09-02-2021,Thu,WCQ,Third round,Away,D 0–0,cr Costa Rica,pa Panama,N,"On matchday squad, but did not play",Match Report,,,,,,,,,,,,,,,,,,,,,,,,,,,,,,,,,,,,,,,,,,,,
09-02-2021,Thu,WCQ,Third round,Away,D 0–0,cr Costa Rica,pa Panama,Y,CB,90,0.0,0.0,0.0,0.0,,,0.0,0.0,,,,,,,,,,Match Report,,,,,,,,,,,,,,,,,,,,,,,,,,
09-02-2021,Thu,WCQ,Third round,Away,D 0–0,cr Costa Rica,pa Panama,Y,LB,90,0.0,0.0,0.0,0.0,,,0.0,0.0,,,,,,,,,,Match Report,,,,,,,,,,,,,,,,,,,,,,,,,,
09-02-2021,Thu,WCQ,Third round,Away,D 0–0,cr Costa Rica,pa Panama,Y*,CM,73,0.0,0.0,0.0,0.0,,,0.0,0.0,,,,,,,,,,Match Report,,,,,,,,,,,,,,,,,,,,,,,,,,
27-03-2021,Sat,Friendlies (M),Friendlies (M),Away,D 0–0,cr Costa Rica,ba Bosnia & Herz'na,N,"On matchday squad, but did not play",Match Report,,,,,,,,,,,,,,,,,,,,,,,,,,,,,,,,,,,,,,,,,,,,
27-03-2021,Sat,Friendlies (M),Friendlies (M),Away,D 0–0,cr Costa Rica,ba Bosnia & Herz'na,Y,LB,90,0.0,0.0,0.0,0.0,,,0.0,0.0,,,,,,,,,,Match Report,,,,,,,,,,,,,,,,,,,,,,,,,,
27-03-2021,Sat,Friendlies (M),Friendlies (M),Away,D 0–0,cr Costa Rica,ba Bosnia & Herz'na,Y,FW,90,0.0,0.0,0.0,0.0,,,1.0,0.0,,,,,,,,,,Match Report,,,,,,,,,,,,,,,,,,,,,,,,,,
27-03-2021,Sat,Friendlies (M),Friendlies (M),Away,D 0–0,cr Costa Rica,ba Bosnia & Herz'na,Y,RB,90,0.0,0.0,0.0,0.0,,,0.0,0.0,,,,,,,,,,Match Report,,,,,,,,,,,,,,,,,,,,,,,,,,
27-03-2021,Sat,Friendlies (M),Friendlies (M),Away,D 0–0,cr Costa Rica,ba Bosnia & Herz'na,Y*,CM,62,0.0,0.0,0.0,0.0,,,0.0,0.0,,,,,,,,,,Match Report,,,,,,,,,,,,,,,,,,,,,,,,,,
27-03-2021,Sat,Friendlies (M),Friendlies (M),Away,D 0–0,cr Costa Rica,ba Bosnia & Herz'na,Y,CB,90,0.0,0.0,0.0,0.0,,,0.0,0.0,,,,,,,,,,Match Report,,,,,,,,,,,,,,,,,,,,,,,,,,
27-03-2021,Sat,Friendlies (M),Friendlies (M),Away,D 0–0,cr Costa Rica,ba Bosnia & Herz'na,Y,CB,90,0.0,0.0,0.0,0.0,,,0.0,0.0,,,,,,,,,,Match Report,,,,,,,,,,,,,,,,,,,,,,,,,,
27-03-2021,Sat,Friendlies (M),Friendlies (M),Away,D 0–0,cr Costa Rica,ba Bosnia & Herz'na,Y,RW,88,0.0,0.0,0.0,0.0,,,0.0,0.0,,,,,,,,,,Match Report,,,,,,,,,,,,,,,,,,,,,,,,,,
27-03-2021,Sat,Friendlies (M),Friendlies (M),Away,D 0–0,cr Costa Rica,ba Bosnia & Herz'na,N,"On matchday squad, but did not play",Match Report,,,,,,,,,,,,,,,,,,,,,,,,,,,,,,,,,,,,,,,,,,,,
30-03-2021,Tue,Friendlies (M),Friendlies (M),Neutral,L 0–1,cr Costa Rica,mx Mexico,Y,CB,90,0.0,0.0,0.0,0.0,,,1.0,0.0,,,,,,,,,,Match Report,,,,,,,,,,,,,,,,,,,,,,,,,,
30-03-2021,Tue,Friendlies (M),Friendlies (M),Neutral,L 0–1,cr Costa Rica,mx Mexico,Y*,RB,90,0.0,0.0,0.0,0.0,,,0.0,0.0,,,,,,,,,,Match Report,,,,,,,,,,,,,,,,,,,,,,,,,,
30-03-2021,Tue,Friendlies (M),Friendlies (M),Neutral,L 0–1,cr Costa Rica,mx Mexico,Y,GK,90,0.0,0.0,0.0,0.0,,,0.0,0.0,,,,,,,,,,Match Report,,,,,,,,,,,,,,,,,,,,,,,,,,
30-03-2021,Tue,Friendlies (M),Friendlies (M),Neutral,L 0–1,cr Costa Rica,mx Mexico,Y,CB,90,0.0,0.0,0.0,0.0,,,0.0,0.0,,,,,,,,,,Match Report,,,,,,,,,,,,,,,,,,,,,,,,,,
30-03-2021,Tue,Friendlies (M),Friendlies (M),Neutral,L 0–1,cr Costa Rica,mx Mexico,Y,FW,90,0.0,0.0,0.0,0.0,,,0.0,0.0,,,,,,,,,,Match Report,,,,,,,,,,,,,,,,,,,,,,,,,,
30-03-2021,Tue,Friendlies (M),Friendlies (M),Neutral,L 0–1,cr Costa Rica,mx Mexico,Y,RW,89,0.0,0.0,0.0,0.0,,,0.0,0.0,,,,,,,,,,Match Report,,,,,,,,,,,,,,,,,,,,,,,,,,
30-03-2021,Tue,Friendlies (M),Friendlies (M),Neutral,L 0–1,cr Costa Rica,mx Mexico,N,"On matchday squad, but did not play",Match Report,,,,,,,,,,,,,,,,,,,,,,,,,,,,,,,,,,,,,,,,,,,,
30-03-2021,Tue,Friendlies (M),Friendlies (M),Neutral,L 0–1,cr Costa Rica,mx Mexico,Y,CM,80,0.0,0.0,0.0,0.0,,,0.0,0.0,,,,,,,,,,Match Report,,,,,,,,,,,,,,,,,,,,,,,,,,
30-03-2021,Tue,Friendlies (M),Friendlies (M),Neutral,L 0–1,cr Costa Rica,mx Mexico,N,"On matchday squad, but did not play",Match Report,,,,,,,,,,,,,,,,,,,,,,,,,,,,,,,,,,,,,,,,,,,,
30-03-2021,Tue,Friendlies (M),Friendlies (M),Neutral,L 0–1,cr Costa Rica,mx Mexico,Y,LB,45,0.0,0.0,0.0,0.0,,,0.0,0.0,,,,,,,,,,Match Report,,,,,,,,,,,,,,,,,,,,,,,,,,
09-05-2021,Sun,WCQ,Third round,Home,L 0–1,cr Costa Rica,mx Mexico,N,,2,0.0,0.0,0.0,0.0,,,0.0,0.0,,,,,,,,,,Match Report,,,,,,,,,,,,,,,,,,,,,,,,,,
09-05-2021,Sun,WCQ,Third round,Home,L 0–1,cr Costa Rica,mx Mexico,N,"On matchday squad, but did not play",Match Report,,,,,,,,,,,,,,,,,,,,,,,,,,,,,,,,,,,,,,,,,,,,
09-05-2021,Sun,WCQ,Third round,Home,L 0–1,cr Costa Rica,mx Mexico,Y,GK,90,0.0,0.0,0.0,0.0,,,0.0,0.0,,,,,,,,,,Match Report,,,,,,,,,,,,,,,,,,,,,,,,,,
09-05-2021,Sun,WCQ,Third round,Home,L 0–1,cr Costa Rica,mx Mexico,Y,LB,45,0.0,0.0,0.0,0.0,,,0.0,0.0,,,,,,,,,,Match Report,,,,,,,,,,,,,,,,,,,,,,,,,,
09-05-2021,Sun,WCQ,Third round,Home,L 0–1,cr Costa Rica,mx Mexico,Y,CB,90,0.0,0.0,0.0,0.0,,,1.0,0.0,,,,,,,,,,Match Report,,,,,,,,,,,,,,,,,,,,,,,,,,
09-05-2021,Sun,WCQ,Third round,Home,L 0–1,cr Costa Rica,mx Mexico,N,,45,0.0,0.0,0.0,0.0,,,0.0,0.0,,,,,,,,,,Match Report,,,,,,,,,,,,,,,,,,,,,,,,,,
09-05-2021,Sun,WCQ,Third round,Home,L 0–1,cr Costa Rica,mx Mexico,Y*,AM,80,0.0,0.0,0.0,0.0,,,0.0,0.0,,,,,,,,,,Match Report,,,,,,,,,,,,,,,,,,,,,,,,,,
09-05-2021,Sun,WCQ,Third round,Home,L 0–1,cr Costa Rica,mx Mexico,N,,10,0.0,0.0,0.0,0.0,,,0.0,0.0,,,,,,,,,,Match Report,,,,,,,,,,,,,,,,,,,,,,,,,,
09-05-2021,Sun,WCQ,Third round,Home,L 0–1,cr Costa Rica,mx Mexico,N,"On matchday squad, but did not play",Match Report,,,,,,,,,,,,,,,,,,,,,,,,,,,,,,,,,,,,,,,,,,,,
09-05-2021,Sun,WCQ,Third round,Home,L 0–1,cr Costa Rica,mx Mexico,Y,CB,90,0.0,0.0,0.0,0.0,,,0.0,0.0,,,,,,,,,,Match Report,,,,,,,,,,,,,,,,,,,,,,,,,,
09-05-2021,Sun,WCQ,Third round,Home,L 0–1,cr Costa Rica,mx Mexico,Y,DM,90,0.0,0.0,0.0,0.0,,,0.0,0.0,,,,,,,,,,Match Report,,,,,,,,,,,,,,,,,,,,,,,,,,
10-07-2021,Thu,WCQ,Third round,Away,D 0–0,cr Costa Rica,hn Honduras,Y,FW,45,0.0,0.0,0.0,0.0,,,0.0,0.0,,,,,,,,,,Match Report,,,,,,,,,,,,,,,,,,,,,,,,,,
10-07-2021,Thu,WCQ,Third round,Away,D 0–0,cr Costa Rica,hn Honduras,N,"On matchday squad, but did not play",Match Report,,,,,,,,,,,,,,,,,,,,,,,,,,,,,,,,,,,,,,,,,,,,
10-07-2021,Thu,WCQ,Third round,Away,D 0–0,cr Costa Rica,hn Honduras,N,"On matchday squad, but did not play",Match Report,,,,,,,,,,,,,,,,,,,,,,,,,,,,,,,,,,,,,,,,,,,,
10-07-2021,Thu,WCQ,Third round,Away,D 0–0,cr Costa Rica,hn Honduras,N,"On matchday squad, but did not play",Match Report,,,,,,,,,,,,,,,,,,,,,,,,,,,,,,,,,,,,,,,,,,,,
10-07-2021,Thu,WCQ,Third round,Away,D 0–0,cr Costa Rica,hn Honduras,N,,10,0.0,0.0,0.0,0.0,,,1.0,0.0,,,,,,,,,,Match Report,,,,,,,,,,,,,,,,,,,,,,,,,,
10-07-2021,Thu,WCQ,Third round,Away,D 0–0,cr Costa Rica,hn Honduras,Y,CB,90,0.0,0.0,0.0,0.0,,,0.0,0.0,,,,,,,,,,Match Report,,,,,,,,,,,,,,,,,,,,,,,,,,
10-07-2021,Thu,WCQ,Third round,Away,D 0–0,cr Costa Rica,hn Honduras,Y,FW,87,0.0,0.0,0.0,0.0,,,0.0,0.0,,,,,,,,,,Match Report,,,,,,,,,,,,,,,,,,,,,,,,,,
10-07-2021,Thu,WCQ,Third round,Away,D 0–0,cr Costa Rica,hn Honduras,Y,CM,80,0.0,0.0,0.0,0.0,,,0.0,0.0,,,,,,,,,,Match Report,,,,,,,,,,,,,,,,,,,,,,,,,,
10-07-2021,Thu,WCQ,Third round,Away,D 0–0,cr Costa Rica,hn Honduras,N,,10,0.0,0.0,0.0,0.0,,,0.0,0.0,,,,,,,0.0,,,Match Report,,,,,,,,,,,,,,,,,,,,,,,,,,
10-07-2021,Thu,WCQ,Third round,Away,D 0–0,cr Costa Rica,hn Honduras,Y*,GK,90,0.0,0.0,0.0,0.0,,,0.0,0.0,,,,,,,,,,Match Report,,,,,,,,,,,,,,,,,,,,,,,,,,
10-07-2021,Thu,WCQ,Third round,Away,D 0–0,cr Costa Rica,hn Honduras,N,"On matchday squad, but did not play",Match Report,,,,,,,,,,,,,,,,,,,,,,,,,,,,,,,,,,,,,,,,,,,,
10-07-2021,Thu,WCQ,Third round,Away,D 0–0,cr Costa Rica,hn Honduras,Y,CB,90,0.0,0.0,0.0,0.0,,,0.0,0.0,,,,,,,,,,Match Report,,,,,,,,,,,,,,,,,,,,,,,,,,
10-07-2021,Thu,WCQ,Third round,Away,D 0–0,cr Costa Rica,hn Honduras,Y,CB,90,0.0,0.0,0.0,0.0,,,0.0,0.0,,,,,,,,,,Match Report,,,,,,,,,,,,,,,,,,,,,,,,,,
16-07-2021,Fri,Gold Cup,Group stage,Away,W 2–1,cr Costa Rica,sr Suriname,Y*,AM,90,1.0,0.0,0.0,0.0,2.0,1.0,0.0,0.0,,,,,,0.0,,,,Match Report,,,,,,,,,,,,,,,,,,,,,,,,,,
16-07-2021,Fri,Gold Cup,Group stage,Away,W 2–1,cr Costa Rica,sr Suriname,N,"On matchday squad, but did not play",Match Report,,,,,,,,,,,,,,,,,,,,,,,,,,,,,,,,,,,,,,,,,,,,
16-07-2021,Fri,Gold Cup,Group stage,Away,W 2–1,cr Costa Rica,sr Suriname,N,"On matchday squad, but did not play",Match Report,,,,,,,,,,,,,,,,,,,,,,,,,,,,,,,,,,,,,,,,,,,,
16-07-2021,Fri,Gold Cup,Group stage,Away,W 2–1,cr Costa Rica,sr Suriname,Y,RB,90,0.0,0.0,0.0,0.0,1.0,0.0,0.0,0.0,,,,,,3.0,,,,Match Report,,,,,,,,,,,,,,,,,,,,,,,,,,
16-07-2021,Fri,Gold Cup,Group stage,Away,W 2–1,cr Costa Rica,sr Suriname,Y,RW,86,1.0,0.0,0.0,0.0,4.0,2.0,0.0,0.0,,,,,,0.0,,,,Match Report,,,,,,,,,,,,,,,,,,,,,,,,,,
16-07-2021,Fri,Gold Cup,Group stage,Away,W 2–1,cr Costa Rica,sr Suriname,Y,CB,84,0.0,0.0,0.0,0.0,1.0,0.0,1.0,1.0,,,,,,1.0,,,,Match Report,,,,,,,,,,,,,,,,,,,,,,,,,,
16-07-2021,Fri,Gold Cup,Group stage,Away,W 2–1,cr Costa Rica,sr Suriname,Y,GK,90,0.0,0.0,0.0,0.0,0.0,0.0,1.0,0.0,1.0,0.0,0.0,0.0,0.0,0.0,0.0,,,Match Report,,,,,,,,,,,,,,,,,,,,,,,,,,
16-07-2021,Fri,Gold Cup,Group stage,Away,W 2–1,cr Costa Rica,sr Suriname,N,"On matchday squad, but did not play",Match Report,,,,,,,,,,,,,,,,,,,,,,,,,,,,,,,,,,,,,,,,,,,,
16-07-2021,Fri,Gold Cup,Group stage,Away,W 2–1,cr Costa Rica,sr Suriname,Y,AM,89,0.0,0.0,0.0,0.0,0.0,0.0,0.0,0.0,,,,,,2.0,,,,Match Report,,,,,,,,,,,,,,,,,,,,,,,,,,
16-07-2021,Fri,Gold Cup,Group stage,Away,W 2–1,cr Costa Rica,sr Suriname,N,,4,0.0,0.0,0.0,0.0,0.0,0.0,1.0,0.0,,,,,,0.0,,,,Match Report,,,,,,,,,,,,,,,,,,,,,,,,,,
20-07-2021,Tue,Gold Cup,Group stage,Home,W 1–0,cr Costa Rica,jm Jamaica,Y,CB,90,0.0,0.0,0.0,0.0,0.0,0.0,0.0,0.0,,,,,,1.0,,,,Match Report,,,,,,,,,,,,,,,,1.0,,,,,,,0.0,,,
20-07-2021,Tue,Gold Cup,Group stage,Home,W 1–0,cr Costa Rica,jm Jamaica,N,,17,0.0,0.0,0.0,0.0,0.0,0.0,0.0,0.0,0.0,0.0,0.0,0.0,0.0,0.0,0.0,,,Match Report,,,,,,,,,,,,,,,,1.0,,,,,,,0.0,,,
20-07-2021,Tue,Gold Cup,Group stage,Home,W 1–0,cr Costa Rica,jm Jamaica,N,,26,0.0,0.0,0.0,0.0,0.0,0.0,0.0,0.0,,,,,,0.0,,,,Match Report,,,,,,,,,,,,,,,,1.0,,,,,,,0.0,,,
20-07-2021,Tue,Gold Cup,Group stage,Home,W 1–0,cr Costa Rica,jm Jamaica,Y*,CM,64,1.0,0.0,0.0,0.0,1.0,1.0,0.0,0.0,,,,,,1.0,,,,Match Report,,,,,,,,,,,,,,,,1.0,,,,,,,0.0,,,
20-07-2021,Tue,Gold Cup,Group stage,Home,W 1–0,cr Costa Rica,jm Jamaica,Y,FW,90,0.0,0.0,0.0,0.0,1.0,0.0,0.0,0.0,,,,,,0.0,,,,Match Report,,,,,,,,,,,,,,,,1.0,,,,,,,0.0,,,
20-07-2021,Tue,Gold Cup,Group stage,Home,W 1–0,cr Costa Rica,jm Jamaica,Y,LB,90,0.0,0.0,0.0,0.0,0.0,0.0,0.0,0.0,,,,,,1.0,,,,Match Report,,,,,,,,,,,,,,,,1.0,,,,,,,0.0,,,
20-07-2021,Tue,Gold Cup,Group stage,Home,W 1–0,cr Costa Rica,jm Jamaica,N,,26,0.0,0.0,0.0,0.0,0.0,0.0,0.0,0.0,,,,,,0.0,,,,Match Report,,,,,,,,,,,,,,,,1.0,,,,,,,0.0,,,
20-07-2021,Tue,Gold Cup,Group stage,Home,W 1–0,cr Costa Rica,jm Jamaica,N,"On matchday squad, but did not play",Match Report,,,,,,,,,,,,,,,,,,,,,,,,,,,,,,,,,,1.0,,,,,,,0.0,,,
25-07-2021,Sun,Gold Cup,Quarter-finals,Home,L 0–2,cr Costa Rica,ca Canada,Y,GK,90,0.0,0.0,0.0,0.0,0.0,0.0,0.0,0.0,0.0,0.0,0.0,0.0,0.0,0.0,0.0,,,Match Report,,,,,,,,,,,,,,,,0.0,,,,,,,0.0,,,
25-07-2021,Sun,Gold Cup,Quarter-finals,Home,L 0–2,cr Costa Rica,ca Canada,Y*,CM,89,0.0,0.0,0.0,0.0,0.0,0.0,0.0,0.0,,,,,,1.0,,,,Match Report,,,,,,,,,,,,,,,,0.0,,,,,,,0.0,,,
25-07-2021,Sun,Gold Cup,Quarter-finals,Home,L 0–2,cr Costa Rica,ca Canada,N,,45,0.0,0.0,0.0,0.0,1.0,0.0,0.0,0.0,,,,,,0.0,,,,Match Report,,,,,,,,,,,,,,,,0.0,,,,,,,0.0,,,
25-07-2021,Sun,Gold Cup,Quarter-finals,Home,L 0–2,cr Costa Rica,ca Canada,Y,FW,90,0.0,0.0,0.0,0.0,0.0,0.0,0.0,0.0,,,,,,0.0,,,,Match Report,,,,,,,,,,,,,,,,0.0,,,,,,,0.0,,,
25-07-2021,Sun,Gold Cup,Quarter-finals,Home,L 0–2,cr Costa Rica,ca Canada,Y,CB,90,0.0,0.0,0.0,0.0,0.0,0.0,0.0,0.0,,,,,,3.0,,,,Match Report,,,,,,,,,,,,,,,,0.0,,,,,,,0.0,,,
25-07-2021,Sun,Gold Cup,Quarter-finals,Home,L 0–2,cr Costa Rica,ca Canada,Y,CB,90,0.0,0.0,0.0,0.0,1.0,0.0,0.0,0.0,,,,,,2.0,,,,Match Report,,,,,,,,,,,,,,,,0.0,,,,,,,0.0,,,
25-07-2021,Sun,Gold Cup,Quarter-finals,Home,L 0–2,cr Costa Rica,ca Canada,Y,CM,45,0.0,0.0,0.0,0.0,1.0,0.0,0.0,0.0,,,,,,0.0,,,,Match Report,,,,,,,,,,,,,,,,0.0,,,,,,,0.0,,,
25-07-2021,Sun,Gold Cup,Quarter-finals,Home,L 0–2,cr Costa Rica,ca Canada,N,"On matchday squad, but did not play",Match Report,,,,,,,,,,,,,,,,,,,,,,,,,,,,,,,,,,0.0,,,,,,,0.0,,,
25-07-2021,Sun,Gold Cup,Quarter-finals,Home,L 0–2,cr Costa Rica,ca Canada,Y,RB,90,0.0,0.0,0.0,0.0,0.0,0.0,0.0,0.0,,,,,,0.0,,,,Match Report,,,,,,,,,,,,,,,,0.0,,,,,,,0.0,,,
09-08-2021,Wed,WCQ,Third round,Home,D 1–1,cr Costa Rica,jm Jamaica,Y,AM,90,0.0,0.0,0.0,0.0,,,0.0,0.0,,,,,,,,,,Match Report,,,,,,,,,,,,,,,,,,,,,,,,,,
09-08-2021,Wed,WCQ,Third round,Home,D 1–1,cr Costa Rica,jm Jamaica,Y*,AM,90,0.0,0.0,0.0,0.0,,,1.0,0.0,,,,,,,,,,Match Report,,,,,,,,,,,,,,,,,,,,,,,,,,
09-08-2021,Wed,WCQ,Third round,Home,D 1–1,cr Costa Rica,jm Jamaica,N,"On matchday squad, but did not play",Match Report,,,,,,,,,,,,,,,,,,,,,,,,,,,,,,,,,,,,,,,,,,,,
09-08-2021,Wed,WCQ,Third round,Home,D 1–1,cr Costa Rica,jm Jamaica,Y,CB,89,0.0,0.0,0.0,0.0,,,0.0,0.0,,,,,,,,,,Match Report,,,,,,,,,,,,,,,,,,,,,,,,,,
09-08-2021,Wed,WCQ,Third round,Home,D 1–1,cr Costa Rica,jm Jamaica,Y,GK,90,0.0,0.0,0.0,0.0,,,0.0,0.0,,,,,,,,,,Match Report,,,,,,,,,,,,,,,,,,,,,,,,,,
09-08-2021,Wed,WCQ,Third round,Home,D 1–1,cr Costa Rica,jm Jamaica,N,"On matchday squad, but did not play",Match Report,,,,,,,,,,,,,,,,,,,,,,,,,,,,,,,,,,,,,,,,,,,,
09-08-2021,Wed,WCQ,Third round,Home,D 1–1,cr Costa Rica,jm Jamaica,N,"On matchday squad, but did not play",Match Report,,,,,,,,,,,,,,,,,,,,,,,,,,,,,,,,,,,,,,,,,,,,
09-08-2021,Wed,WCQ,Third round,Home,D 1–1,cr Costa Rica,jm Jamaica,Y,LB,89,0.0,0.0,0.0,0.0,,,0.0,0.0,,,,,,,,,,Match Report,,,,,,,,,,,,,,,,,,,,,,,,,,
09-08-2021,Wed,WCQ,Third round,Home,D 1–1,cr Costa Rica,jm Jamaica,N,,1,0.0,0.0,0.0,0.0,,,0.0,0.0,,,,,,,,,,Match Report,,,,,,,,,,,,,,,,,,,,,,,,,,
09-08-2021,Wed,WCQ,Third round,Home,D 1–1,cr Costa Rica,jm Jamaica,Y,DM,81,0.0,0.0,0.0,0.0,,,0.0,0.0,,,,,,,,,,Match Report,,,,,,,,,,,,,,,,,,,,,,,,,,
09-08-2021,Wed,WCQ,Third round,Home,D 1–1,cr Costa Rica,jm Jamaica,N,"On matchday squad, but did not play",Match Report,,,,,,,,,,,,,,,,,,,,,,,,,,,,,,,,,,,,,,,,,,,,
09-08-2021,Wed,WCQ,Third round,Home,D 1–1,cr Costa Rica,jm Jamaica,Y,CB,90,0.0,0.0,0.0,0.0,,,0.0,0.0,,,,,,,,,,Match Report,,,,,,,,,,,,,,,,,,,,,,,,,,
21-08-2021,Sat,Friendlies (M),Friendlies (M),Away,D 0–0,cr Costa Rica,sv El Salvador,Y,AM,62,0.0,0.0,0.0,0.0,,,1.0,0.0,,,,,,,,,,Match Report,,,,,,,,,,,,,,,,,,,,,,,,,,
21-08-2021,Sat,Friendlies (M),Friendlies (M),Away,D 0–0,cr Costa Rica,sv El Salvador,Y*,CB,90,0.0,0.0,0.0,0.0,,,0.0,0.0,,,,,,,,,,Match Report,,,,,,,,,,,,,,,,,,,,,,,,,,
21-08-2021,Sat,Friendlies (M),Friendlies (M),Away,D 0–0,cr Costa Rica,sv El Salvador,Y,LB,90,0.0,0.0,0.0,0.0,,,0.0,0.0,,,,,,,,,,Match Report,,,,,,,,,,,,,,,,,,,,,,,,,,
21-08-2021,Sat,Friendlies (M),Friendlies (M),Away,D 0–0,cr Costa Rica,sv El Salvador,Y,RW,62,0.0,0.0,0.0,0.0,,,0.0,0.0,,,,,,,,,,Match Report,,,,,,,,,,,,,,,,,,,,,,,,,,
21-08-2021,Sat,Friendlies (M),Friendlies (M),Away,D 0–0,cr Costa Rica,sv El Salvador,Y,GK,90,0.0,0.0,0.0,0.0,,,0.0,0.0,,,,,,,0.0,,,Match Report,,,,,,,,,,,,,,,,,,,,,,,,,,
06-09-2021,Wed,Friendlies (M),Friendlies (M),Away,L 0–4,cr Costa Rica,us United States,Y,FW,63,0.0,0.0,0.0,0.0,,,0.0,0.0,,,,,,,,,,Match Report,,,,,,,,,,,,,,,,,,,,,,,,,,
06-09-2021,Wed,Friendlies (M),Friendlies (M),Away,L 0–4,cr Costa Rica,us United States,N,"On matchday squad, but did not play",Match Report,,,,,,,,,,,,,,,,,,,,,,,,,,,,,,,,,,,,,,,,,,,,
06-09-2021,Wed,Friendlies (M),Friendlies (M),Away,L 0–4,cr Costa Rica,us United States,Y*,CB,90,0.0,0.0,0.0,0.0,,,0.0,0.0,,,,,,,,,,Match Report,,,,,,,,,,,,,,,,,,,,,,,,,,
06-09-2021,Wed,Friendlies (M),Friendlies (M),Away,L 0–4,cr Costa Rica,us United States,N,,16,0.0,0.0,0.0,0.0,,,0.0,0.0,,,,,,,,,,Match Report,,,,,,,,,,,,,,,,,,,,,,,,,,
06-09-2021,Wed,Friendlies (M),Friendlies (M),Away,L 0–4,cr Costa Rica,us United States,N,,45,0.0,0.0,0.0,0.0,,,0.0,0.0,,,,,,,,,,Match Report,,,,,,,,,,,,,,,,,,,,,,,,,,
06-09-2021,Wed,Friendlies (M),Friendlies (M),Away,L 0–4,cr Costa Rica,us United States,Y,CM,45,0.0,0.0,0.0,0.0,,,0.0,0.0,,,,,,,0.0,,,Match Report,,,,,,,,,,,,,,,,,,,,,,,,,,
06-09-2021,Wed,Friendlies (M),Friendlies (M),Away,L 0–4,cr Costa Rica,us United States,Y,FW,63,0.0,0.0,0.0,0.0,,,0.0,0.0,,,,,,,,,,Match Report,,,,,,,,,,,,,,,,,,,,,,,,,,
06-09-2021,Wed,Friendlies (M),Friendlies (M),Away,L 0–4,cr Costa Rica,us United States,Y,RB,90,0.0,0.0,0.0,0.0,,,1.0,0.0,,,,,,,,,,Match Report,,,,,,,,,,,,,,,,,,,,,,,,,,
10-10-2021,Sun,WCQ,Third round,Home,W 2–1,cr Costa Rica,sv El Salvador,Y,AM,61,0.0,0.0,0.0,0.0,,,0.0,0.0,,,,,,,,,,Match Report,,,,,,,,,,,,,,,,,,,,,,,,,,
10-10-2021,Sun,WCQ,Third round,Home,W 2–1,cr Costa Rica,sv El Salvador,Y,GK,90,0.0,0.0,0.0,0.0,,,0.0,0.0,,,,,,,,,,Match Report,,,,,,,,,,,,,,,,,,,,,,,,,,
10-10-2021,Sun,WCQ,Third round,Home,W 2–1,cr Costa Rica,sv El Salvador,Y,CB,90,0.0,0.0,0.0,0.0,,,0.0,0.0,,,,,,,,,,Match Report,,,,,,,,,,,,,,,,,,,,,,,,,,
10-10-2021,Sun,WCQ,Third round,Home,W 2–1,cr Costa Rica,sv El Salvador,Y,DM,86,1.0,1.0,1.0,1.0,,,1.0,0.0,,,,,,,,,,Match Report,,,,,,,,,,,,,,,,,,,,,,,,,,
10-10-2021,Sun,WCQ,Third round,Home,W 2–1,cr Costa Rica,sv El Salvador,Y*,AM,74,1.0,0.0,0.0,0.0,,,0.0,0.0,,,,,,,,,,Match Report,,,,,,,,,,,,,,,,,,,,,,,,,,
10-10-2021,Sun,WCQ,Third round,Home,W 2–1,cr Costa Rica,sv El Salvador,N,"On matchday squad, but did not play",Match Report,,,,,,,,,,,,,,,,,,,,,,,,,,,,,,,,,,,,,,,,,,,,
10-10-2021,Sun,WCQ,Third round,Home,W 2–1,cr Costa Rica,sv El Salvador,Y,CB,90,0.0,0.0,0.0,0.0,,,0.0,0.0,,,,,,,,,,Match Report,,,,,,,,,,,,,,,,,,,,,,,,,,
10-10-2021,Sun,WCQ,Third round,Home,W 2–1,cr Costa Rica,sv El Salvador,N,"On matchday squad, but did not play",Match Report,,,,,,,,,,,,,,,,,,,,,,,,,,,,,,,,,,,,,,,,,,,,
10-10-2021,Sun,WCQ,Third round,Home,W 2–1,cr Costa Rica,sv El Salvador,N,"On matchday squad, but did not play",Match Report,,,,,,,,,,,,,,,,,,,,,,,,,,,,,,,,,,,,,,,,,,,,
10-10-2021,Sun,WCQ,Third round,Home,W 2–1,cr Costa Rica,sv El Salvador,N,,16,0.0,0.0,0.0,0.0,,,0.0,0.0,,,,,,,,,,Match Report,,,,,,,,,,,,,,,,,,,,,,,,,,
10-10-2021,Sun,WCQ,Third round,Home,W 2–1,cr Costa Rica,sv El Salvador,N,,4,0.0,0.0,0.0,0.0,,,0.0,0.0,,,,,,,0.0,,,Match Report,,,,,,,,,,,,,,,,,,,,,,,,,,
10-10-2021,Sun,WCQ,Third round,Home,W 2–1,cr Costa Rica,sv El Salvador,Y,AM,90,0.0,0.0,0.0,0.0,,,0.0,0.0,,,,,,,,,,Match Report,,,,,,,,,,,,,,,,,,,,,,,,,,
10-10-2021,Sun,WCQ,Third round,Home,W 2–1,cr Costa Rica,sv El Salvador,Y,RB,90,0.0,0.0,0.0,0.0,,,0.0,0.0,,,,,,,,,,Match Report,,,,,,,,,,,,,,,,,,,,,,,,,,
13-10-2021,Wed,WCQ,Third round,Away,L 1–2,cr Costa Rica,us United States,Y,CB,83,0.0,0.0,0.0,0.0,,,0.0,0.0,,,,,,,,,,Match Report,,,,,,,,,,,,,,,,,,,,,,,,,,
13-10-2021,Wed,WCQ,Third round,Away,L 1–2,cr Costa Rica,us United States,N,"On matchday squad, but did not play",Match Report,,,,,,,,,,,,,,,,,,,,,,,,,,,,,,,,,,,,,,,,,,,,
13-10-2021,Wed,WCQ,Third round,Away,L 1–2,cr Costa Rica,us United States,Y,CB,90,0.0,0.0,0.0,0.0,,,0.0,0.0,,,,,,,,,,Match Report,,,,,,,,,,,,,,,,,,,,,,,,,,
13-10-2021,Wed,WCQ,Third round,Away,L 1–2,cr Costa Rica,us United States,N,"On matchday squad, but did not play",Match Report,,,,,,,,,,,,,,,,,,,,,,,,,,,,,,,,,,,,,,,,,,,,
13-10-2021,Wed,WCQ,Third round,Away,L 1–2,cr Costa Rica,us United States,Y,GK,45,0.0,0.0,0.0,0.0,,,0.0,0.0,,,,,,,,,,Match Report,,,,,,,,,,,,,,,,,,,,,,,,,,
13-10-2021,Wed,WCQ,Third round,Away,L 1–2,cr Costa Rica,us United States,Y,FW,83,0.0,0.0,0.0,0.0,,,0.0,0.0,,,,,,,,,,Match Report,,,,,,,,,,,,,,,,,,,,,,,,,,
13-10-2021,Wed,WCQ,Third round,Away,L 1–2,cr Costa Rica,us United States,Y*,LW,90,0.0,0.0,0.0,0.0,,,0.0,0.0,,,,,,,,,,Match Report,,,,,,,,,,,,,,,,,,,,,,,,,,
13-10-2021,Wed,WCQ,Third round,Away,L 1–2,cr Costa Rica,us United States,Y,CM,90,0.0,0.0,0.0,0.0,,,0.0,0.0,,,,,,,,,,Match Report,,,,,,,,,,,,,,,,,,,,,,,,,,
13-10-2021,Wed,WCQ,Third round,Away,L 1–2,cr Costa Rica,us United States,N,,7,0.0,0.0,0.0,0.0,,,0.0,0.0,,,,,,,,,,Match Report,,,,,,,,,,,,,,,,,,,,,,,,,,
13-10-2021,Wed,WCQ,Third round,Away,L 1–2,cr Costa Rica,us United States,N,"On matchday squad, but did not play",Match Report,,,,,,,,,,,,,,,,,,,,,,,,,,,,,,,,,,,,,,,,,,,,
13-10-2021,Wed,WCQ,Third round,Away,L 1–2,cr Costa Rica,us United States,Y,RW,83,1.0,0.0,0.0,0.0,,,0.0,0.0,,,,,,,,,,Match Report,,,,,,,,,,,,,,,,,,,,,,,,,,
13-10-2021,Wed,WCQ,Third round,Away,L 1–2,cr Costa Rica,us United States,N,"On matchday squad, but did not play",Match Report,,,,,,,,,,,,,,,,,,,,,,,,,,,,,,,,,,,,,,,,,,,,
16-11-2021,Tue,WCQ,Third round,Home,W 2–1,cr Costa Rica,hn Honduras,N,,24,0.0,0.0,0.0,0.0,,,0.0,0.0,,,,,,,,,,Match Report,,,,,,,,,,,,,,,,,,,,,,,,,,
16-11-2021,Tue,WCQ,Third round,Home,W 2–1,cr Costa Rica,hn Honduras,Y*,GK,90,0.0,0.0,0.0,0.0,,,0.0,0.0,,,,,,,,,,Match Report,,,,,,,,,,,,,,,,,,,,,,,,,,
16-11-2021,Tue,WCQ,Third round,Home,W 2–1,cr Costa Rica,hn Honduras,N,"On matchday squad, but did not play",Match Report,,,,,,,,,,,,,,,,,,,,,,,,,,,,,,,,,,,,,,,,,,,,
16-11-2021,Tue,WCQ,Third round,Home,W 2–1,cr Costa Rica,hn Honduras,N,,13,1.0,0.0,0.0,0.0,,,0.0,0.0,,,,,,,0.0,,,Match Report,,,,,,,,,,,,,,,,,,,,,,,,,,
16-11-2021,Tue,WCQ,Third round,Home,W 2–1,cr Costa Rica,hn Honduras,Y,AM,77,0.0,0.0,0.0,0.0,,,0.0,0.0,,,,,,,,,,Match Report,,,,,,,,,,,,,,,,,,,,,,,,,,
16-11-2021,Tue,WCQ,Third round,Home,W 2–1,cr Costa Rica,hn Honduras,Y,CB,90,0.0,0.0,0.0,0.0,,,0.0,0.0,,,,,,,,,,Match Report,,,,,,,,,,,,,,,,,,,,,,,,,,
16-11-2021,Tue,WCQ,Third round,Home,W 2–1,cr Costa Rica,hn Honduras,Y,DM,66,0.0,0.0,0.0,0.0,,,0.0,0.0,,,,,,,0.0,,,Match Report,,,,,,,,,,,,,,,,,,,,,,,,,,
16-11-2021,Tue,WCQ,Third round,Home,W 2–1,cr Costa Rica,hn Honduras,N,"On matchday squad, but did not play",Match Report,,,,,,,,,,,,,,,,,,,,,,,,,,,,,,,,,,,,,,,,,,,,
16-11-2021,Tue,WCQ,Third round,Home,W 2–1,cr Costa Rica,hn Honduras,Y,AM,45,0.0,0.0,0.0,0.0,,,0.0,0.0,,,,,,,0.0,,,Match Report,,,,,,,,,,,,,,,,,,,,,,,,,,
16-11-2021,Tue,WCQ,Third round,Home,W 2–1,cr Costa Rica,hn Honduras,Y,AM,90,0.0,1.0,0.0,0.0,,,1.0,0.0,,,,,,,,,,Match Report,,,,,,,,,,,,,,,,,,,,,,,,,,
16-11-2021,Tue,WCQ,Third round,Home,W 2–1,cr Costa Rica,hn Honduras,N,"On matchday squad, but did not play",Match Report,,,,,,,,,,,,,,,,,,,,,,,,,,,,,,,,,,,,,,,,,,,,
16-11-2021,Tue,WCQ,Third round,Home,W 2–1,cr Costa Rica,hn Honduras,N,,23,0.0,0.0,0.0,0.0,,,0.0,0.0,,,,,,,,,,Match Report,,,,,,,,,,,,,,,,,,,,,,,,,,
16-11-2021,Tue,WCQ,Third round,Home,W 2–1,cr Costa Rica,hn Honduras,Y,CB,90,1.0,0.0,0.0,0.0,,,0.0,0.0,,,,,,,,,,Match Report,,,,,,,,,,,,,,,,,,,,,,,,,,
16-11-2021,Tue,WCQ,Third round,Home,W 2–1,cr Costa Rica,hn Honduras,N,,45,0.0,0.0,0.0,0.0,,,0.0,0.0,,,,,,,,,,Match Report,,,,,,,,,,,,,,,,,,,,,,,,,,
16-11-2021,Tue,WCQ,Third round,Home,W 2–1,cr Costa Rica,hn Honduras,N,,6,0.0,0.0,0.0,0.0,,,0.0,0.0,,,,,,,,,,Match Report,,,,,,,,,,,,,,,,,,,,,,,,,,
16-11-2021,Tue,WCQ,Third round,Home,W 2–1,cr Costa Rica,hn Honduras,Y,RB,90,0.0,0.0,0.0,0.0,,,0.0,0.0,,,,,,,,,,Match Report,,,,,,,,,,,,,,,,,,,,,,,,,,
16-11-2021,Tue,WCQ,Third round,Home,W 2–1,cr Costa Rica,hn Honduras,N,"On matchday squad, but did not play",Match Report,,,,,,,,,,,,,,,,,,,,,,,,,,,,,,,,,,,,,,,,,,,,
07-12-2021,Mon,Gold Cup,Group stage,Home,W 3–1,cr Costa Rica,gp Guadeloupe,Y,CB,88,0.0,0.0,0.0,0.0,1.0,1.0,1.0,0.0,,,,,,1.0,,,,Match Report,,,,,,,,,,,,,,,,,,,,,,,,,,
07-12-2021,Mon,Gold Cup,Group stage,Home,W 3–1,cr Costa Rica,gp Guadeloupe,N,"On matchday squad, but did not play",Match Report,,,,,,,,,,,,,,,,,,,,,,,,,,,,,,,,,,,,,,,,,,,,
07-12-2021,Mon,Gold Cup,Group stage,Home,W 3–1,cr Costa Rica,gp Guadeloupe,Y,RB,90,0.0,0.0,0.0,0.0,0.0,0.0,0.0,0.0,,,,,,1.0,,,,Match Report,,,,,,,,,,,,,,,,,,,,,,,,,,
07-12-2021,Mon,Gold Cup,Group stage,Home,W 3–1,cr Costa Rica,gp Guadeloupe,Y,DM,90,1.0,0.0,0.0,0.0,1.0,1.0,0.0,0.0,,,,,,1.0,,,,Match Report,,,,,,,,,,,,,,,,,,,,,,,,,,
07-12-2021,Mon,Gold Cup,Group stage,Home,W 3–1,cr Costa Rica,gp Guadeloupe,N,"On matchday squad, but did not play",Match Report,,,,,,,,,,,,,,,,,,,,,,,,,,,,,,,,,,,,,,,,,,,,
07-12-2021,Mon,Gold Cup,Group stage,Home,W 3–1,cr Costa Rica,gp Guadeloupe,N,"On matchday squad, but did not play",Match Report,,,,,,,,,,,,,,,,,,,,,,,,,,,,,,,,,,,,,,,,,,,,
07-12-2021,Mon,Gold Cup,Group stage,Home,W 3–1,cr Costa Rica,gp Guadeloupe,Y*,AM,62,0.0,0.0,0.0,0.0,0.0,0.0,0.0,0.0,,,,,,0.0,,,,Match Report,,,,,,,,,,,,,,,,,,,,,,,,,,
07-12-2021,Mon,Gold Cup,Group stage,Home,W 3–1,cr Costa Rica,gp Guadeloupe,Y,AM,90,1.0,1.0,0.0,0.0,3.0,1.0,0.0,0.0,,,,,,0.0,,,,Match Report,,,,,,,,,,,,,,,,,,,,,,,,,,
07-12-2021,Mon,Gold Cup,Group stage,Home,W 3–1,cr Costa Rica,gp Guadeloupe,Y,CB,90,0.0,0.0,0.0,0.0,1.0,0.0,0.0,0.0,,,,,,2.0,,,,Match Report,,,,,,,,,,,,,,,,,,,,,,,,,,
07-12-2021,Mon,Gold Cup,Group stage,Home,W 3–1,cr Costa Rica,gp Guadeloupe,N,,28,0.0,0.0,0.0,0.0,0.0,0.0,1.0,0.0,,,,,,1.0,,,,Match Report,,,,,,,,,,,,,,,,,,,,,,,,,,
11-12-2021,Fri,WCQ,Third round,Away,L 0–1,cr Costa Rica,ca Canada,N,,8,0.0,0.0,0.0,0.0,,,0.0,0.0,,,,,,,0.0,,,Match Report,,,,,,,,,,,,,,,,,,,,,,,,,,
11-12-2021,Fri,WCQ,Third round,Away,L 0–1,cr Costa Rica,ca Canada,Y*,CB,90,0.0,0.0,0.0,0.0,,,0.0,0.0,,,,,,,,,,Match Report,,,,,,,,,,,,,,,,,,,,,,,,,,
11-12-2021,Fri,WCQ,Third round,Away,L 0–1,cr Costa Rica,ca Canada,Y,LB,90,0.0,0.0,0.0,0.0,,,0.0,0.0,,,,,,,,,,Match Report,,,,,,,,,,,,,,,,,,,,,,,,,,
11-12-2021,Fri,WCQ,Third round,Away,L 0–1,cr Costa Rica,ca Canada,N,"On matchday squad, but did not play",Match Report,,,,,,,,,,,,,,,,,,,,,,,,,,,,,,,,,,,,,,,,,,,,
11-12-2021,Fri,WCQ,Third round,Away,L 0–1,cr Costa Rica,ca Canada,N,,16,0.0,0.0,0.0,0.0,,,0.0,0.0,,,,,,,,,,Match Report,,,,,,,,,,,,,,,,,,,,,,,,,,
11-12-2021,Fri,WCQ,Third round,Away,L 0–1,cr Costa Rica,ca Canada,N,"On matchday squad, but did not play",Match Report,,,,,,,,,,,,,,,,,,,,,,,,,,,,,,,,,,,,,,,,,,,,
11-12-2021,Fri,WCQ,Third round,Away,L 0–1,cr Costa Rica,ca Canada,Y,CM,82,0.0,0.0,0.0,0.0,,,0.0,0.0,,,,,,,0.0,,,Match Report,,,,,,,,,,,,,,,,,,,,,,,,,,
11-12-2021,Fri,WCQ,Third round,Away,L 0–1,cr Costa Rica,ca Canada,Y,FW,90,0.0,0.0,0.0,0.0,,,0.0,0.0,,,,,,,,,,Match Report,,,,,,,,,,,,,,,,,,,,,,,,,,
11-12-2021,Fri,WCQ,Third round,Away,L 0–1,cr Costa Rica,ca Canada,Y,CB,90,0.0,0.0,0.0,0.0,,,0.0,0.0,,,,,,,,,,Match Report,,,,,,,,,,,,,,,,,,,,,,,,,,
11-12-2021,Fri,WCQ,Third round,Away,L 0–1,cr Costa Rica,ca Canada,N,,8,0.0,0.0,0.0,0.0,,,0.0,0.0,,,,,,,,,,Match Report,,,,,,,,,,,,,,,,,,,,,,,,,,
11-12-2021,Fri,WCQ,Third round,Away,L 0–1,cr Costa Rica,ca Canada,N,"On matchday squad, but did not play",Match Report,,,,,,,,,,,,,,,,,,,,,,,,,,,,,,,,,,,,,,,,,,,,
11-12-2021,Fri,WCQ,Third round,Away,L 0–1,cr Costa Rica,ca Canada,N,"On matchday squad, but did not play",Match Report,,,,,,,,,,,,,,,,,,,,,,,,,,,,,,,,,,,,,,,,,,,,
11-12-2021,Fri,WCQ,Third round,Away,L 0–1,cr Costa Rica,ca Canada,N,"On matchday squad, but did not play",Match Report,,,,,,,,,,,,,,,,,,,,,,,,,,,,,,,,,,,,,,,,,,,,
11-12-2021,Fri,WCQ,Third round,Away,L 0–1,cr Costa Rica,ca Canada,N,,26,0.0,0.0,0.0,0.0,,,0.0,0.0,,,,,,,,,,Match Report,,,,,,,,,,,,,,,,,,,,,,,,,,
11-12-2021,Fri,WCQ,Third round,Away,L 0–1,cr Costa Rica,ca Canada,Y,FW,64,0.0,0.0,0.0,0.0,,,1.0,0.0,,,,,,,,,,Match Report,,,,,,,,,,,,,,,,,,,,,,,,,,
27-01-2022,Thu,WCQ,Third round,Home,W 1–0,cr Costa Rica,pa Panama,N,,45,1.0,0.0,0.0,0.0,,,0.0,0.0,,,,,,,,,,Match Report,,,,,,,,,,,,,,,,,,,,,,,,,,
27-01-2022,Thu,WCQ,Third round,Home,W 1–0,cr Costa Rica,pa Panama,Y,LM,45,0.0,0.0,0.0,0.0,,,0.0,0.0,,,,,,,0.0,,,Match Report,,,,,,,,,,,,,,,,,,,,,,,,,,
27-01-2022,Thu,WCQ,Third round,Home,W 1–0,cr Costa Rica,pa Panama,N,,24,0.0,0.0,0.0,0.0,,,0.0,0.0,,,,,,,0.0,,,Match Report,,,,,,,,,,,,,,,,,,,,,,,,,,
27-01-2022,Thu,WCQ,Third round,Home,W 1–0,cr Costa Rica,pa Panama,N,,11,0.0,0.0,0.0,0.0,,,0.0,0.0,,,,,,,0.0,,,Match Report,,,,,,,,,,,,,,,,,,,,,,,,,,
27-01-2022,Thu,WCQ,Third round,Home,W 1–0,cr Costa Rica,pa Panama,N,"On matchday squad, but did not play",Match Report,,,,,,,,,,,,,,,,,,,,,,,,,,,,,,,,,,,,,,,,,,,,
27-01-2022,Thu,WCQ,Third round,Home,W 1–0,cr Costa Rica,pa Panama,Y,CB,90,0.0,0.0,0.0,0.0,,,0.0,0.0,,,,,,,,,,Match Report,,,,,,,,,,,,,,,,,,,,,,,,,,
27-01-2022,Thu,WCQ,Third round,Home,W 1–0,cr Costa Rica,pa Panama,N,"On matchday squad, but did not play",Match Report,,,,,,,,,,,,,,,,,,,,,,,,,,,,,,,,,,,,,,,,,,,,
27-01-2022,Thu,WCQ,Third round,Home,W 1–0,cr Costa Rica,pa Panama,N,,24,0.0,0.0,0.0,0.0,,,0.0,0.0,,,,,,,,,,Match Report,,,,,,,,,,,,,,,,,,,,,,,,,,
27-01-2022,Thu,WCQ,Third round,Home,W 1–0,cr Costa Rica,pa Panama,N,,46,0.0,0.0,0.0,0.0,,,0.0,0.0,,,,,,,,,,Match Report,,,,,,,,,,,,,,,,,,,,,,,,,,
27-01-2022,Thu,WCQ,Third round,Home,W 1–0,cr Costa Rica,pa Panama,Y,RB,90,0.0,0.0,0.0,0.0,,,0.0,0.0,,,,,,,,,,Match Report,,,,,,,,,,,,,,,,,,,,,,,,,,
27-01-2022,Thu,WCQ,Third round,Home,W 1–0,cr Costa Rica,pa Panama,N,"On matchday squad, but did not play",Match Report,,,,,,,,,,,,,,,,,,,,,,,,,,,,,,,,,,,,,,,,,,,,
27-01-2022,Thu,WCQ,Third round,Home,W 1–0,cr Costa Rica,pa Panama,Y,FW,90,0.0,0.0,0.0,0.0,,,0.0,0.0,,,,,,,,,,Match Report,,,,,,,,,,,,,,,,,,,,,,,,,,
27-01-2022,Thu,WCQ,Third round,Home,W 1–0,cr Costa Rica,pa Panama,Y*,GK,90,0.0,0.0,0.0,0.0,,,0.0,0.0,,,,,,,,,,Match Report,,,,,,,,,,,,,,,,,,,,,,,,,,
27-01-2022,Thu,WCQ,Third round,Home,W 1–0,cr Costa Rica,pa Panama,Y,CB,90,0.0,0.0,0.0,0.0,,,0.0,0.0,,,,,,,,,,Match Report,,,,,,,,,,,,,,,,,,,,,,,,,,
27-01-2022,Thu,WCQ,Third round,Home,W 1–0,cr Costa Rica,pa Panama,Y,CM,44,0.0,0.0,0.0,0.0,,,0.0,0.0,,,,,,,0.0,,,Match Report,,,,,,,,,,,,,,,,,,,,,,,,,,
27-01-2022,Thu,WCQ,Third round,Home,W 1–0,cr Costa Rica,pa Panama,N,"On matchday squad, but did not play",Match Report,,,,,,,,,,,,,,,,,,,,,,,,,,,,,,,,,,,,,,,,,,,,
27-01-2022,Thu,WCQ,Third round,Home,W 1–0,cr Costa Rica,pa Panama,N,"On matchday squad, but did not play",Match Report,,,,,,,,,,,,,,,,,,,,,,,,,,,,,,,,,,,,,,,,,,,,
30-01-2022,Sun,WCQ,Third round,Away,D 0–0,cr Costa Rica,mx Mexico,N,,16,0.0,0.0,0.0,0.0,,,0.0,0.0,,,,,,,,,,Match Report,,,,,,,,,,,,,,,,,,,,,,,,,,
30-01-2022,Sun,WCQ,Third round,Away,D 0–0,cr Costa Rica,mx Mexico,Y,CM,73,0.0,0.0,0.0,0.0,,,0.0,0.0,,,,,,,,,,Match Report,,,,,,,,,,,,,,,,,,,,,,,,,,
30-01-2022,Sun,WCQ,Third round,Away,D 0–0,cr Costa Rica,mx Mexico,Y,CB,90,0.0,0.0,0.0,0.0,,,0.0,0.0,,,,,,,,,,Match Report,,,,,,,,,,,,,,,,,,,,,,,,,,
30-01-2022,Sun,WCQ,Third round,Away,D 0–0,cr Costa Rica,mx Mexico,N,"On matchday squad, but did not play",Match Report,,,,,,,,,,,,,,,,,,,,,,,,,,,,,,,,,,,,,,,,,,,,
30-01-2022,Sun,WCQ,Third round,Away,D 0–0,cr Costa Rica,mx Mexico,N,"On matchday squad, but did not play",Match Report,,,,,,,,,,,,,,,,,,,,,,,,,,,,,,,,,,,,,,,,,,,,
30-01-2022,Sun,WCQ,Third round,Away,D 0–0,cr Costa Rica,mx Mexico,N,"On matchday squad, but did not play",Match Report,,,,,,,,,,,,,,,,,,,,,,,,,,,,,,,,,,,,,,,,,,,,
30-01-2022,Sun,WCQ,Third round,Away,D 0–0,cr Costa Rica,mx Mexico,Y,CB,90,0.0,0.0,0.0,0.0,,,0.0,0.0,,,,,,,,,,Match Report,,,,,,,,,,,,,,,,,,,,,,,,,,
30-01-2022,Sun,WCQ,Third round,Away,D 0–0,cr Costa Rica,mx Mexico,N,"On matchday squad, but did not play",Match Report,,,,,,,,,,,,,,,,,,,,,,,,,,,,,,,,,,,,,,,,,,,,
30-01-2022,Sun,WCQ,Third round,Away,D 0–0,cr Costa Rica,mx Mexico,Y,RB,90,0.0,0.0,0.0,0.0,,,1.0,0.0,,,,,,,,,,Match Report,,,,,,,,,,,,,,,,,,,,,,,,,,
30-01-2022,Sun,WCQ,Third round,Away,D 0–0,cr Costa Rica,mx Mexico,N,"On matchday squad, but did not play",Match Report,,,,,,,,,,,,,,,,,,,,,,,,,,,,,,,,,,,,,,,,,,,,
30-01-2022,Sun,WCQ,Third round,Away,D 0–0,cr Costa Rica,mx Mexico,N,,17,0.0,0.0,0.0,0.0,,,0.0,0.0,,,,,,,0.0,,,Match Report,,,,,,,,,,,,,,,,,,,,,,,,,,
30-01-2022,Sun,WCQ,Third round,Away,D 0–0,cr Costa Rica,mx Mexico,N,,6,0.0,0.0,0.0,0.0,,,0.0,0.0,,,,,,,0.0,,,Match Report,,,,,,,,,,,,,,,,,,,,,,,,,,
30-01-2022,Sun,WCQ,Third round,Away,D 0–0,cr Costa Rica,mx Mexico,Y*,GK,90,0.0,0.0,0.0,0.0,,,0.0,0.0,,,,,,,,,,Match Report,,,,,,,,,,,,,,,,,,,,,,,,,,
30-01-2022,Sun,WCQ,Third round,Away,D 0–0,cr Costa Rica,mx Mexico,Y,FW,90,0.0,0.0,0.0,0.0,,,0.0,0.0,,,,,,,,,,Match Report,,,,,,,,,,,,,,,,,,,,,,,,,,
30-01-2022,Sun,WCQ,Third round,Away,D 0–0,cr Costa Rica,mx Mexico,Y,LB,90,0.0,0.0,0.0,0.0,,,0.0,0.0,,,,,,,,,,Match Report,,,,,,,,,,,,,,,,,,,,,,,,,,
30-01-2022,Sun,WCQ,Third round,Away,D 0–0,cr Costa Rica,mx Mexico,Y,FW,62,0.0,0.0,0.0,0.0,,,0.0,0.0,,,,,,,0.0,,,Match Report,,,,,,,,,,,,,,,,,,,,,,,,,,
02-02-2022,Wed,WCQ,Third round,Away,W 1–0,cr Costa Rica,jm Jamaica,N,"On matchday squad, but did not play",Match Report,,,,,,,,,,,,,,,,,,,,,,,,,,,,,,,,,,,,,,,,,,,,
02-02-2022,Wed,WCQ,Third round,Away,W 1–0,cr Costa Rica,jm Jamaica,N,"On matchday squad, but did not play",Match Report,,,,,,,,,,,,,,,,,,,,,,,,,,,,,,,,,,,,,,,,,,,,
02-02-2022,Wed,WCQ,Third round,Away,W 1–0,cr Costa Rica,jm Jamaica,N,,2,0.0,0.0,0.0,0.0,,,0.0,0.0,,,,,,,0.0,,,Match Report,,,,,,,,,,,,,,,,,,,,,,,,,,
02-02-2022,Wed,WCQ,Third round,Away,W 1–0,cr Costa Rica,jm Jamaica,N,"On matchday squad, but did not play",Match Report,,,,,,,,,,,,,,,,,,,,,,,,,,,,,,,,,,,,,,,,,,,,
02-02-2022,Wed,WCQ,Third round,Away,W 1–0,cr Costa Rica,jm Jamaica,Y,FW,90,1.0,0.0,0.0,0.0,,,0.0,0.0,,,,,,,,,,Match Report,,,,,,,,,,,,,,,,,,,,,,,,,,
02-02-2022,Wed,WCQ,Third round,Away,W 1–0,cr Costa Rica,jm Jamaica,Y,CB,90,0.0,0.0,0.0,0.0,,,0.0,0.0,,,,,,,,,,Match Report,,,,,,,,,,,,,,,,,,,,,,,,,,
02-02-2022,Wed,WCQ,Third round,Away,W 1–0,cr Costa Rica,jm Jamaica,N,,17,0.0,0.0,0.0,0.0,,,0.0,0.0,,,,,,,,,,Match Report,,,,,,,,,,,,,,,,,,,,,,,,,,
02-02-2022,Wed,WCQ,Third round,Away,W 1–0,cr Costa Rica,jm Jamaica,N,,45,0.0,0.0,0.0,0.0,,,0.0,0.0,,,,,,,,,,Match Report,,,,,,,,,,,,,,,,,,,,,,,,,,
02-02-2022,Wed,WCQ,Third round,Away,W 1–0,cr Costa Rica,jm Jamaica,Y,CB,90,0.0,0.0,0.0,0.0,,,0.0,0.0,,,,,,,,,,Match Report,,,,,,,,,,,,,,,,,,,,,,,,,,
02-02-2022,Wed,WCQ,Third round,Away,W 1–0,cr Costa Rica,jm Jamaica,N,"On matchday squad, but did not play",Match Report,,,,,,,,,,,,,,,,,,,,,,,,,,,,,,,,,,,,,,,,,,,,
02-02-2022,Wed,WCQ,Third round,Away,W 1–0,cr Costa Rica,jm Jamaica,Y*,GK,90,0.0,0.0,0.0,0.0,,,0.0,0.0,,,,,,,,,,Match Report,,,,,,,,,,,,,,,,,,,,,,,,,,
02-02-2022,Wed,WCQ,Third round,Away,W 1–0,cr Costa Rica,jm Jamaica,Y,CM,73,0.0,0.0,0.0,1.0,,,0.0,0.0,,,,,,,,,,Match Report,,,,,,,,,,,,,,,,,,,,,,,,,,
02-02-2022,Wed,WCQ,Third round,Away,W 1–0,cr Costa Rica,jm Jamaica,Y,LM,90,0.0,0.0,0.0,0.0,,,0.0,0.0,,,,,,,,,,Match Report,,,,,,,,,,,,,,,,,,,,,,,,,,
02-02-2022,Wed,WCQ,Third round,Away,W 1–0,cr Costa Rica,jm Jamaica,Y,FW,45,0.0,0.0,0.0,0.0,,,0.0,0.0,,,,,,,0.0,,,Match Report,,,,,,,,,,,,,,,,,,,,,,,,,,
02-02-2022,Wed,WCQ,Third round,Away,W 1–0,cr Costa Rica,jm Jamaica,Y,CB,90,0.0,0.0,0.0,0.0,,,0.0,0.0,,,,,,,0.0,,,Match Report,,,,,,,,,,,,,,,,,,,,,,,,,,
02-02-2022,Wed,WCQ,Third round,Away,W 1–0,cr Costa Rica,jm Jamaica,N,"On matchday squad, but did not play",Match Report,,,,,,,,,,,,,,,,,,,,,,,,,,,,,,,,,,,,,,,,,,,,
24-03-2022,Thu,WCQ,Third round,Home,W 1–0,cr Costa Rica,ca Canada,Y,RM,45,0.0,1.0,0.0,0.0,,,0.0,0.0,,,,,,,0.0,,,Match Report,,,,,,,,,,,,,,,,,,,,,,,,,,
24-03-2022,Thu,WCQ,Third round,Home,W 1–0,cr Costa Rica,ca Canada,Y,CB,90,0.0,0.0,0.0,0.0,,,0.0,0.0,,,,,,,,,,Match Report,,,,,,,,,,,,,,,,,,,,,,,,,,
24-03-2022,Thu,WCQ,Third round,Home,W 1–0,cr Costa Rica,ca Canada,Y,FW,90,0.0,0.0,0.0,0.0,,,0.0,0.0,,,,,,,,,,Match Report,,,,,,,,,,,,,,,,,,,,,,,,,,
24-03-2022,Thu,WCQ,Third round,Home,W 1–0,cr Costa Rica,ca Canada,Y*,GK,90,0.0,0.0,0.0,0.0,,,0.0,0.0,,,,,,,,,,Match Report,,,,,,,,,,,,,,,,,,,,,,,,,,
24-03-2022,Thu,WCQ,Third round,Home,W 1–0,cr Costa Rica,ca Canada,Y,CM,45,0.0,0.0,0.0,0.0,,,0.0,0.0,,,,,,,0.0,,,Match Report,,,,,,,,,,,,,,,,,,,,,,,,,,
24-03-2022,Thu,WCQ,Third round,Home,W 1–0,cr Costa Rica,ca Canada,N,"On matchday squad, but did not play",Match Report,,,,,,,,,,,,,,,,,,,,,,,,,,,,,,,,,,,,,,,,,,,,
24-03-2022,Thu,WCQ,Third round,Home,W 1–0,cr Costa Rica,ca Canada,Y,CB,90,0.0,0.0,0.0,0.0,,,0.0,0.0,,,,,,,,,,Match Report,,,,,,,,,,,,,,,,,,,,,,,,,,
24-03-2022,Thu,WCQ,Third round,Home,W 1–0,cr Costa Rica,ca Canada,N,"On matchday squad, but did not play",Match Report,,,,,,,,,,,,,,,,,,,,,,,,,,,,,,,,,,,,,,,,,,,,
24-03-2022,Thu,WCQ,Third round,Home,W 1–0,cr Costa Rica,ca Canada,Y,FW,60,0.0,0.0,0.0,0.0,,,0.0,0.0,,,,,,,,,,Match Report,,,,,,,,,,,,,,,,,,,,,,,,,,
24-03-2022,Thu,WCQ,Third round,Home,W 1–0,cr Costa Rica,ca Canada,N,"On matchday squad, but did not play",Match Report,,,,,,,,,,,,,,,,,,,,,,,,,,,,,,,,,,,,,,,,,,,,
24-03-2022,Thu,WCQ,Third round,Home,W 1–0,cr Costa Rica,ca Canada,N,"On matchday squad, but did not play",Match Report,,,,,,,,,,,,,,,,,,,,,,,,,,,,,,,,,,,,,,,,,,,,
24-03-2022,Thu,WCQ,Third round,Home,W 1–0,cr Costa Rica,ca Canada,Y,CB,90,0.0,0.0,0.0,0.0,,,0.0,0.0,,,,,,,,,,Match Report,,,,,,,,,,,,,,,,,,,,,,,,,,
24-03-2022,Thu,WCQ,Third round,Home,W 1–0,cr Costa Rica,ca Canada,N,"On matchday squad, but did not play",Match Report,,,,,,,,,,,,,,,,,,,,,,,,,,,,,,,,,,,,,,,,,,,,
24-03-2022,Thu,WCQ,Third round,Home,W 1–0,cr Costa Rica,ca Canada,N,,22,0.0,0.0,0.0,0.0,,,0.0,0.0,,,,,,,0.0,,,Match Report,,,,,,,,,,,,,,,,,,,,,,,,,,
24-03-2022,Thu,WCQ,Third round,Home,W 1–0,cr Costa Rica,ca Canada,N,,45,0.0,0.0,0.0,0.0,,,0.0,0.0,,,,,,,,,,Match Report,,,,,,,,,,,,,,,,,,,,,,,,,,
24-03-2022,Thu,WCQ,Third round,Home,W 1–0,cr Costa Rica,ca Canada,Y,FW,90,0.0,0.0,0.0,0.0,,,1.0,0.0,,,,,,,,,,Match Report,,,,,,,,,,,,,,,,,,,,,,,,,,
24-03-2022,Thu,WCQ,Third round,Home,W 1–0,cr Costa Rica,ca Canada,N,,30,0.0,0.0,0.0,0.0,,,0.0,0.0,,,,,,,0.0,,,Match Report,,,,,,,,,,,,,,,,,,,,,,,,,,
24-03-2022,Thu,WCQ,Third round,Home,W 1–0,cr Costa Rica,ca Canada,Y,CM,60,1.0,0.0,0.0,0.0,,,0.0,0.0,,,,,,,,,,Match Report,,,,,,,,,,,,,,,,,,,,,,,,,,
27-03-2022,Sun,WCQ,Third round,Away,W 2–1,cr Costa Rica,sv El Salvador,Y,LM,89,0.0,0.0,0.0,0.0,,,0.0,0.0,,,,,,,,,,Match Report,,,,,,,,,,,,,,,,,,,,,,,,,,
27-03-2022,Sun,WCQ,Third round,Away,W 2–1,cr Costa Rica,sv El Salvador,N,"On matchday squad, but did not play",Match Report,,,,,,,,,,,,,,,,,,,,,,,,,,,,,,,,,,,,,,,,,,,,
27-03-2022,Sun,WCQ,Third round,Away,W 2–1,cr Costa Rica,sv El Salvador,N,,19,0.0,0.0,0.0,0.0,,,0.0,0.0,,,,,,,0.0,,,Match Report,,,,,,,,,,,,,,,,,,,,,,,,,,
27-03-2022,Sun,WCQ,Third round,Away,W 2–1,cr Costa Rica,sv El Salvador,Y,CB,90,0.0,0.0,0.0,0.0,,,0.0,0.0,,,,,,,,,,Match Report,,,,,,,,,,,,,,,,,,,,,,,,,,
27-03-2022,Sun,WCQ,Third round,Away,W 2–1,cr Costa Rica,sv El Salvador,N,,9,0.0,0.0,0.0,0.0,,,0.0,0.0,,,,,,,,,,Match Report,,,,,,,,,,,,,,,,,,,,,,,,,,
27-03-2022,Sun,WCQ,Third round,Away,W 2–1,cr Costa Rica,sv El Salvador,N,,45,0.0,0.0,0.0,0.0,,,0.0,0.0,,,,,,,,,,Match Report,,,,,,,,,,,,,,,,,,,,,,,,,,
27-03-2022,Sun,WCQ,Third round,Away,W 2–1,cr Costa Rica,sv El Salvador,Y,CB,90,0.0,0.0,0.0,0.0,,,0.0,0.0,,,,,,,0.0,,,Match Report,,,,,,,,,,,,,,,,,,,,,,,,,,
27-03-2022,Sun,WCQ,Third round,Away,W 2–1,cr Costa Rica,sv El Salvador,Y,CM,71,0.0,0.0,0.0,0.0,,,0.0,0.0,,,,,,,,,,Match Report,,,,,,,,,,,,,,,,,,,,,,,,,,
27-03-2022,Sun,WCQ,Third round,Away,W 2–1,cr Costa Rica,sv El Salvador,N,"On matchday squad, but did not play",Match Report,,,,,,,,,,,,,,,,,,,,,,,,,,,,,,,,,,,,,,,,,,,,
27-03-2022,Sun,WCQ,Third round,Away,W 2–1,cr Costa Rica,sv El Salvador,Y,FW,81,1.0,0.0,0.0,0.0,,,0.0,0.0,,,,,,,,,,Match Report,,,,,,,,,,,,,,,,,,,,,,,,,,
27-03-2022,Sun,WCQ,Third round,Away,W 2–1,cr Costa Rica,sv El Salvador,Y,RM,72,0.0,1.0,0.0,0.0,,,0.0,0.0,,,,,,,,,,Match Report,,,,,,,,,,,,,,,,,,,,,,,,,,
27-03-2022,Sun,WCQ,Third round,Away,W 2–1,cr Costa Rica,sv El Salvador,Y,CB,90,0.0,0.0,0.0,0.0,,,0.0,0.0,,,,,,,,,,Match Report,,,,,,,,,,,,,,,,,,,,,,,,,,
27-03-2022,Sun,WCQ,Third round,Away,W 2–1,cr Costa Rica,sv El Salvador,N,"On matchday squad, but did not play",Match Report,,,,,,,,,,,,,,,,,,,,,,,,,,,,,,,,,,,,,,,,,,,,
27-03-2022,Sun,WCQ,Third round,Away,W 2–1,cr Costa Rica,sv El Salvador,Y,FW,90,1.0,0.0,0.0,0.0,,,0.0,0.0,,,,,,,,,,Match Report,,,,,,,,,,,,,,,,,,,,,,,,,,
27-03-2022,Sun,WCQ,Third round,Away,W 2–1,cr Costa Rica,sv El Salvador,N,"On matchday squad, but did not play",Match Report,,,,,,,,,,,,,,,,,,,,,,,,,,,,,,,,,,,,,,,,,,,,
27-03-2022,Sun,WCQ,Third round,Away,W 2–1,cr Costa Rica,sv El Salvador,Y*,GK,90,0.0,0.0,0.0,0.0,,,0.0,0.0,,,,,,,,,,Match Report,,,,,,,,,,,,,,,,,,,,,,,,,,
27-03-2022,Sun,WCQ,Third round,Away,W 2–1,cr Costa Rica,sv El Salvador,N,,18,0.0,0.0,0.0,0.0,,,0.0,0.0,,,,,,,,,,Match Report,,,,,,,,,,,,,,,,,,,,,,,,,,
30-03-2022,Wed,WCQ,Third round,Home,W 2–0,cr Costa Rica,us United States,N,"On matchday squad, but did not play",Match Report,,,,,,,,,,,,,,,,,,,,,,,,,,,,,,,,,,,,,,,,,,,,
30-03-2022,Wed,WCQ,Third round,Home,W 2–0,cr Costa Rica,us United States,Y,CB,63,0.0,0.0,0.0,0.0,,,0.0,0.0,,,,,,,,,,Match Report,,,,,,,,,,,,,,,,,,,,,,,,,,
30-03-2022,Wed,WCQ,Third round,Home,W 2–0,cr Costa Rica,us United States,Y,FW,78,0.0,1.0,0.0,0.0,,,0.0,0.0,,,,,,,,,,Match Report,,,,,,,,,,,,,,,,,,,,,,,,,,
30-03-2022,Wed,WCQ,Third round,Home,W 2–0,cr Costa Rica,us United States,Y,CM,90,0.0,0.0,0.0,0.0,,,1.0,0.0,,,,,,,0.0,,,Match Report,,,,,,,,,,,,,,,,,,,,,,,,,,
30-03-2022,Wed,WCQ,Third round,Home,W 2–0,cr Costa Rica,us United States,Y*,GK,78,0.0,0.0,0.0,0.0,,,0.0,0.0,,,,,,,,,,Match Report,,,,,,,,,,,,,,,,,,,,,,,,,,
30-03-2022,Wed,WCQ,Third round,Home,W 2–0,cr Costa Rica,us United States,N,,23,0.0,0.0,0.0,0.0,,,0.0,0.0,,,,,,,0.0,,,Match Report,,,,,,,,,,,,,,,,,,,,,,,,,,
30-03-2022,Wed,WCQ,Third round,Home,W 2–0,cr Costa Rica,us United States,N,"On matchday squad, but did not play",Match Report,,,,,,,,,,,,,,,,,,,,,,,,,,,,,,,,,,,,,,,,,,,,
30-03-2022,Wed,WCQ,Third round,Home,W 2–0,cr Costa Rica,us United States,Y,CB,90,0.0,0.0,0.0,0.0,,,0.0,0.0,,,,,,,,,,Match Report,,,,,,,,,,,,,,,,,,,,,,,,,,
30-03-2022,Wed,WCQ,Third round,Home,W 2–0,cr Costa Rica,us United States,Y,RM,64,0.0,0.0,0.0,0.0,,,1.0,0.0,,,,,,,0.0,,,Match Report,,,,,,,,,,,,,,,,,,,,,,,,,,
30-03-2022,Wed,WCQ,Third round,Home,W 2–0,cr Costa Rica,us United States,N,"On matchday squad, but did not play",Match Report,,,,,,,,,,,,,,,,,,,,,,,,,,,,,,,,,,,,,,,,,,,,
30-03-2022,Wed,WCQ,Third round,Home,W 2–0,cr Costa Rica,us United States,Y,FW,67,0.0,1.0,0.0,0.0,,,0.0,0.0,,,,,,,,,,Match Report,,,,,,,,,,,,,,,,,,,,,,,,,,
30-03-2022,Wed,WCQ,Third round,Home,W 2–0,cr Costa Rica,us United States,N,"On matchday squad, but did not play",Match Report,,,,,,,,,,,,,,,,,,,,,,,,,,,,,,,,,,,,,,,,,,,,
30-03-2022,Wed,WCQ,Third round,Home,W 2–0,cr Costa Rica,us United States,Y,CM,90,0.0,0.0,0.0,0.0,,,0.0,0.0,,,,,,,0.0,,,Match Report,,,,,,,,,,,,,,,,,,,,,,,,,,
30-03-2022,Wed,WCQ,Third round,Home,W 2–0,cr Costa Rica,us United States,N,,12,0.0,0.0,0.0,0.0,,,0.0,0.0,,,,,,,0.0,,,Match Report,,,,,,,,,,,,,,,,,,,,,,,,,,
30-03-2022,Wed,WCQ,Third round,Home,W 2–0,cr Costa Rica,us United States,Y,FW,90,1.0,0.0,0.0,0.0,,,0.0,0.0,,,,,,,,,,Match Report,,,,,,,,,,,,,,,,,,,,,,,,,,
30-03-2022,Wed,WCQ,Third round,Home,W 2–0,cr Costa Rica,us United States,N,"On matchday squad, but did not play",Match Report,,,,,,,,,,,,,,,,,,,,,,,,,,,,,,,,,,,,,,,,,,,,
30-03-2022,Wed,WCQ,Third round,Home,W 2–0,cr Costa Rica,us United States,Y,CB,90,1.0,0.0,0.0,0.0,,,0.0,0.0,,,,,,,0.0,,,Match Report,,,,,,,,,,,,,,,,,,,,,,,,,,
14-06-2022,Tue,WCQ Play-offs,WCQ — Inter-confederation play-offs (M),Neutral,W 1–0,cr Costa Rica,nz New Zealand,N,"On matchday squad, but did not play",Match Report,,,,,,,,,,,,,,,,,,,,,,,,,,,,,,,,,,,,,,,,,,,,
14-06-2022,Tue,WCQ Play-offs,WCQ — Inter-confederation play-offs (M),Neutral,W 1–0,cr Costa Rica,nz New Zealand,Y,CB,90,0.0,0.0,0.0,0.0,,,0.0,0.0,,,,,,,,,,Match Report,,,,,,,,,,,,,,,,,,,,,,,,,,
14-06-2022,Tue,WCQ Play-offs,WCQ — Inter-confederation play-offs (M),Neutral,W 1–0,cr Costa Rica,nz New Zealand,Y,RB,45,0.0,0.0,0.0,0.0,,,0.0,0.0,,,,,,,,,,Match Report,,,,,,,,,,,,,,,,,,,,,,,,,,
14-06-2022,Tue,WCQ Play-offs,WCQ — Inter-confederation play-offs (M),Neutral,W 1–0,cr Costa Rica,nz New Zealand,Y,CB,90,0.0,0.0,0.0,0.0,,,0.0,0.0,,,,,,,,,,Match Report,,,,,,,,,,,,,,,,,,,,,,,,,,
14-06-2022,Tue,WCQ Play-offs,WCQ — Inter-confederation play-offs (M),Neutral,W 1–0,cr Costa Rica,nz New Zealand,Y*,GK,90,0.0,0.0,0.0,0.0,,,0.0,0.0,,,,,,,,,,Match Report,,,,,,,,,,,,,,,,,,,,,,,,,,
14-06-2022,Tue,WCQ Play-offs,WCQ — Inter-confederation play-offs (M),Neutral,W 1–0,cr Costa Rica,nz New Zealand,Y,RW,45,0.0,0.0,0.0,0.0,,,0.0,0.0,,,,,,,,,,Match Report,,,,,,,,,,,,,,,,,,,,,,,,,,
14-06-2022,Tue,WCQ Play-offs,WCQ — Inter-confederation play-offs (M),Neutral,W 1–0,cr Costa Rica,nz New Zealand,Y,FW,89,1.0,0.0,0.0,0.0,,,0.0,0.0,,,,,,,,,,Match Report,,,,,,,,,,,,,,,,,,,,,,,,,,
14-06-2022,Tue,WCQ Play-offs,WCQ — Inter-confederation play-offs (M),Neutral,W 1–0,cr Costa Rica,nz New Zealand,N,,12,0.0,0.0,0.0,0.0,,,0.0,0.0,,,,,,,,,,Match Report,,,,,,,,,,,,,,,,,,,,,,,,,,
14-06-2022,Tue,WCQ Play-offs,WCQ — Inter-confederation play-offs (M),Neutral,W 1–0,cr Costa Rica,nz New Zealand,Y,CM,78,0.0,0.0,0.0,0.0,,,0.0,0.0,,,,,,,,,,Match Report,,,,,,,,,,,,,,,,,,,,,,,,,,
14-06-2022,Tue,WCQ Play-offs,WCQ — Inter-confederation play-offs (M),Neutral,W 1–0,cr Costa Rica,nz New Zealand,N,"On matchday squad, but did not play",Match Report,,,,,,,,,,,,,,,,,,,,,,,,,,,,,,,,,,,,,,,,,,,,
14-06-2022,Tue,WCQ Play-offs,WCQ — Inter-confederation play-offs (M),Neutral,W 1–0,cr Costa Rica,nz New Zealand,N,,45,0.0,0.0,0.0,0.0,,,0.0,0.0,,,,,,,,,,Match Report,,,,,,,,,,,,,,,,,,,,,,,,,,
14-06-2022,Tue,WCQ Play-offs,WCQ — Inter-confederation play-offs (M),Neutral,W 1–0,cr Costa Rica,nz New Zealand,Y,LW,45,0.0,1.0,0.0,0.0,,,0.0,0.0,,,,,,,,,,Match Report,,,,,,,,,,,,,,,,,,,,,,,,,,
14-06-2022,Tue,WCQ Play-offs,WCQ — Inter-confederation play-offs (M),Neutral,W 1–0,cr Costa Rica,nz New Zealand,N,,45,0.0,0.0,0.0,0.0,,,1.0,0.0,,,,,,,,,,Match Report,,,,,,,,,,,,,,,,,,,,,,,,,,
14-06-2022,Tue,WCQ Play-offs,WCQ — Inter-confederation play-offs (M),Neutral,W 1–0,cr Costa Rica,nz New Zealand,Y,LB,90,0.0,0.0,0.0,0.0,,,0.0,0.0,,,,,,,,,,Match Report,,,,,,,,,,,,,,,,,,,,,,,,,,
14-06-2022,Tue,WCQ Play-offs,WCQ — Inter-confederation play-offs (M),Neutral,W 1–0,cr Costa Rica,nz New Zealand,N,,1,0.0,0.0,0.0,0.0,,,0.0,0.0,,,,,,,,,,Match Report,,,,,,,,,,,,,,,,,,,,,,,,,,
14-06-2022,Tue,WCQ Play-offs,WCQ — Inter-confederation play-offs (M),Neutral,W 1–0,cr Costa Rica,nz New Zealand,N,"On matchday squad, but did not play",Match Report,,,,,,,,,,,,,,,,,,,,,,,,,,,,,,,,,,,,,,,,,,,,
14-06-2022,Tue,WCQ Play-offs,WCQ — Inter-confederation play-offs (M),Neutral,W 1–0,cr Costa Rica,nz New Zealand,N,"On matchday squad, but did not play",Match Report,,,,,,,,,,,,,,,,,,,,,,,,,,,,,,,,,,,,,,,,,,,,
14-06-2022,Tue,WCQ Play-offs,WCQ — Inter-confederation play-offs (M),Neutral,W 1–0,cr Costa Rica,nz New Zealand,N,,45,0.0,0.0,0.0,0.0,,,0.0,0.0,,,,,,,,,,Match Report,,,,,,,,,,,,,,,,,,,,,,,,,,
14-06-2022,Tue,WCQ Play-offs,WCQ — Inter-confederation play-offs (M),Neutral,W 1–0,cr Costa Rica,nz New Zealand,Y,FW,90,0.0,0.0,0.0,0.0,,,1.0,0.0,,,,,,,,,,Match Report,,,,,,,,,,,,,,,,,,,,,,,,,,
14-06-2022,Tue,WCQ Play-offs,WCQ — Inter-confederation play-offs (M),Neutral,W 1–0,cr Costa Rica,nz New Zealand,N,"On matchday squad, but did not play",Match Report,,,,,,,,,,,,,,,,,,,,,,,,,,,,,,,,,,,,,,,,,,,,
11-09-2022,Wed,Friendlies (M),Friendlies (M),Neutral,W 2–0,cr Costa Rica,ng Nigeria,Y*,AM,67,0.0,0.0,0.0,0.0,,,0.0,0.0,,,,,,,,,,Match Report,,,,,,,,,,,,,,,,,,,,,,,,,,
11-09-2022,Wed,Friendlies (M),Friendlies (M),Neutral,W 2–0,cr Costa Rica,ng Nigeria,N,"On matchday squad, but did not play",Match Report,,,,,,,,,,,,,,,,,,,,,,,,,,,,,,,,,,,,,,,,,,,,
11-09-2022,Wed,Friendlies (M),Friendlies (M),Neutral,W 2–0,cr Costa Rica,ng Nigeria,Y,RB,90,0.0,0.0,0.0,0.0,,,0.0,0.0,,,,,,,,,,Match Report,,,,,,,,,,,,,,,,,,,,,,,,,,
11-09-2022,Wed,Friendlies (M),Friendlies (M),Neutral,W 2–0,cr Costa Rica,ng Nigeria,N,,23,0.0,0.0,0.0,0.0,,,0.0,0.0,,,,,,,,,,Match Report,,,,,,,,,,,,,,,,,,,,,,,,,,
11-09-2022,Wed,Friendlies (M),Friendlies (M),Neutral,W 2–0,cr Costa Rica,ng Nigeria,Y,AM,77,0.0,0.0,0.0,0.0,,,0.0,0.0,,,,,,,,,,Match Report,,,,,,,,,,,,,,,,,,,,,,,,,,
11-09-2022,Wed,Friendlies (M),Friendlies (M),Neutral,W 2–0,cr Costa Rica,ng Nigeria,Y,CB,90,0.0,0.0,0.0,0.0,,,0.0,0.0,,,,,,,0.0,,,Match Report,,,,,,,,,,,,,,,,,,,,,,,,,,
11-09-2022,Wed,Friendlies (M),Friendlies (M),Neutral,W 2–0,cr Costa Rica,ng Nigeria,Y,DM,77,0.0,0.0,0.0,0.0,,,0.0,0.0,,,,,,,0.0,,,Match Report,,,,,,,,,,,,,,,,,,,,,,,,,,
11-09-2022,Wed,Friendlies (M),Friendlies (M),Neutral,W 2–0,cr Costa Rica,ng Nigeria,Y,CB,45,1.0,0.0,0.0,0.0,,,0.0,0.0,,,,,,,,,,Match Report,,,,,,,,,,,,,,,,,,,,,,,,,,
11-09-2022,Wed,Friendlies (M),Friendlies (M),Neutral,W 2–0,cr Costa Rica,ng Nigeria,Y,GK,90,0.0,0.0,0.0,0.0,,,0.0,0.0,,,,,,,0.0,,,Match Report,,,,,,,,,,,,,,,,,,,,,,,,,,
11-09-2022,Wed,Friendlies (M),Friendlies (M),Neutral,W 2–0,cr Costa Rica,ng Nigeria,Y,DM,67,0.0,0.0,0.0,0.0,,,0.0,0.0,,,,,,,0.0,,,Match Report,,,,,,,,,,,,,,,,,,,,,,,,,,
11-09-2022,Wed,Friendlies (M),Friendlies (M),Neutral,W 2–0,cr Costa Rica,ng Nigeria,Y,LB,90,0.0,0.0,0.0,0.0,,,0.0,0.0,,,,,,,,,,Match Report,,,,,,,,,,,,,,,,,,,,,,,,,,
11-09-2022,Wed,Friendlies (M),Friendlies (M),Neutral,W 2–0,cr Costa Rica,ng Nigeria,Y,AM,58,0.0,0.0,0.0,0.0,,,0.0,0.0,,,,,,,0.0,,,Match Report,,,,,,,,,,,,,,,,,,,,,,,,,,
11-09-2022,Wed,Friendlies (M),Friendlies (M),Neutral,W 2–0,cr Costa Rica,ng Nigeria,N,"On matchday squad, but did not play",Match Report,,,,,,,,,,,,,,,,,,,,,,,,,,,,,,,,,,,,,,,,,,,,
11-09-2022,Wed,Friendlies (M),Friendlies (M),Neutral,W 2–0,cr Costa Rica,ng Nigeria,N,,23,0.0,0.0,0.0,0.0,,,0.0,0.0,,,,,,,,,,Match Report,,,,,,,,,,,,,,,,,,,,,,,,,,
11-09-2022,Wed,Friendlies (M),Friendlies (M),Neutral,W 2–0,cr Costa Rica,ng Nigeria,N,,32,0.0,0.0,0.0,0.0,,,1.0,0.0,,,,,,,,,,Match Report,,,,,,,,,,,,,,,,,,,,,,,,,,
11-09-2022,Wed,Friendlies (M),Friendlies (M),Neutral,W 2–0,cr Costa Rica,ng Nigeria,N,,13,0.0,0.0,0.0,0.0,,,0.0,0.0,,,,,,,,,,Match Report,,,,,,,,,,,,,,,,,,,,,,,,,,
11-09-2022,Wed,Friendlies (M),Friendlies (M),Neutral,W 2–0,cr Costa Rica,ng Nigeria,Y,FW,90,0.0,2.0,0.0,0.0,,,0.0,0.0,,,,,,,,,,Match Report,,,,,,,,,,,,,,,,,,,,,,,,,,
11-09-2022,Wed,Friendlies (M),Friendlies (M),Neutral,W 2–0,cr Costa Rica,ng Nigeria,N,,45,1.0,0.0,0.0,0.0,,,0.0,0.0,,,,,,,,,,Match Report,,,,,,,,,,,,,,,,,,,,,,,,,,
23-09-2022,Fri,Friendlies (M),Friendlies (M),Neutral,D 2–2,cr Costa Rica,kr Korea Republic,N,"On matchday squad, but did not play",Match Report,,,,,,,,,,,,,,,,,,,,,,,,,,,,,,,,,,,,,,,,,,,,
23-09-2022,Fri,Friendlies (M),Friendlies (M),Neutral,D 2–2,cr Costa Rica,kr Korea Republic,N,"On matchday squad, but did not play",Match Report,,,,,,,,,,,,,,,,,,,,,,,,,,,,,,,,,,,,,,,,,,,,
23-09-2022,Fri,Friendlies (M),Friendlies (M),Neutral,D 2–2,cr Costa Rica,kr Korea Republic,Y,FW,64,0.0,0.0,0.0,0.0,,,0.0,0.0,,,,,,,,,,Match Report,,,,,,,,,,,,,,,,,,,,,,,,,,
23-09-2022,Fri,Friendlies (M),Friendlies (M),Neutral,D 2–2,cr Costa Rica,kr Korea Republic,Y*,CM,90,0.0,0.0,0.0,0.0,,,0.0,0.0,,,,,,,,,,Match Report,,,,,,,,,,,,,,,,,,,,,,,,,,
23-09-2022,Fri,Friendlies (M),Friendlies (M),Neutral,D 2–2,cr Costa Rica,kr Korea Republic,N,,26,0.0,0.0,0.0,0.0,,,0.0,0.0,,,,,,,0.0,,,Match Report,,,,,,,,,,,,,,,,,,,,,,,,,,
23-09-2022,Fri,Friendlies (M),Friendlies (M),Neutral,D 2–2,cr Costa Rica,kr Korea Republic,N,"On matchday squad, but did not play",Match Report,,,,,,,,,,,,,,,,,,,,,,,,,,,,,,,,,,,,,,,,,,,,
23-09-2022,Fri,Friendlies (M),Friendlies (M),Neutral,D 2–2,cr Costa Rica,kr Korea Republic,N,,13,0.0,0.0,0.0,0.0,,,0.0,0.0,,,,,,,,,,Match Report,,,,,,,,,,,,,,,,,,,,,,,,,,
23-09-2022,Fri,Friendlies (M),Friendlies (M),Neutral,D 2–2,cr Costa Rica,kr Korea Republic,N,"On matchday squad, but did not play",Match Report,,,,,,,,,,,,,,,,,,,,,,,,,,,,,,,,,,,,,,,,,,,,
23-09-2022,Fri,Friendlies (M),Friendlies (M),Neutral,D 2–2,cr Costa Rica,kr Korea Republic,Y,RB,77,0.0,0.0,0.0,0.0,,,0.0,0.0,,,,,,,,,,Match Report,,,,,,,,,,,,,,,,,,,,,,,,,,
23-09-2022,Fri,Friendlies (M),Friendlies (M),Neutral,D 2–2,cr Costa Rica,kr Korea Republic,N,"On matchday squad, but did not play",Match Report,,,,,,,,,,,,,,,,,,,,,,,,,,,,,,,,,,,,,,,,,,,,
23-09-2022,Fri,Friendlies (M),Friendlies (M),Neutral,D 2–2,cr Costa Rica,kr Korea Republic,Y,LB,90,0.0,0.0,0.0,0.0,,,1.0,0.0,,,,,,,,,,Match Report,,,,,,,,,,,,,,,,,,,,,,,,,,
23-09-2022,Fri,Friendlies (M),Friendlies (M),Neutral,D 2–2,cr Costa Rica,kr Korea Republic,N,,26,0.0,0.0,0.0,0.0,,,0.0,0.0,,,,,,,,,,Match Report,,,,,,,,,,,,,,,,,,,,,,,,,,
23-09-2022,Fri,Friendlies (M),Friendlies (M),Neutral,D 2–2,cr Costa Rica,kr Korea Republic,N,,45,0.0,0.0,0.0,0.0,,,0.0,0.0,,,,,,,,,,Match Report,,,,,,,,,,,,,,,,,,,,,,,,,,
23-09-2022,Fri,Friendlies (M),Friendlies (M),Neutral,D 2–2,cr Costa Rica,kr Korea Republic,Y,CM,45,0.0,0.0,0.0,0.0,,,0.0,0.0,,,,,,,0.0,,,Match Report,,,,,,,,,,,,,,,,,,,,,,,,,,
23-09-2022,Fri,Friendlies (M),Friendlies (M),Neutral,D 2–2,cr Costa Rica,kr Korea Republic,N,"On matchday squad, but did not play",Match Report,,,,,,,,,,,,,,,,,,,,,,,,,,,,,,,,,,,,,,,,,,,,
23-09-2022,Fri,Friendlies (M),Friendlies (M),Neutral,D 2–2,cr Costa Rica,kr Korea Republic,Y,RW,45,0.0,1.0,0.0,0.0,,,0.0,0.0,,,,,,,0.0,,,Match Report,,,,,,,,,,,,,,,,,,,,,,,,,,
23-09-2022,Fri,Friendlies (M),Friendlies (M),Neutral,D 2–2,cr Costa Rica,kr Korea Republic,N,"On matchday squad, but did not play",Match Report,,,,,,,,,,,,,,,,,,,,,,,,,,,,,,,,,,,,,,,,,,,,
23-09-2022,Fri,Friendlies (M),Friendlies (M),Neutral,D 2–2,cr Costa Rica,kr Korea Republic,N,,45,0.0,0.0,0.0,0.0,,,0.0,0.0,,,,,,,0.0,,,Match Report,,,,,,,,,,,,,,,,,,,,,,,,,,
23-09-2022,Fri,Friendlies (M),Friendlies (M),Neutral,D 2–2,cr Costa Rica,kr Korea Republic,Y,LW,64,2.0,0.0,0.0,0.0,,,1.0,0.0,,,,,,,,,,Match Report,,,,,,,,,,,,,,,,,,,,,,,,,,
23-09-2022,Fri,Friendlies (M),Friendlies (M),Neutral,D 2–2,cr Costa Rica,kr Korea Republic,N,,7,0.0,0.0,0.0,0.0,,,0.0,0.0,,,,,,,0.0,,,Match Report,,,,,,,,,,,,,,,,,,,,,,,,,,
23-09-2022,Fri,Friendlies (M),Friendlies (M),Neutral,D 2–2,cr Costa Rica,kr Korea Republic,N,"On matchday squad, but did not play",Match Report,,,,,,,,,,,,,,,,,,,,,,,,,,,,,,,,,,,,,,,,,,,,
23-09-2022,Fri,Friendlies (M),Friendlies (M),Neutral,D 2–2,cr Costa Rica,kr Korea Republic,Y,CB,90,0.0,0.0,0.0,0.0,,,0.0,0.0,,,,,,,,,,Match Report,,,,,,,,,,,,,,,,,,,,,,,,,,
23-09-2022,Fri,Friendlies (M),Friendlies (M),Neutral,D 2–2,cr Costa Rica,kr Korea Republic,Y,GK,80,0.0,0.0,0.0,0.0,,,0.0,1.0,,,,,,,0.0,,,Match Report,,,,,,,,,,,,,,,,,,,,,,,,,,
23-09-2022,Fri,Friendlies (M),Friendlies (M),Neutral,D 2–2,cr Costa Rica,kr Korea Republic,Y,FW,83,0.0,0.0,0.0,0.0,,,0.0,0.0,,,,,,,,,,Match Report,,,,,,,,,,,,,,,,,,,,,,,,,,
23-09-2022,Fri,Friendlies (M),Friendlies (M),Neutral,D 2–2,cr Costa Rica,kr Korea Republic,Y,CB,90,0.0,0.0,0.0,0.0,,,0.0,0.0,,,,,,,,,,Match Report,,,,,,,,,,,,,,,,,,,,,,,,,,
23-09-2022,Fri,Friendlies (M),Friendlies (M),Neutral,D 2–2,cr Costa Rica,kr Korea Republic,N,"On matchday squad, but did not play",Match Report,,,,,,,,,,,,,,,,,,,,,,,,,,,,,,,,,,,,,,,,,,,,
27-09-2022,Tue,Friendlies (M),Friendlies (M),Neutral,W 2–1,cr Costa Rica,uz Uzbekistan,N,,25,0.0,0.0,0.0,0.0,,,0.0,0.0,,,,,,,,,,Match Report,,,,,,,,,,,,,,,,,,,,,,,,,,
27-09-2022,Tue,Friendlies (M),Friendlies (M),Neutral,W 2–1,cr Costa Rica,uz Uzbekistan,Y,GK,45,0.0,0.0,0.0,0.0,,,0.0,0.0,,,,,,,0.0,,,Match Report,,,,,,,,,,,,,,,,,,,,,,,,,,
27-09-2022,Tue,Friendlies (M),Friendlies (M),Neutral,W 2–1,cr Costa Rica,uz Uzbekistan,Y,FW,73,0.0,0.0,0.0,0.0,,,0.0,0.0,,,,,,,0.0,,,Match Report,,,,,,,,,,,,,,,,,,,,,,,,,,
27-09-2022,Tue,Friendlies (M),Friendlies (M),Neutral,W 2–1,cr Costa Rica,uz Uzbekistan,N,,17,1.0,0.0,0.0,0.0,,,0.0,0.0,,,,,,,0.0,,,Match Report,,,,,,,,,,,,,,,,,,,,,,,,,,
27-09-2022,Tue,Friendlies (M),Friendlies (M),Neutral,W 2–1,cr Costa Rica,uz Uzbekistan,Y,CB,90,0.0,0.0,0.0,0.0,,,0.0,0.0,,,,,,,0.0,,,Match Report,,,,,,,,,,,,,,,,,,,,,,,,,,
27-09-2022,Tue,Friendlies (M),Friendlies (M),Neutral,W 2–1,cr Costa Rica,uz Uzbekistan,N,"On matchday squad, but did not play",Match Report,,,,,,,,,,,,,,,,,,,,,,,,,,,,,,,,,,,,,,,,,,,,
27-09-2022,Tue,Friendlies (M),Friendlies (M),Neutral,W 2–1,cr Costa Rica,uz Uzbekistan,N,,45,0.0,0.0,0.0,0.0,,,0.0,0.0,,,,,,,0.0,,,Match Report,,,,,,,,,,,,,,,,,,,,,,,,,,
27-09-2022,Tue,Friendlies (M),Friendlies (M),Neutral,W 2–1,cr Costa Rica,uz Uzbekistan,Y*,CB,90,1.0,0.0,0.0,0.0,,,0.0,0.0,,,,,,,,,,Match Report,,,,,,,,,,,,,,,,,,,,,,,,,,
27-09-2022,Tue,Friendlies (M),Friendlies (M),Neutral,W 2–1,cr Costa Rica,uz Uzbekistan,Y,CM,45,0.0,0.0,0.0,0.0,,,1.0,0.0,,,,,,,,,,Match Report,,,,,,,,,,,,,,,,,,,,,,,,,,
27-09-2022,Tue,Friendlies (M),Friendlies (M),Neutral,W 2–1,cr Costa Rica,uz Uzbekistan,N,,45,0.0,1.0,0.0,0.0,,,1.0,0.0,,,,,,,,,,Match Report,,,,,,,,,,,,,,,,,,,,,,,,,,
27-09-2022,Tue,Friendlies (M),Friendlies (M),Neutral,W 2–1,cr Costa Rica,uz Uzbekistan,Y,LB,65,0.0,0.0,0.0,0.0,,,0.0,0.0,,,,,,,,,,Match Report,,,,,,,,,,,,,,,,,,,,,,,,,,
27-09-2022,Tue,Friendlies (M),Friendlies (M),Neutral,W 2–1,cr Costa Rica,uz Uzbekistan,N,"On matchday squad, but did not play",Match Report,,,,,,,,,,,,,,,,,,,,,,,,,,,,,,,,,,,,,,,,,,,,
27-09-2022,Tue,Friendlies (M),Friendlies (M),Neutral,W 2–1,cr Costa Rica,uz Uzbekistan,Y,CM,90,0.0,0.0,0.0,0.0,,,0.0,0.0,,,,,,,0.0,,,Match Report,,,,,,,,,,,,,,,,,,,,,,,,,,
27-09-2022,Tue,Friendlies (M),Friendlies (M),Neutral,W 2–1,cr Costa Rica,uz Uzbekistan,Y,DM,90,0.0,0.0,0.0,0.0,,,0.0,0.0,,,,,,,0.0,,,Match Report,,,,,,,,,,,,,,,,,,,,,,,,,,
27-09-2022,Tue,Friendlies (M),Friendlies (M),Neutral,W 2–1,cr Costa Rica,uz Uzbekistan,N,,45,0.0,0.0,0.0,0.0,,,0.0,0.0,,,,,,,,,,Match Report,,,,,,,,,,,,,,,,,,,,,,,,,,
27-09-2022,Tue,Friendlies (M),Friendlies (M),Neutral,W 2–1,cr Costa Rica,uz Uzbekistan,Y,FW,65,0.0,0.0,0.0,0.0,,,0.0,0.0,,,,,,,,,,Match Report,,,,,,,,,,,,,,,,,,,,,,,,,,
27-09-2022,Tue,Friendlies (M),Friendlies (M),Neutral,W 2–1,cr Costa Rica,uz Uzbekistan,N,"On matchday squad, but did not play",Match Report,,,,,,,,,,,,,,,,,,,,,,,,,,,,,,,,,,,,,,,,,,,,
27-09-2022,Tue,Friendlies (M),Friendlies (M),Neutral,W 2–1,cr Costa Rica,uz Uzbekistan,N,"On matchday squad, but did not play",Match Report,,,,,,,,,,,,,,,,,,,,,,,,,,,,,,,,,,,,,,,,,,,,
27-09-2022,Tue,Friendlies (M),Friendlies (M),Neutral,W 2–1,cr Costa Rica,uz Uzbekistan,N,,25,0.0,0.0,0.0,0.0,,,0.0,0.0,,,,,,,,,,Match Report,,,,,,,,,,,,,,,,,,,,,,,,,,
27-09-2022,Tue,Friendlies (M),Friendlies (M),Neutral,W 2–1,cr Costa Rica,uz Uzbekistan,N,"On matchday squad, but did not play",Match Report,,,,,,,,,,,,,,,,,,,,,,,,,,,,,,,,,,,,,,,,,,,,
27-09-2022,Tue,Friendlies (M),Friendlies (M),Neutral,W 2–1,cr Costa Rica,uz Uzbekistan,N,"On matchday squad, but did not play",Match Report,,,,,,,,,,,,,,,,,,,,,,,,,,,,,,,,,,,,,,,,,,,,
27-09-2022,Tue,Friendlies (M),Friendlies (M),Neutral,W 2–1,cr Costa Rica,uz Uzbekistan,N,"On matchday squad, but did not play",Match Report,,,,,,,,,,,,,,,,,,,,,,,,,,,,,,,,,,,,,,,,,,,,
27-09-2022,Tue,Friendlies (M),Friendlies (M),Neutral,W 2–1,cr Costa Rica,uz Uzbekistan,Y,FW,45,0.0,0.0,0.0,0.0,,,0.0,0.0,,,,,,,0.0,,,Match Report,,,,,,,,,,,,,,,,,,,,,,,,,,
27-09-2022,Tue,Friendlies (M),Friendlies (M),Neutral,W 2–1,cr Costa Rica,uz Uzbekistan,N,"On matchday squad, but did not play",Match Report,,,,,,,,,,,,,,,,,,,,,,,,,,,,,,,,,,,,,,,,,,,,
27-09-2022,Tue,Friendlies (M),Friendlies (M),Neutral,W 2–1,cr Costa Rica,uz Uzbekistan,Y,RB,90,0.0,0.0,0.0,0.0,,,1.0,0.0,,,,,,,,,,Match Report,,,,,,,,,,,,,,,,,,,,,,,,,,
23-11-2022,Wed,World Cup,Group stage,Neutral,L 0–7,cr Costa Rica,es Spain,N,"On matchday squad, but did not play",Match Report,,,,,,,,,,,,,,,,,,,,,,,,,,,,,,,,,0.0,0.0,0.0,,0.0,1.0,0.0,1.0,2.0,2.0,4.0,0.0
23-11-2022,Wed,World Cup,Group stage,Neutral,L 0–7,cr Costa Rica,es Spain,Y,LB,81,0.0,0.0,0.0,0.0,0.0,0.0,0.0,0.0,,,,,,1.0,,,,Match Report,28.0,3.0,1.0,0.0,0.0,0.0,0.0,0.0,12.0,19.0,63.2,1.0,0.0,0.0,0.0,0.0,0.0,,0.0,1.0,0.0,1.0,2.0,2.0,4.0,0.0
23-11-2022,Wed,World Cup,Group stage,Neutral,L 0–7,cr Costa Rica,es Spain,Y,LM,60,0.0,0.0,0.0,0.0,0.0,0.0,0.0,0.0,,,,,,0.0,,,,Match Report,11.0,0.0,2.0,0.0,0.0,0.0,0.0,0.0,3.0,4.0,75.0,0.0,1.0,1.0,0.0,0.0,0.0,,0.0,1.0,0.0,1.0,2.0,2.0,4.0,0.0
23-11-2022,Wed,World Cup,Group stage,Neutral,L 0–7,cr Costa Rica,es Spain,N,CB,45,0.0,0.0,0.0,0.0,0.0,0.0,0.0,0.0,,,,,,2.0,,,,Match Report,19.0,0.0,1.0,0.0,0.0,0.0,0.0,0.0,10.0,13.0,76.9,0.0,0.0,0.0,0.0,0.0,0.0,,0.0,1.0,0.0,1.0,2.0,2.0,4.0,0.0
23-11-2022,Wed,World Cup,Group stage,Neutral,L 0–7,cr Costa Rica,es Spain,Y,CB,90,0.0,0.0,0.0,0.0,0.0,0.0,1.0,0.0,,,,,,0.0,,,,Match Report,33.0,5.0,0.0,0.0,0.0,0.0,0.0,0.0,17.0,25.0,68.0,2.0,0.0,0.0,0.0,0.0,0.0,,0.0,1.0,0.0,1.0,2.0,2.0,4.0,0.0
23-11-2022,Wed,World Cup,Group stage,Neutral,L 0–7,cr Costa Rica,es Spain,N,"On matchday squad, but did not play",Match Report,,,,,,,,,,,,,,,,,,,,,,,,,,,,,,,,,0.0,0.0,0.0,,0.0,1.0,0.0,1.0,2.0,2.0,4.0,0.0
23-11-2022,Wed,World Cup,Group stage,Neutral,L 0–7,cr Costa Rica,es Spain,Y,CB,90,0.0,0.0,0.0,0.0,0.0,0.0,0.0,0.0,,,,,,2.0,,,,Match Report,33.0,0.0,1.0,0.0,0.0,0.0,0.0,0.0,15.0,25.0,60.0,0.0,0.0,0.0,0.0,0.0,0.0,,0.0,1.0,0.0,1.0,2.0,2.0,4.0,0.0
23-11-2022,Wed,World Cup,Group stage,Neutral,L 0–7,cr Costa Rica,es Spain,N,"On matchday squad, but did not play",Match Report,,,,,,,,,,,,,,,,,,,,,,,,,,,,,,,,,0.0,0.0,0.0,,0.0,1.0,0.0,1.0,2.0,2.0,4.0,0.0
23-11-2022,Wed,World Cup,Group stage,Neutral,L 0–7,cr Costa Rica,es Spain,N,RM,30,0.0,0.0,0.0,0.0,0.0,0.0,0.0,0.0,,,,,,1.0,,,,Match Report,9.0,2.0,0.0,0.0,0.0,0.0,0.0,0.0,5.0,5.0,100.0,1.0,0.0,0.0,0.0,0.0,0.0,,0.0,1.0,0.0,1.0,2.0,2.0,4.0,0.0
23-11-2022,Wed,World Cup,Group stage,Neutral,L 0–7,cr Costa Rica,es Spain,Y,"RB,RM",90,0.0,0.0,0.0,0.0,0.0,0.0,0.0,0.0,,,,,,3.0,,,,Match Report,29.0,2.0,2.0,0.0,0.0,0.0,0.0,0.0,10.0,16.0,62.5,0.0,0.0,1.0,0.0,0.0,0.0,,0.0,1.0,0.0,1.0,2.0,2.0,4.0,0.0
23-11-2022,Wed,World Cup,Group stage,Neutral,L 0–7,cr Costa Rica,es Spain,Y,CM,71,0.0,0.0,0.0,0.0,0.0,0.0,0.0,0.0,,,,,,2.0,,,,Match Report,28.0,0.0,1.0,0.0,0.0,0.0,0.0,0.0,22.0,26.0,84.6,3.0,0.0,0.0,0.0,0.0,0.0,,0.0,1.0,0.0,1.0,2.0,2.0,4.0,0.0
23-11-2022,Wed,World Cup,Group stage,Neutral,L 0–7,cr Costa Rica,es Spain,Y*,GK,90,0.0,0.0,0.0,0.0,0.0,0.0,0.0,0.0,,,,,,1.0,,,,Match Report,28.0,1.0,0.0,0.0,0.0,0.0,0.0,0.0,15.0,25.0,60.0,0.0,0.0,0.0,0.0,0.0,0.0,,0.0,1.0,0.0,1.0,2.0,2.0,4.0,0.0
23-11-2022,Wed,World Cup,Group stage,Neutral,L 0–7,cr Costa Rica,es Spain,N,"On matchday squad, but did not play",Match Report,,,,,,,,,,,,,,,,,,,,,,,,,,,,,,,,,0.0,0.0,0.0,,0.0,1.0,0.0,1.0,2.0,2.0,4.0,0.0
23-11-2022,Wed,World Cup,Group stage,Neutral,L 0–7,cr Costa Rica,es Spain,Y,"FW,RM",60,0.0,0.0,0.0,0.0,0.0,0.0,0.0,0.0,,,,,,1.0,,,,Match Report,13.0,3.0,0.0,0.0,0.0,0.0,0.0,0.0,4.0,7.0,57.1,0.0,0.0,0.0,0.0,0.0,0.0,,0.0,1.0,0.0,1.0,2.0,2.0,4.0,0.0
23-11-2022,Wed,World Cup,Group stage,Neutral,L 0–7,cr Costa Rica,es Spain,Y,"RB,CB",45,0.0,0.0,0.0,0.0,0.0,0.0,0.0,0.0,,,,,,1.0,,,,Match Report,20.0,1.0,1.0,0.0,0.0,0.0,0.0,0.0,10.0,15.0,66.7,0.0,0.0,0.0,0.0,0.0,0.0,,0.0,1.0,0.0,1.0,2.0,2.0,4.0,0.0
23-11-2022,Wed,World Cup,Group stage,Neutral,L 0–7,cr Costa Rica,es Spain,N,"On matchday squad, but did not play",Match Report,,,,,,,,,,,,,,,,,,,,,,,,,,,,,,,,,0.0,0.0,0.0,,0.0,1.0,0.0,1.0,2.0,2.0,4.0,0.0
23-11-2022,Wed,World Cup,Group stage,Neutral,L 0–7,cr Costa Rica,es Spain,N,LM,30,0.0,0.0,0.0,0.0,0.0,0.0,0.0,0.0,,,,,,0.0,,,,Match Report,14.0,1.0,1.0,0.0,0.0,0.0,0.0,0.0,8.0,12.0,66.7,0.0,1.0,1.0,0.0,0.0,0.0,,0.0,1.0,0.0,1.0,2.0,2.0,4.0,0.0
23-11-2022,Wed,World Cup,Group stage,Neutral,L 0–7,cr Costa Rica,es Spain,Y,"FW,RM",90,0.0,0.0,0.0,0.0,0.0,0.0,1.0,0.0,,,,,,0.0,,,,Match Report,33.0,2.0,2.0,0.0,0.0,0.0,0.0,0.0,18.0,25.0,72.0,1.0,0.0,0.0,0.0,0.0,0.0,,0.0,1.0,0.0,1.0,2.0,2.0,4.0,0.0
23-11-2022,Wed,World Cup,Group stage,Neutral,L 0–7,cr Costa Rica,es Spain,N,"On matchday squad, but did not play",Match Report,,,,,,,,,,,,,,,,,,,,,,,,,,,,,,,,,0.0,0.0,0.0,,0.0,1.0,0.0,1.0,2.0,2.0,4.0,0.0
23-11-2022,Wed,World Cup,Group stage,Neutral,L 0–7,cr Costa Rica,es Spain,N,CM,19,0.0,0.0,0.0,0.0,0.0,0.0,0.0,0.0,,,,,,0.0,,,,Match Report,11.0,0.0,0.0,0.0,0.0,0.0,0.0,0.0,8.0,10.0,80.0,1.0,0.0,0.0,0.0,0.0,0.0,,0.0,1.0,0.0,1.0,2.0,2.0,4.0,0.0
23-11-2022,Wed,World Cup,Group stage,Neutral,L 0–7,cr Costa Rica,es Spain,N,"On matchday squad, but did not play",Match Report,,,,,,,,,,,,,,,,,,,,,,,,,,,,,,,,,0.0,0.0,0.0,,0.0,1.0,0.0,1.0,2.0,2.0,4.0,0.0
23-11-2022,Wed,World Cup,Group stage,Neutral,L 0–7,cr Costa Rica,es Spain,N,"On matchday squad, but did not play",Match Report,,,,,,,,,,,,,,,,,,,,,,,,,,,,,,,,,0.0,0.0,0.0,,0.0,1.0,0.0,1.0,2.0,2.0,4.0,0.0
23-11-2022,Wed,World Cup,Group stage,Neutral,L 0–7,cr Costa Rica,es Spain,N,"On matchday squad, but did not play",Match Report,,,,,,,,,,,,,,,,,,,,,,,,,,,,,,,,,0.0,0.0,0.0,,0.0,1.0,0.0,1.0,2.0,2.0,4.0,0.0
