Date,Defensive Day,Defensive Comp,Defensive Round,Defensive Venue,Defensive Result,Defensive Squad,Defensive Opponent,Defensive Start,Defensive Pos,Defensive Min,Defensive Tkl,Defensive TklW,Defensive Def 3rd,Defensive Mid 3rd,Defensive Att 3rd,Defensive Tkl.1,Defensive Att,Defensive Tkl%,Defensive Past,Defensive Blocks,Defensive Sh,Defensive Pass,Defensive Int,Defensive Tkl+Int,Defensive Clr,Defensive Err,Defensive Match Report
23-03-2018,Fri,Friendlies (M),Friendlies (M),Home,W 2–0,ar Argentina,it Italy,Y,LB,90,,,,,,,,,,,,,,,,,Match Report
23-03-2018,Fri,Friendlies (M),Friendlies (M),Home,W 2–0,ar Argentina,it Italy,N,"On matchday squad, but did not play",Match Report,,,,,,,,,,,,,,,,,
23-03-2018,Fri,Friendlies (M),Friendlies (M),Home,W 2–0,ar Argentina,it Italy,N,"On matchday squad, but did not play",Match Report,,,,,,,,,,,,,,,,,
23-03-2018,Fri,Friendlies (M),Friendlies (M),Home,W 2–0,ar Argentina,it Italy,Y,AM,63,,,,,,,,,,,,,,,,,Match Report
23-03-2018,Fri,Friendlies (M),Friendlies (M),Home,W 2–0,ar Argentina,it Italy,Y*,CB,90,,,,,,,,,,,,,,,,,Match Report
23-03-2018,Fri,Friendlies (M),Friendlies (M),Home,W 2–0,ar Argentina,it Italy,N,"On matchday squad, but did not play",Match Report,,,,,,,,,,,,,,,,,
23-03-2018,Fri,Friendlies (M),Friendlies (M),Home,W 2–0,ar Argentina,it Italy,N,"On matchday squad, but did not play",Match Report,,,,,,,,,,,,,,,,,
23-03-2018,Fri,Friendlies (M),Friendlies (M),Home,W 2–0,ar Argentina,it Italy,Y,DM,63,,,,,,,,,,,,,,,,,Match Report
27-03-2018,Tue,Friendlies (M),Friendlies (M),Away,L 1–6,ar Argentina,es Spain,N,,32,,,,,,,,,,,,,,,,,Match Report
27-03-2018,Tue,Friendlies (M),Friendlies (M),Away,L 1–6,ar Argentina,es Spain,N,"On matchday squad, but did not play",Match Report,,,,,,,,,,,,,,,,,
27-03-2018,Tue,Friendlies (M),Friendlies (M),Away,L 1–6,ar Argentina,es Spain,N,"On matchday squad, but did not play",Match Report,,,,,,,,,,,,,,,,,
27-03-2018,Tue,Friendlies (M),Friendlies (M),Away,L 1–6,ar Argentina,es Spain,Y,LB,90,,,,,,,,,,,,,,,,,Match Report
27-03-2018,Tue,Friendlies (M),Friendlies (M),Away,L 1–6,ar Argentina,es Spain,N,,7,,,,,,,,,,,,,,,,,Match Report
27-03-2018,Tue,Friendlies (M),Friendlies (M),Away,L 1–6,ar Argentina,es Spain,Y,CB,90,,,,,,,,,,,,,,,,,Match Report
29-05-2018,Tue,Friendlies (M),Friendlies (M),Home,W 4–0,ar Argentina,ht Haiti,Y,CB,90,,,,,,,,,,,,,,,,,Match Report
29-05-2018,Tue,Friendlies (M),Friendlies (M),Home,W 4–0,ar Argentina,ht Haiti,Y*,CM,90,,,,,,,,,,,,,,,,,Match Report
29-05-2018,Tue,Friendlies (M),Friendlies (M),Home,W 4–0,ar Argentina,ht Haiti,N,"On matchday squad, but did not play",Match Report,,,,,,,,,,,,,,,,,
29-05-2018,Tue,Friendlies (M),Friendlies (M),Home,W 4–0,ar Argentina,ht Haiti,N,,20,,,,,,,,,,,,,,,,,Match Report
29-05-2018,Tue,Friendlies (M),Friendlies (M),Home,W 4–0,ar Argentina,ht Haiti,Y,FW,58,,,,,,,,,,,,,,,,,Match Report
29-05-2018,Tue,Friendlies (M),Friendlies (M),Home,W 4–0,ar Argentina,ht Haiti,N,"On matchday squad, but did not play",Match Report,,,,,,,,,,,,,,,,,
29-05-2018,Tue,Friendlies (M),Friendlies (M),Home,W 4–0,ar Argentina,ht Haiti,Y,LB,70,,,,,,,,,,,,,,,,,Match Report
16-06-2018,Sat,FIFA World Cup,Group stage,Neutral,D 1–1,ar Argentina,is Iceland,N,"On matchday squad, but did not play",Match Report,,,,,,,,,,,,,,,,,
16-06-2018,Sat,FIFA World Cup,Group stage,Neutral,D 1–1,ar Argentina,is Iceland,N,"On matchday squad, but did not play",Match Report,,,,,,,,,,,,,,,,,
16-06-2018,Sat,FIFA World Cup,Group stage,Neutral,D 1–1,ar Argentina,is Iceland,N,"On matchday squad, but did not play",Match Report,,,,,,,,,,,,,,,,,
16-06-2018,Sat,FIFA World Cup,Group stage,Neutral,D 1–1,ar Argentina,is Iceland,Y*,"AM,CM",90,1,1,0,1,0,0,2,0,2,0,0,0,1,2,0,0,Match Report
16-06-2018,Sat,FIFA World Cup,Group stage,Neutral,D 1–1,ar Argentina,is Iceland,Y,LB,90,0,0,0,0,0,0,1,0,1,0,0,0,0,0,0,0,Match Report
16-06-2018,Sat,FIFA World Cup,Group stage,Neutral,D 1–1,ar Argentina,is Iceland,Y,CB,90,1,1,0,1,0,0,0,,0,1,0,1,1,2,9,0,Match Report
16-06-2018,Sat,FIFA World Cup,Group stage,Neutral,D 1–1,ar Argentina,is Iceland,Y,LW,74,0,0,0,0,0,0,0,,0,0,0,0,0,0,0,0,Match Report
21-06-2018,Thu,FIFA World Cup,Group stage,Neutral,L 0–3,ar Argentina,hr Croatia,N,"On matchday squad, but did not play",Match Report,,,,,,,,,,,,,,,,,
21-06-2018,Thu,FIFA World Cup,Group stage,Neutral,L 0–3,ar Argentina,hr Croatia,N,WB,23,0,0,0,0,0,0,0,,0,0,0,0,0,0,0,0,Match Report
21-06-2018,Thu,FIFA World Cup,Group stage,Neutral,L 0–3,ar Argentina,hr Croatia,N,"On matchday squad, but did not play",Match Report,,,,,,,,,,,,,,,,,
21-06-2018,Thu,FIFA World Cup,Group stage,Neutral,L 0–3,ar Argentina,hr Croatia,Y,CB,90,2,2,0,2,0,0,1,0,1,3,1,2,3,5,5,0,Match Report
21-06-2018,Thu,FIFA World Cup,Group stage,Neutral,L 0–3,ar Argentina,hr Croatia,Y*,AM,90,2,2,2,0,0,0,0,,0,1,0,1,0,2,0,0,Match Report
21-06-2018,Thu,FIFA World Cup,Group stage,Neutral,L 0–3,ar Argentina,hr Croatia,Y,WB,90,3,1,1,2,0,0,2,0,2,2,1,1,0,3,2,0,Match Report
21-06-2018,Thu,FIFA World Cup,Group stage,Neutral,L 0–3,ar Argentina,hr Croatia,Y,CB,90,3,0,0,3,0,1,2,50,1,0,0,0,2,5,2,0,Match Report
26-06-2018,Tue,FIFA World Cup,Group stage,Neutral,W 2–1,ar Argentina,ng Nigeria,Y,GK,90,0,0,0,0,0,0,0,,0,0,0,0,0,0,1,0,Match Report
26-06-2018,Tue,FIFA World Cup,Group stage,Neutral,W 2–1,ar Argentina,ng Nigeria,N,"On matchday squad, but did not play",Match Report,,,,,,,,,,,,,,,,,
26-06-2018,Tue,FIFA World Cup,Group stage,Neutral,W 2–1,ar Argentina,ng Nigeria,Y,LM,71,2,1,2,0,0,0,1,0,1,0,0,0,2,4,0,0,Match Report
26-06-2018,Tue,FIFA World Cup,Group stage,Neutral,W 2–1,ar Argentina,ng Nigeria,Y,CB,90,3,2,0,3,0,0,1,0,1,1,1,0,2,5,9,0,Match Report
26-06-2018,Tue,FIFA World Cup,Group stage,Neutral,W 2–1,ar Argentina,ng Nigeria,Y,LB,79,1,0,0,0,1,0,1,0,1,0,0,0,0,1,3,0,Match Report
26-06-2018,Tue,FIFA World Cup,Group stage,Neutral,W 2–1,ar Argentina,ng Nigeria,Y*,"FW,AM",90,1,0,0,1,0,0,1,0,1,3,0,3,0,1,0,0,Match Report
26-06-2018,Tue,FIFA World Cup,Group stage,Neutral,W 2–1,ar Argentina,ng Nigeria,N,"On matchday squad, but did not play",Match Report,,,,,,,,,,,,,,,,,
30-06-2018,Sat,FIFA World Cup,Round of 16,Neutral,L 3–4,ar Argentina,fr France,N,"On matchday squad, but did not play",Match Report,,,,,,,,,,,,,,,,,
30-06-2018,Sat,FIFA World Cup,Round of 16,Neutral,L 3–4,ar Argentina,fr France,N,"On matchday squad, but did not play",Match Report,,,,,,,,,,,,,,,,,
30-06-2018,Sat,FIFA World Cup,Round of 16,Neutral,L 3–4,ar Argentina,fr France,Y,GK,90,0,0,0,0,0,0,0,,0,0,0,0,0,0,0,1,Match Report
30-06-2018,Sat,FIFA World Cup,Round of 16,Neutral,L 3–4,ar Argentina,fr France,Y,LB,90,1,1,1,0,0,1,3,33.3,2,1,0,1,0,1,0,0,Match Report
30-06-2018,Sat,FIFA World Cup,Round of 16,Neutral,L 3–4,ar Argentina,fr France,Y,CB,90,4,3,4,0,0,2,3,66.7,1,1,1,0,2,6,2,0,Match Report
30-06-2018,Sat,FIFA World Cup,Round of 16,Neutral,L 3–4,ar Argentina,fr France,Y,"LW,LM",90,0,0,0,0,0,0,3,0,3,0,0,0,0,0,0,0,Match Report
30-06-2018,Sat,FIFA World Cup,Round of 16,Neutral,L 3–4,ar Argentina,fr France,Y*,FW,90,1,1,0,0,1,1,4,25,3,3,0,3,0,1,0,0,Match Report
09-07-2018,Fri,Friendlies (M),Friendlies (M),Home,W 3–0,ar Argentina,gt Guatemala,N,"On matchday squad, but did not play",Match Report,,,,,,,,,,,,,,,,,
09-07-2018,Fri,Friendlies (M),Friendlies (M),Home,W 3–0,ar Argentina,gt Guatemala,N,"On matchday squad, but did not play",Match Report,,,,,,,,,,,,,,,,,
09-07-2018,Fri,Friendlies (M),Friendlies (M),Home,W 3–0,ar Argentina,gt Guatemala,Y,CM,65,,,,,,,,,,,,,,,,,Match Report
09-07-2018,Fri,Friendlies (M),Friendlies (M),Home,W 3–0,ar Argentina,gt Guatemala,N,"On matchday squad, but did not play",Match Report,,,,,,,,,,,,,,,,,
09-07-2018,Fri,Friendlies (M),Friendlies (M),Home,W 3–0,ar Argentina,gt Guatemala,Y,CB,55,,,,,,,,,,,,,,,,,Match Report
09-07-2018,Fri,Friendlies (M),Friendlies (M),Home,W 3–0,ar Argentina,gt Guatemala,Y,CM,45,,,,,,,,,,,,,,,,,Match Report
09-07-2018,Fri,Friendlies (M),Friendlies (M),Home,W 3–0,ar Argentina,gt Guatemala,Y*,LB,90,,,,,,,,,,,,,,,,,Match Report
09-07-2018,Fri,Friendlies (M),Friendlies (M),Home,W 3–0,ar Argentina,gt Guatemala,N,"On matchday squad, but did not play",Match Report,,,,,,,,,,,,,,,,,
09-11-2018,Tue,Friendlies (M),Friendlies (M),Away,D 0–0,ar Argentina,co Colombia,N,,6,,,,,,,,,,,,,,,,,Match Report
09-11-2018,Tue,Friendlies (M),Friendlies (M),Away,D 0–0,ar Argentina,co Colombia,Y,CM,53,,,,,,,,,,,,,,,,,Match Report
09-11-2018,Tue,Friendlies (M),Friendlies (M),Away,D 0–0,ar Argentina,co Colombia,Y,CB,90,,,,,,,,,,,,,,,,,Match Report
09-11-2018,Tue,Friendlies (M),Friendlies (M),Away,D 0–0,ar Argentina,co Colombia,Y*,LB,84,,,,,,,,,,,,,,,,,Match Report
09-11-2018,Tue,Friendlies (M),Friendlies (M),Away,D 0–0,ar Argentina,co Colombia,N,"On matchday squad, but did not play",Match Report,,,,,,,,,,,,,,,,,
09-11-2018,Tue,Friendlies (M),Friendlies (M),Away,D 0–0,ar Argentina,co Colombia,N,,23,,,,,,,,,,,,,,,,,Match Report
09-11-2018,Tue,Friendlies (M),Friendlies (M),Away,D 0–0,ar Argentina,co Colombia,Y,GK,90,,,,,,,,,,,,,,,,,Match Report
09-11-2018,Tue,Friendlies (M),Friendlies (M),Away,D 0–0,ar Argentina,co Colombia,N,,37,,,,,,,,,,,,,,,,,Match Report
10-11-2018,Thu,Friendlies (M),Friendlies (M),Away,W 4–0,ar Argentina,iq Iraq,N,"On matchday squad, but did not play",Match Report,,,,,,,,,,,,,,,,,
10-11-2018,Thu,Friendlies (M),Friendlies (M),Away,W 4–0,ar Argentina,iq Iraq,Y,FW,45,,,,,,,,,,,,,,,,,Match Report
10-11-2018,Thu,Friendlies (M),Friendlies (M),Away,W 4–0,ar Argentina,iq Iraq,Y,DM,59,,,,,,,,,,,,,,,,,Match Report
10-11-2018,Thu,Friendlies (M),Friendlies (M),Away,W 4–0,ar Argentina,iq Iraq,Y,CB,90,,,,,,,,,,,,,,,,,Match Report
10-11-2018,Thu,Friendlies (M),Friendlies (M),Away,W 4–0,ar Argentina,iq Iraq,Y,AM,90,,,,,,,,,,,,,,,,,Match Report
10-11-2018,Thu,Friendlies (M),Friendlies (M),Away,W 4–0,ar Argentina,iq Iraq,N,"On matchday squad, but did not play",Match Report,,,,,,,,,,,,,,,,,
10-11-2018,Thu,Friendlies (M),Friendlies (M),Away,W 4–0,ar Argentina,iq Iraq,Y,FW,56,,,,,,,,,,,,,,,,,Match Report
10-11-2018,Thu,Friendlies (M),Friendlies (M),Away,W 4–0,ar Argentina,iq Iraq,Y,LB,90,,,,,,,,,,,,,,,,,Match Report
16-11-2018,Fri,Friendlies (M),Friendlies (M),Home,W 2–0,ar Argentina,mx Mexico,Y,CB,90,,,,,,,,,,,,,,,,,Match Report
16-11-2018,Fri,Friendlies (M),Friendlies (M),Home,W 2–0,ar Argentina,mx Mexico,Y*,CB,90,,,,,,,,,,,,,,,,,Match Report
16-11-2018,Fri,Friendlies (M),Friendlies (M),Home,W 2–0,ar Argentina,mx Mexico,Y,DM,87,,,,,,,,,,,,,,,,,Match Report
16-11-2018,Fri,Friendlies (M),Friendlies (M),Home,W 2–0,ar Argentina,mx Mexico,Y,FW,56,,,,,,,,,,,,,,,,,Match Report
16-11-2018,Fri,Friendlies (M),Friendlies (M),Home,W 2–0,ar Argentina,mx Mexico,Y,DM,88,,,,,,,,,,,,,,,,,Match Report
16-11-2018,Fri,Friendlies (M),Friendlies (M),Home,W 2–0,ar Argentina,mx Mexico,N,"On matchday squad, but did not play",Match Report,,,,,,,,,,,,,,,,,
16-11-2018,Fri,Friendlies (M),Friendlies (M),Home,W 2–0,ar Argentina,mx Mexico,Y,AM,45,,,,,,,,,,,,,,,,,Match Report
16-11-2018,Fri,Friendlies (M),Friendlies (M),Home,W 2–0,ar Argentina,mx Mexico,N,,45,,,,,,,,,,,,,,,,,Match Report
16-11-2018,Fri,Friendlies (M),Friendlies (M),Home,W 2–0,ar Argentina,mx Mexico,Y,AM,71,,,,,,,,,,,,,,,,,Match Report
20-11-2018,Tue,Friendlies (M),Friendlies (M),Home,W 2–0,ar Argentina,mx Mexico,N,"On matchday squad, but did not play",Match Report,,,,,,,,,,,,,,,,,
20-11-2018,Tue,Friendlies (M),Friendlies (M),Home,W 2–0,ar Argentina,mx Mexico,N,"On matchday squad, but did not play",Match Report,,,,,,,,,,,,,,,,,
20-11-2018,Tue,Friendlies (M),Friendlies (M),Home,W 2–0,ar Argentina,mx Mexico,Y,LB,90,,,,,,,,,,,,,,,,,Match Report
20-11-2018,Tue,Friendlies (M),Friendlies (M),Home,W 2–0,ar Argentina,mx Mexico,Y,FW,45,,,,,,,,,,,,,,,,,Match Report
20-11-2018,Tue,Friendlies (M),Friendlies (M),Home,W 2–0,ar Argentina,mx Mexico,N,"On matchday squad, but did not play",Match Report,,,,,,,,,,,,,,,,,
20-11-2018,Tue,Friendlies (M),Friendlies (M),Home,W 2–0,ar Argentina,mx Mexico,N,"On matchday squad, but did not play",Match Report,,,,,,,,,,,,,,,,,
20-11-2018,Tue,Friendlies (M),Friendlies (M),Home,W 2–0,ar Argentina,mx Mexico,N,,36,,,,,,,,,,,,,,,,,Match Report
20-11-2018,Tue,Friendlies (M),Friendlies (M),Home,W 2–0,ar Argentina,mx Mexico,N,,10,,,,,,,,,,,,,,,,,Match Report
07-02-2019,Tue,Copa América,Semi-finals,Neutral,L 0–2,ar Argentina,br Brazil,Y*,AM,90,1,1,0,0,1,0,2,0,2,0,0,0,1,2,0,0,Match Report
07-02-2019,Tue,Copa América,Semi-finals,Neutral,L 0–2,ar Argentina,br Brazil,Y,"DM,CM",90,3,2,1,2,0,2,5,40,3,0,0,0,1,4,2,0,Match Report
07-02-2019,Tue,Copa América,Semi-finals,Neutral,L 0–2,ar Argentina,br Brazil,Y,GK,90,0,0,0,0,0,0,0,,0,0,0,0,0,0,0,0,Match Report
07-02-2019,Tue,Copa América,Semi-finals,Neutral,L 0–2,ar Argentina,br Brazil,Y,CB,90,2,1,2,0,0,1,3,33.3,2,2,0,2,2,4,4,0,Match Report
07-02-2019,Tue,Copa América,Semi-finals,Neutral,L 0–2,ar Argentina,br Brazil,Y,"RB,CB",90,3,3,2,1,0,3,4,75,1,0,0,0,0,3,2,0,Match Report
07-02-2019,Tue,Copa América,Semi-finals,Neutral,L 0–2,ar Argentina,br Brazil,N,"On matchday squad, but did not play",Match Report,,,,,,,,,,,,,,,,,
07-02-2019,Tue,Copa América,Semi-finals,Neutral,L 0–2,ar Argentina,br Brazil,N,"AM,WB,LM",32,0,0,0,0,0,0,1,0,1,0,0,0,0,0,0,0,Match Report
07-02-2019,Tue,Copa América,Semi-finals,Neutral,L 0–2,ar Argentina,br Brazil,Y,RM,66,0,0,0,0,0,0,0,,0,0,0,0,1,1,0,0,Match Report
07-02-2019,Tue,Copa América,Semi-finals,Neutral,L 0–2,ar Argentina,br Brazil,Y,CB,90,3,1,3,0,0,2,2,100,0,1,0,1,1,4,5,0,Match Report
07-02-2019,Tue,Copa América,Semi-finals,Neutral,L 0–2,ar Argentina,br Brazil,Y,LB,84,5,3,2,3,0,1,1,100,0,0,0,0,0,5,0,0,Match Report
07-02-2019,Tue,Copa América,Semi-finals,Neutral,L 0–2,ar Argentina,br Brazil,Y,FW,90,1,1,0,0,1,0,2,0,2,3,0,3,1,2,2,0,Match Report
07-02-2019,Tue,Copa América,Semi-finals,Neutral,L 0–2,ar Argentina,br Brazil,N,WB,6,0,0,0,0,0,0,1,0,1,0,0,0,0,0,0,0,Match Report
07-02-2019,Tue,Copa América,Semi-finals,Neutral,L 0–2,ar Argentina,br Brazil,Y,LM,58,1,0,0,1,0,0,2,0,2,1,0,1,1,2,0,0,Match Report
22-03-2019,Fri,Friendlies (M),Friendlies (M),Home,L 1–3,ar Argentina,ve Venezuela,Y*,FW,90,,,,,,,,,,,,,,,,,Match Report
22-03-2019,Fri,Friendlies (M),Friendlies (M),Home,L 1–3,ar Argentina,ve Venezuela,Y,FW,45,,,,,,,,,,,,,,,,,Match Report
22-03-2019,Fri,Friendlies (M),Friendlies (M),Home,L 1–3,ar Argentina,ve Venezuela,Y,CM,90,,,,,,,,,,,,,,,,,Match Report
22-03-2019,Fri,Friendlies (M),Friendlies (M),Home,L 1–3,ar Argentina,ve Venezuela,Y,CB,90,,,,,,,,,,,,,,,,,Match Report
22-03-2019,Fri,Friendlies (M),Friendlies (M),Home,L 1–3,ar Argentina,ve Venezuela,Y,RB,90,,,,,,,,,,,,,,,,,Match Report
22-03-2019,Fri,Friendlies (M),Friendlies (M),Home,L 1–3,ar Argentina,ve Venezuela,Y,LB,90,,,,,,,,,,,,,,,,,Match Report
22-03-2019,Fri,Friendlies (M),Friendlies (M),Home,L 1–3,ar Argentina,ve Venezuela,Y,GK,90,,,,,,,,,,,,,,,,,Match Report
22-03-2019,Fri,Friendlies (M),Friendlies (M),Home,L 1–3,ar Argentina,ve Venezuela,N,"On matchday squad, but did not play",Match Report,,,,,,,,,,,,,,,,,
22-03-2019,Fri,Friendlies (M),Friendlies (M),Home,L 1–3,ar Argentina,ve Venezuela,Y,CB,90,,,,,,,,,,,,,,,,,Match Report
22-03-2019,Fri,Friendlies (M),Friendlies (M),Home,L 1–3,ar Argentina,ve Venezuela,N,"On matchday squad, but did not play",Match Report,,,,,,,,,,,,,,,,,
26-03-2019,Tue,Friendlies (M),Friendlies (M),Away,W 1–0,ar Argentina,ma Morocco,N,"On matchday squad, but did not play",Match Report,,,,,,,,,,,,,,,,,
26-03-2019,Tue,Friendlies (M),Friendlies (M),Away,W 1–0,ar Argentina,ma Morocco,Y,FW,78,,,,,,,,,,,,,,,,,Match Report
26-03-2019,Tue,Friendlies (M),Friendlies (M),Away,W 1–0,ar Argentina,ma Morocco,Y,CM,75,,,,,,,,,,,,,,,,,Match Report
26-03-2019,Tue,Friendlies (M),Friendlies (M),Away,W 1–0,ar Argentina,ma Morocco,Y,CM,90,,,,,,,,,,,,,,,,,Match Report
26-03-2019,Tue,Friendlies (M),Friendlies (M),Away,W 1–0,ar Argentina,ma Morocco,Y,RB,90,,,,,,,,,,,,,,,,,Match Report
26-03-2019,Tue,Friendlies (M),Friendlies (M),Away,W 1–0,ar Argentina,ma Morocco,Y*,CB,90,,,,,,,,,,,,,,,,,Match Report
26-03-2019,Tue,Friendlies (M),Friendlies (M),Away,W 1–0,ar Argentina,ma Morocco,Y,LW,61,,,,,,,,,,,,,,,,,Match Report
26-03-2019,Tue,Friendlies (M),Friendlies (M),Away,W 1–0,ar Argentina,ma Morocco,N,"On matchday squad, but did not play",Match Report,,,,,,,,,,,,,,,,,
26-03-2019,Tue,Friendlies (M),Friendlies (M),Away,W 1–0,ar Argentina,ma Morocco,N,,29,,,,,,,,,,,,,,,,,Match Report
26-03-2019,Tue,Friendlies (M),Friendlies (M),Away,W 1–0,ar Argentina,ma Morocco,Y,LB,90,,,,,,,,,,,,,,,,,Match Report
26-03-2019,Tue,Friendlies (M),Friendlies (M),Away,W 1–0,ar Argentina,ma Morocco,Y,FW,55,,,,,,,,,,,,,,,,,Match Report
09-05-2019,Thu,Friendlies (M),Friendlies (M),Neutral,D 0–0,ar Argentina,cl Chile,N,,6,,,,,,,,,,,,,,,,,Match Report
09-05-2019,Thu,Friendlies (M),Friendlies (M),Neutral,D 0–0,ar Argentina,cl Chile,Y,FW,69,,,,,,,,,,,,,,,,,Match Report
09-05-2019,Thu,Friendlies (M),Friendlies (M),Neutral,D 0–0,ar Argentina,cl Chile,N,,38,,,,,,,,,,,,,,,,,Match Report
09-05-2019,Thu,Friendlies (M),Friendlies (M),Neutral,D 0–0,ar Argentina,cl Chile,N,"On matchday squad, but did not play",Match Report,,,,,,,,,,,,,,,,,
09-05-2019,Thu,Friendlies (M),Friendlies (M),Neutral,D 0–0,ar Argentina,cl Chile,Y,DM,84,,,,,,,,,,,,,,,,,Match Report
09-05-2019,Thu,Friendlies (M),Friendlies (M),Neutral,D 0–0,ar Argentina,cl Chile,Y,RB,90,,,,,,,,,,,,,,,,,Match Report
09-05-2019,Thu,Friendlies (M),Friendlies (M),Neutral,D 0–0,ar Argentina,cl Chile,Y,FW,90,,,,,,,,,,,,,,,,,Match Report
09-05-2019,Thu,Friendlies (M),Friendlies (M),Neutral,D 0–0,ar Argentina,cl Chile,Y*,CB,90,,,,,,,,,,,,,,,,,Match Report
09-05-2019,Thu,Friendlies (M),Friendlies (M),Neutral,D 0–0,ar Argentina,cl Chile,N,,16,,,,,,,,,,,,,,,,,Match Report
09-05-2019,Thu,Friendlies (M),Friendlies (M),Neutral,D 0–0,ar Argentina,cl Chile,Y,LB,74,,,,,,,,,,,,,,,,,Match Report
09-05-2019,Thu,Friendlies (M),Friendlies (M),Neutral,D 0–0,ar Argentina,cl Chile,N,"On matchday squad, but did not play",Match Report,,,,,,,,,,,,,,,,,
09-05-2019,Thu,Friendlies (M),Friendlies (M),Neutral,D 0–0,ar Argentina,cl Chile,Y,CM,66,,,,,,,,,,,,,,,,,Match Report
07-06-2019,Sat,Copa América,Third-place match,Neutral,W 2–1,ar Argentina,cl Chile,Y,"FW,RW",66,0,0,0,0,0,0,0,,0,1,0,1,1,1,1,0,Match Report
07-06-2019,Sat,Copa América,Third-place match,Neutral,W 2–1,ar Argentina,cl Chile,Y,"RM,CM",90,0,0,0,0,0,0,0,,0,3,0,3,1,1,0,0,Match Report
07-06-2019,Sat,Copa América,Third-place match,Neutral,W 2–1,ar Argentina,cl Chile,Y,RB,90,5,4,3,2,0,1,3,33.3,2,1,0,1,4,9,5,0,Match Report
07-06-2019,Sat,Copa América,Third-place match,Neutral,W 2–1,ar Argentina,cl Chile,Y,LB,90,2,2,2,0,0,0,1,0,1,4,0,4,0,2,5,0,Match Report
07-06-2019,Sat,Copa América,Third-place match,Neutral,W 2–1,ar Argentina,cl Chile,N,"RW,CM",24,0,0,0,0,0,0,0,,0,1,0,1,0,0,0,0,Match Report
07-06-2019,Sat,Copa América,Third-place match,Neutral,W 2–1,ar Argentina,cl Chile,N,"On matchday squad, but did not play",Match Report,,,,,,,,,,,,,,,,,
07-06-2019,Sat,Copa América,Third-place match,Neutral,W 2–1,ar Argentina,cl Chile,Y,CB,90,2,2,1,1,0,0,0,,0,0,0,0,0,2,2,0,Match Report
07-06-2019,Sat,Copa América,Third-place match,Neutral,W 2–1,ar Argentina,cl Chile,Y,GK,90,0,0,0,0,0,0,0,,0,0,0,0,0,0,1,0,Match Report
07-06-2019,Sat,Copa América,Third-place match,Neutral,W 2–1,ar Argentina,cl Chile,Y,CM,90,4,2,3,1,0,1,2,50,1,1,0,1,4,8,2,0,Match Report
07-06-2019,Sat,Copa América,Third-place match,Neutral,W 2–1,ar Argentina,cl Chile,Y,CB,90,0,0,0,0,0,0,0,,0,0,0,0,3,3,7,0,Match Report
07-06-2019,Sat,Copa América,Third-place match,Neutral,W 2–1,ar Argentina,cl Chile,Y*,RW,36,0,0,0,0,0,0,0,,0,2,0,2,0,0,0,0,Match Report
15-06-2019,Sat,Copa América,Group stage,Neutral,L 0–2,ar Argentina,co Colombia,N,"On matchday squad, but did not play",Match Report,,,,,,,,,,,,,,,,,
15-06-2019,Sat,Copa América,Group stage,Neutral,L 0–2,ar Argentina,co Colombia,Y,CM,66,1,0,0,1,0,0,2,0,2,1,0,1,0,1,2,0,Match Report
15-06-2019,Sat,Copa América,Group stage,Neutral,L 0–2,ar Argentina,co Colombia,Y,CB,90,2,2,2,0,0,2,3,66.7,1,2,0,2,3,5,8,0,Match Report
15-06-2019,Sat,Copa América,Group stage,Neutral,L 0–2,ar Argentina,co Colombia,Y,LM,45,0,0,0,0,0,0,4,0,4,1,0,1,0,0,0,0,Match Report
15-06-2019,Sat,Copa América,Group stage,Neutral,L 0–2,ar Argentina,co Colombia,N,"On matchday squad, but did not play",Match Report,,,,,,,,,,,,,,,,,
15-06-2019,Sat,Copa América,Group stage,Neutral,L 0–2,ar Argentina,co Colombia,N,"On matchday squad, but did not play",Match Report,,,,,,,,,,,,,,,,,
15-06-2019,Sat,Copa América,Group stage,Neutral,L 0–2,ar Argentina,co Colombia,Y,GK,90,0,0,0,0,0,0,0,,0,0,0,0,0,0,0,0,Match Report
15-06-2019,Sat,Copa América,Group stage,Neutral,L 0–2,ar Argentina,co Colombia,Y,CM,90,4,2,2,1,1,3,5,60,2,1,0,1,0,4,4,0,Match Report
15-06-2019,Sat,Copa América,Group stage,Neutral,L 0–2,ar Argentina,co Colombia,Y,CB,90,1,1,0,1,0,0,0,,0,3,3,0,1,2,3,0,Match Report
15-06-2019,Sat,Copa América,Group stage,Neutral,L 0–2,ar Argentina,co Colombia,N,LM,45,0,0,0,0,0,0,0,,0,0,0,0,0,0,0,0,Match Report
15-06-2019,Sat,Copa América,Group stage,Neutral,L 0–2,ar Argentina,co Colombia,Y,LB,90,4,4,1,3,0,2,3,66.7,1,1,0,1,4,8,1,0,Match Report
15-06-2019,Sat,Copa América,Group stage,Neutral,L 0–2,ar Argentina,co Colombia,N,"On matchday squad, but did not play",Match Report,,,,,,,,,,,,,,,,,
15-06-2019,Sat,Copa América,Group stage,Neutral,L 0–2,ar Argentina,co Colombia,Y*,FW,90,0,0,0,0,0,0,1,0,1,2,0,2,1,1,1,0,Match Report
19-06-2019,Wed,Copa América,Group stage,Neutral,D 1–1,ar Argentina,py Paraguay,Y,FW,66,0,0,0,0,0,0,0,,0,2,0,2,0,0,0,0,Match Report
19-06-2019,Wed,Copa América,Group stage,Neutral,D 1–1,ar Argentina,py Paraguay,N,"On matchday squad, but did not play",Match Report,,,,,,,,,,,,,,,,,
19-06-2019,Wed,Copa América,Group stage,Neutral,D 1–1,ar Argentina,py Paraguay,Y,CB,90,1,1,1,0,0,1,2,50,1,0,0,0,2,3,5,0,Match Report
19-06-2019,Wed,Copa América,Group stage,Neutral,D 1–1,ar Argentina,py Paraguay,Y,CB,90,0,0,0,0,0,0,0,,0,0,0,0,1,1,3,0,Match Report
19-06-2019,Wed,Copa América,Group stage,Neutral,D 1–1,ar Argentina,py Paraguay,Y,LB,90,1,0,0,1,0,1,1,100,0,1,1,0,0,1,3,0,Match Report
19-06-2019,Wed,Copa América,Group stage,Neutral,D 1–1,ar Argentina,py Paraguay,N,"On matchday squad, but did not play",Match Report,,,,,,,,,,,,,,,,,
19-06-2019,Wed,Copa América,Group stage,Neutral,D 1–1,ar Argentina,py Paraguay,Y,"LM,RM",86,1,1,0,1,0,0,2,0,2,0,0,0,0,1,0,0,Match Report
19-06-2019,Wed,Copa América,Group stage,Neutral,D 1–1,ar Argentina,py Paraguay,N,"On matchday squad, but did not play",Match Report,,,,,,,,,,,,,,,,,
19-06-2019,Wed,Copa América,Group stage,Neutral,D 1–1,ar Argentina,py Paraguay,N,"On matchday squad, but did not play",Match Report,,,,,,,,,,,,,,,,,
19-06-2019,Wed,Copa América,Group stage,Neutral,D 1–1,ar Argentina,py Paraguay,Y,GK,90,0,0,0,0,0,0,0,,0,0,0,0,0,0,0,0,Match Report
19-06-2019,Wed,Copa América,Group stage,Neutral,D 1–1,ar Argentina,py Paraguay,Y*,"FW,AM",90,2,0,0,2,0,1,2,50,1,0,0,0,0,2,0,0,Match Report
19-06-2019,Wed,Copa América,Group stage,Neutral,D 1–1,ar Argentina,py Paraguay,Y,"CM,DM",90,1,1,0,1,0,0,1,0,1,0,0,0,1,2,0,0,Match Report
19-06-2019,Wed,Copa América,Group stage,Neutral,D 1–1,ar Argentina,py Paraguay,N,"LM,RM,FW",24,0,0,0,0,0,0,2,0,2,0,0,0,0,0,0,0,Match Report
23-06-2019,Sun,Copa América,Group stage,Neutral,W 2–0,ar Argentina,qa Qatar,Y,FW,75,0,0,0,0,0,0,2,0,2,0,0,0,0,0,0,0,Match Report
23-06-2019,Sun,Copa América,Group stage,Neutral,W 2–0,ar Argentina,qa Qatar,N,LM,36,2,1,2,0,0,0,0,,0,2,0,2,0,2,0,0,Match Report
23-06-2019,Sun,Copa América,Group stage,Neutral,W 2–0,ar Argentina,qa Qatar,N,FW,15,0,0,0,0,0,0,0,,0,0,0,0,0,0,0,0,Match Report
23-06-2019,Sun,Copa América,Group stage,Neutral,W 2–0,ar Argentina,qa Qatar,Y,CB,84,1,1,1,0,0,1,1,100,0,1,1,0,1,2,2,1,Match Report
23-06-2019,Sun,Copa América,Group stage,Neutral,W 2–0,ar Argentina,qa Qatar,Y,GK,90,0,0,0,0,0,0,0,,0,0,0,0,0,0,1,0,Match Report
23-06-2019,Sun,Copa América,Group stage,Neutral,W 2–0,ar Argentina,qa Qatar,Y,LB,90,2,1,2,0,0,2,2,100,0,0,0,0,3,5,1,0,Match Report
23-06-2019,Sun,Copa América,Group stage,Neutral,W 2–0,ar Argentina,qa Qatar,Y,RM,90,1,1,1,0,0,0,2,0,2,1,0,1,1,2,1,0,Match Report
23-06-2019,Sun,Copa América,Group stage,Neutral,W 2–0,ar Argentina,qa Qatar,Y,CB,90,2,2,1,1,0,0,0,,0,0,0,0,3,5,1,0,Match Report
23-06-2019,Sun,Copa América,Group stage,Neutral,W 2–0,ar Argentina,qa Qatar,N,"On matchday squad, but did not play",Match Report,,,,,,,,,,,,,,,,,
23-06-2019,Sun,Copa América,Group stage,Neutral,W 2–0,ar Argentina,qa Qatar,N,"On matchday squad, but did not play",Match Report,,,,,,,,,,,,,,,,,
23-06-2019,Sun,Copa América,Group stage,Neutral,W 2–0,ar Argentina,qa Qatar,Y,CM,90,1,0,0,1,0,0,1,0,1,0,0,0,0,1,0,0,Match Report
23-06-2019,Sun,Copa América,Group stage,Neutral,W 2–0,ar Argentina,qa Qatar,N,CB,6,1,1,0,0,1,1,1,100,0,0,0,0,0,1,1,0,Match Report
23-06-2019,Sun,Copa América,Group stage,Neutral,W 2–0,ar Argentina,qa Qatar,Y*,RW,90,1,1,0,0,1,1,4,25,3,0,0,0,0,1,0,0,Match Report
28-06-2019,Fri,Copa América,Quarter-finals,Neutral,W 2–0,ar Argentina,ve Venezuela,N,"On matchday squad, but did not play",Match Report,,,,,,,,,,,,,,,,,
28-06-2019,Fri,Copa América,Quarter-finals,Neutral,W 2–0,ar Argentina,ve Venezuela,Y,RM,90,3,2,2,1,0,3,4,75,1,3,0,3,2,5,0,0,Match Report
28-06-2019,Fri,Copa América,Quarter-finals,Neutral,W 2–0,ar Argentina,ve Venezuela,Y,FW,63,1,1,0,1,0,1,1,100,0,0,0,0,0,1,0,0,Match Report
28-06-2019,Fri,Copa América,Quarter-finals,Neutral,W 2–0,ar Argentina,ve Venezuela,Y,LM,67,3,3,2,1,0,3,3,100,0,1,0,1,0,3,1,0,Match Report
28-06-2019,Fri,Copa América,Quarter-finals,Neutral,W 2–0,ar Argentina,ve Venezuela,Y,DM,90,2,0,0,2,0,1,3,33.3,2,2,1,1,0,2,1,0,Match Report
28-06-2019,Fri,Copa América,Quarter-finals,Neutral,W 2–0,ar Argentina,ve Venezuela,Y,LB,90,1,0,1,0,0,0,0,,0,1,0,1,3,4,0,0,Match Report
28-06-2019,Fri,Copa América,Quarter-finals,Neutral,W 2–0,ar Argentina,ve Venezuela,Y,CB,90,1,1,1,0,0,0,0,,0,2,1,1,0,1,9,0,Match Report
28-06-2019,Fri,Copa América,Quarter-finals,Neutral,W 2–0,ar Argentina,ve Venezuela,Y,GK,90,0,0,0,0,0,0,0,,0,0,0,0,0,0,1,0,Match Report
28-06-2019,Fri,Copa América,Quarter-finals,Neutral,W 2–0,ar Argentina,ve Venezuela,Y,CB,90,2,0,2,0,0,2,2,100,0,0,0,0,1,3,8,0,Match Report
28-06-2019,Fri,Copa América,Quarter-finals,Neutral,W 2–0,ar Argentina,ve Venezuela,N,FW,27,0,0,0,0,0,0,1,0,1,1,0,1,0,0,0,0,Match Report
28-06-2019,Fri,Copa América,Quarter-finals,Neutral,W 2–0,ar Argentina,ve Venezuela,N,FW,6,1,1,1,0,0,1,1,100,0,0,0,0,0,1,0,0,Match Report
28-06-2019,Fri,Copa América,Quarter-finals,Neutral,W 2–0,ar Argentina,ve Venezuela,Y*,AM,90,2,2,1,0,1,1,1,100,0,0,0,0,0,2,0,0,Match Report
28-06-2019,Fri,Copa América,Quarter-finals,Neutral,W 2–0,ar Argentina,ve Venezuela,Y,RB,90,6,5,5,1,0,3,5,60,2,1,0,1,0,6,6,0,Match Report
06-07-2019,Fri,Friendlies (M),Friendlies (M),Home,W 5–1,ar Argentina,ni Nicaragua,Y,CM,55,,,,,,,,,,,,,,,,,Match Report
06-07-2019,Fri,Friendlies (M),Friendlies (M),Home,W 5–1,ar Argentina,ni Nicaragua,N,,35,,,,,,,,,,,,,,,,,Match Report
06-07-2019,Fri,Friendlies (M),Friendlies (M),Home,W 5–1,ar Argentina,ni Nicaragua,N,"On matchday squad, but did not play",Match Report,,,,,,,,,,,,,,,,,
06-07-2019,Fri,Friendlies (M),Friendlies (M),Home,W 5–1,ar Argentina,ni Nicaragua,Y,CM,90,,,,,,,,,,,,,,,,,Match Report
06-07-2019,Fri,Friendlies (M),Friendlies (M),Home,W 5–1,ar Argentina,ni Nicaragua,Y,GK,90,,,,,,,,,,,,,,,,,Match Report
06-07-2019,Fri,Friendlies (M),Friendlies (M),Home,W 5–1,ar Argentina,ni Nicaragua,Y,CB,72,,,,,,,,,,,,,,,,,Match Report
06-07-2019,Fri,Friendlies (M),Friendlies (M),Home,W 5–1,ar Argentina,ni Nicaragua,N,,29,,,,,,,,,,,,,,,,,Match Report
06-07-2019,Fri,Friendlies (M),Friendlies (M),Home,W 5–1,ar Argentina,ni Nicaragua,Y,CB,90,,,,,,,,,,,,,,,,,Match Report
06-07-2019,Fri,Friendlies (M),Friendlies (M),Home,W 5–1,ar Argentina,ni Nicaragua,N,,45,,,,,,,,,,,,,,,,,Match Report
06-07-2019,Fri,Friendlies (M),Friendlies (M),Home,W 5–1,ar Argentina,ni Nicaragua,Y,LB,61,,,,,,,,,,,,,,,,,Match Report
06-07-2019,Fri,Friendlies (M),Friendlies (M),Home,W 5–1,ar Argentina,ni Nicaragua,N,,45,,,,,,,,,,,,,,,,,Match Report
06-07-2019,Fri,Friendlies (M),Friendlies (M),Home,W 5–1,ar Argentina,ni Nicaragua,Y,FW,45,,,,,,,,,,,,,,,,,Match Report
06-07-2019,Fri,Friendlies (M),Friendlies (M),Home,W 5–1,ar Argentina,ni Nicaragua,N,"On matchday squad, but did not play",Match Report,,,,,,,,,,,,,,,,,
10-09-2019,Wed,Friendlies (M),Friendlies (M),Away,D 2–2,ar Argentina,de Germany,Y,FW,89,,,,,,,,,,,,,,,,,Match Report
10-09-2019,Wed,Friendlies (M),Friendlies (M),Away,D 2–2,ar Argentina,de Germany,Y,FW,90,,,,,,,,,,,,,,,,,Match Report
10-09-2019,Wed,Friendlies (M),Friendlies (M),Away,D 2–2,ar Argentina,de Germany,N,"On matchday squad, but did not play",Match Report,,,,,,,,,,,,,,,,,
10-09-2019,Wed,Friendlies (M),Friendlies (M),Away,D 2–2,ar Argentina,de Germany,N,,45,,,,,,,,,,,,,,,,,Match Report
10-09-2019,Wed,Friendlies (M),Friendlies (M),Away,D 2–2,ar Argentina,de Germany,N,"On matchday squad, but did not play",Match Report,,,,,,,,,,,,,,,,,
10-09-2019,Wed,Friendlies (M),Friendlies (M),Away,D 2–2,ar Argentina,de Germany,Y,RB,90,,,,,,,,,,,,,,,,,Match Report
10-09-2019,Wed,Friendlies (M),Friendlies (M),Away,D 2–2,ar Argentina,de Germany,Y,DM,90,,,,,,,,,,,,,,,,,Match Report
10-09-2019,Wed,Friendlies (M),Friendlies (M),Away,D 2–2,ar Argentina,de Germany,Y,LB,90,,,,,,,,,,,,,,,,,Match Report
10-09-2019,Wed,Friendlies (M),Friendlies (M),Away,D 2–2,ar Argentina,de Germany,Y*,CB,90,,,,,,,,,,,,,,,,,Match Report
10-09-2019,Wed,Friendlies (M),Friendlies (M),Away,D 2–2,ar Argentina,de Germany,Y,DM,45,,,,,,,,,,,,,,,,,Match Report
10-09-2019,Wed,Friendlies (M),Friendlies (M),Away,D 2–2,ar Argentina,de Germany,Y,AM,61,,,,,,,,,,,,,,,,,Match Report
10-09-2019,Wed,Friendlies (M),Friendlies (M),Away,D 2–2,ar Argentina,de Germany,N,,1,,,,,,,,,,,,,,,,,Match Report
09-10-2019,Tue,Friendlies (M),Friendlies (M),Home,W 4–0,ar Argentina,mx Mexico,N,,45,,,,,,,,,,,,,,,,,Match Report
09-10-2019,Tue,Friendlies (M),Friendlies (M),Home,W 4–0,ar Argentina,mx Mexico,Y,RB,90,,,,,,,,,,,,,,,,,Match Report
09-10-2019,Tue,Friendlies (M),Friendlies (M),Home,W 4–0,ar Argentina,mx Mexico,Y,DM,90,,,,,,,,,,,,,,,,,Match Report
09-10-2019,Tue,Friendlies (M),Friendlies (M),Home,W 4–0,ar Argentina,mx Mexico,N,"On matchday squad, but did not play",Match Report,,,,,,,,,,,,,,,,,
09-10-2019,Tue,Friendlies (M),Friendlies (M),Home,W 4–0,ar Argentina,mx Mexico,Y,FW,45,,,,,,,,,,,,,,,,,Match Report
09-10-2019,Tue,Friendlies (M),Friendlies (M),Home,W 4–0,ar Argentina,mx Mexico,Y,AM,53,,,,,,,,,,,,,,,,,Match Report
09-10-2019,Tue,Friendlies (M),Friendlies (M),Home,W 4–0,ar Argentina,mx Mexico,N,"On matchday squad, but did not play",Match Report,,,,,,,,,,,,,,,,,
09-10-2019,Tue,Friendlies (M),Friendlies (M),Home,W 4–0,ar Argentina,mx Mexico,Y,AM,86,,,,,,,,,,,,,,,,,Match Report
09-10-2019,Tue,Friendlies (M),Friendlies (M),Home,W 4–0,ar Argentina,mx Mexico,Y*,LB,90,,,,,,,,,,,,,,,,,Match Report
09-10-2019,Tue,Friendlies (M),Friendlies (M),Home,W 4–0,ar Argentina,mx Mexico,Y,LW,76,,,,,,,,,,,,,,,,,Match Report
09-10-2019,Tue,Friendlies (M),Friendlies (M),Home,W 4–0,ar Argentina,mx Mexico,N,"On matchday squad, but did not play",Match Report,,,,,,,,,,,,,,,,,
13-10-2019,Sun,Friendlies (M),Friendlies (M),Home,W 6–1,ar Argentina,ec Ecuador,Y,FW,45,,,,,,,,,,,,,,,,,Match Report
13-10-2019,Sun,Friendlies (M),Friendlies (M),Home,W 6–1,ar Argentina,ec Ecuador,Y,CM,45,,,,,,,,,,,,,,,,,Match Report
13-10-2019,Sun,Friendlies (M),Friendlies (M),Home,W 6–1,ar Argentina,ec Ecuador,N,"On matchday squad, but did not play",Match Report,,,,,,,,,,,,,,,,,
13-10-2019,Sun,Friendlies (M),Friendlies (M),Home,W 6–1,ar Argentina,ec Ecuador,Y,LB,90,,,,,,,,,,,,,,,,,Match Report
13-10-2019,Sun,Friendlies (M),Friendlies (M),Home,W 6–1,ar Argentina,ec Ecuador,N,"On matchday squad, but did not play",Match Report,,,,,,,,,,,,,,,,,
13-10-2019,Sun,Friendlies (M),Friendlies (M),Home,W 6–1,ar Argentina,ec Ecuador,N,,45,,,,,,,,,,,,,,,,,Match Report
13-10-2019,Sun,Friendlies (M),Friendlies (M),Home,W 6–1,ar Argentina,ec Ecuador,N,"On matchday squad, but did not play",Match Report,,,,,,,,,,,,,,,,,
13-10-2019,Sun,Friendlies (M),Friendlies (M),Home,W 6–1,ar Argentina,ec Ecuador,Y*,CB,81,,,,,,,,,,,,,,,,,Match Report
13-10-2019,Sun,Friendlies (M),Friendlies (M),Home,W 6–1,ar Argentina,ec Ecuador,N,,45,,,,,,,,,,,,,,,,,Match Report
13-10-2019,Sun,Friendlies (M),Friendlies (M),Home,W 6–1,ar Argentina,ec Ecuador,Y,CM,90,,,,,,,,,,,,,,,,,Match Report
13-10-2019,Sun,Friendlies (M),Friendlies (M),Home,W 6–1,ar Argentina,ec Ecuador,Y,RB,76,,,,,,,,,,,,,,,,,Match Report
15-11-2019,Fri,Friendlies (M),Friendlies (M),Away,W 1–0,ar Argentina,br Brazil,Y,LB,90,,,,,,,,,,,,,,,,,Match Report
15-11-2019,Fri,Friendlies (M),Friendlies (M),Away,W 1–0,ar Argentina,br Brazil,N,,32,,,,,,,,,,,,,,,,,Match Report
15-11-2019,Fri,Friendlies (M),Friendlies (M),Away,W 1–0,ar Argentina,br Brazil,N,"On matchday squad, but did not play",Match Report,,,,,,,,,,,,,,,,,
15-11-2019,Fri,Friendlies (M),Friendlies (M),Away,W 1–0,ar Argentina,br Brazil,Y,CB,90,,,,,,,,,,,,,,,,,Match Report
15-11-2019,Fri,Friendlies (M),Friendlies (M),Away,W 1–0,ar Argentina,br Brazil,Y*,FW,90,,,,,,,,,,,,,,,,,Match Report
15-11-2019,Fri,Friendlies (M),Friendlies (M),Away,W 1–0,ar Argentina,br Brazil,Y,FW,89,,,,,,,,,,,,,,,,,Match Report
15-11-2019,Fri,Friendlies (M),Friendlies (M),Away,W 1–0,ar Argentina,br Brazil,N,,9,,,,,,,,,,,,,,,,,Match Report
15-11-2019,Fri,Friendlies (M),Friendlies (M),Away,W 1–0,ar Argentina,br Brazil,N,"On matchday squad, but did not play",Match Report,,,,,,,,,,,,,,,,,
15-11-2019,Fri,Friendlies (M),Friendlies (M),Away,W 1–0,ar Argentina,br Brazil,Y,CB,90,,,,,,,,,,,,,,,,,Match Report
15-11-2019,Fri,Friendlies (M),Friendlies (M),Away,W 1–0,ar Argentina,br Brazil,Y,DM,81,,,,,,,,,,,,,,,,,Match Report
15-11-2019,Fri,Friendlies (M),Friendlies (M),Away,W 1–0,ar Argentina,br Brazil,Y,FW,87,,,,,,,,,,,,,,,,,Match Report
15-11-2019,Fri,Friendlies (M),Friendlies (M),Away,W 1–0,ar Argentina,br Brazil,Y,RB,90,,,,,,,,,,,,,,,,,Match Report
18-11-2019,Mon,Friendlies (M),Friendlies (M),Home,D 2–2,ar Argentina,uy Uruguay,N,,3,,,,,,,,,,,,,,,,,Match Report
18-11-2019,Mon,Friendlies (M),Friendlies (M),Home,D 2–2,ar Argentina,uy Uruguay,Y,FW,75,,,,,,,,,,,,,,,,,Match Report
18-11-2019,Mon,Friendlies (M),Friendlies (M),Home,D 2–2,ar Argentina,uy Uruguay,Y,CB,90,,,,,,,,,,,,,,,,,Match Report
18-11-2019,Mon,Friendlies (M),Friendlies (M),Home,D 2–2,ar Argentina,uy Uruguay,Y,LB,90,,,,,,,,,,,,,,,,,Match Report
18-11-2019,Mon,Friendlies (M),Friendlies (M),Home,D 2–2,ar Argentina,uy Uruguay,Y,CM,78,,,,,,,,,,,,,,,,,Match Report
18-11-2019,Mon,Friendlies (M),Friendlies (M),Home,D 2–2,ar Argentina,uy Uruguay,Y*,FW,90,,,,,,,,,,,,,,,,,Match Report
18-11-2019,Mon,Friendlies (M),Friendlies (M),Home,D 2–2,ar Argentina,uy Uruguay,Y,CB,90,,,,,,,,,,,,,,,,,Match Report
18-11-2019,Mon,Friendlies (M),Friendlies (M),Home,D 2–2,ar Argentina,uy Uruguay,Y,CM,87,,,,,,,,,,,,,,,,,Match Report
18-11-2019,Mon,Friendlies (M),Friendlies (M),Home,D 2–2,ar Argentina,uy Uruguay,N,"On matchday squad, but did not play",Match Report,,,,,,,,,,,,,,,,,
18-11-2019,Mon,Friendlies (M),Friendlies (M),Home,D 2–2,ar Argentina,uy Uruguay,Y,CM,67,,,,,,,,,,,,,,,,,Match Report
18-11-2019,Mon,Friendlies (M),Friendlies (M),Home,D 2–2,ar Argentina,uy Uruguay,N,,15,,,,,,,,,,,,,,,,,Match Report
10-08-2020,Thu,WCQ,WCQ — CONMEBOL (M),Home,W 1–0,ar Argentina,ec Ecuador,Y,FW,75,,1,,,,,,,,,,,0,,,,Match Report
10-08-2020,Thu,WCQ,WCQ — CONMEBOL (M),Home,W 1–0,ar Argentina,ec Ecuador,Y,RB,83,,2,,,,,,,,,,,4,,,,Match Report
10-08-2020,Thu,WCQ,WCQ — CONMEBOL (M),Home,W 1–0,ar Argentina,ec Ecuador,N,"On matchday squad, but did not play",Match Report,,,,,,,,,,,,,,,,,
10-08-2020,Thu,WCQ,WCQ — CONMEBOL (M),Home,W 1–0,ar Argentina,ec Ecuador,N,"On matchday squad, but did not play",Match Report,,,,,,,,,,,,,,,,,
10-08-2020,Thu,WCQ,WCQ — CONMEBOL (M),Home,W 1–0,ar Argentina,ec Ecuador,Y*,AM,90,,2,,,,,,,,,,,1,,,,Match Report
10-08-2020,Thu,WCQ,WCQ — CONMEBOL (M),Home,W 1–0,ar Argentina,ec Ecuador,Y,DM,90,,1,,,,,,,,,,,3,,,,Match Report
10-08-2020,Thu,WCQ,WCQ — CONMEBOL (M),Home,W 1–0,ar Argentina,ec Ecuador,N,"On matchday squad, but did not play",Match Report,,,,,,,,,,,,,,,,,
10-08-2020,Thu,WCQ,WCQ — CONMEBOL (M),Home,W 1–0,ar Argentina,ec Ecuador,Y,CB,90,,0,,,,,,,,,,,4,,,,Match Report
10-08-2020,Thu,WCQ,WCQ — CONMEBOL (M),Home,W 1–0,ar Argentina,ec Ecuador,N,,7,,0,,,,,,,,,,,1,,,,Match Report
10-08-2020,Thu,WCQ,WCQ — CONMEBOL (M),Home,W 1–0,ar Argentina,ec Ecuador,Y,DM,65,,2,,,,,,,,,,,0,,,,Match Report
10-08-2020,Thu,WCQ,WCQ — CONMEBOL (M),Home,W 1–0,ar Argentina,ec Ecuador,Y,LB,90,,0,,,,,,,,,,,1,,,,Match Report
10-08-2020,Thu,WCQ,WCQ — CONMEBOL (M),Home,W 1–0,ar Argentina,ec Ecuador,N,"On matchday squad, but did not play",Match Report,,,,,,,,,,,,,,,,,
10-08-2020,Thu,WCQ,WCQ — CONMEBOL (M),Home,W 1–0,ar Argentina,ec Ecuador,Y,GK,90,,0,,,,,,,,,,,0,,,,Match Report
10-08-2020,Thu,WCQ,WCQ — CONMEBOL (M),Home,W 1–0,ar Argentina,ec Ecuador,Y,DM,90,,0,,,,,,,,,,,1,,,,Match Report
13-10-2020,Tue,WCQ,WCQ — CONMEBOL (M),Away,W 2–1,ar Argentina,bo Bolivia,Y,GK,90,,0,,,,,,,,,,,0,,,,Match Report
13-10-2020,Tue,WCQ,WCQ — CONMEBOL (M),Away,W 2–1,ar Argentina,bo Bolivia,Y*,FW,90,,0,,,,,,,,,,,0,,,,Match Report
13-10-2020,Tue,WCQ,WCQ — CONMEBOL (M),Away,W 2–1,ar Argentina,bo Bolivia,Y,CM,68,,2,,,,,,,,,,,1,,,,Match Report
13-10-2020,Tue,WCQ,WCQ — CONMEBOL (M),Away,W 2–1,ar Argentina,bo Bolivia,N,"On matchday squad, but did not play",Match Report,,,,,,,,,,,,,,,,,
13-10-2020,Tue,WCQ,WCQ — CONMEBOL (M),Away,W 2–1,ar Argentina,bo Bolivia,Y,CB,90,,1,,,,,,,,,,,0,,,,Match Report
13-10-2020,Tue,WCQ,WCQ — CONMEBOL (M),Away,W 2–1,ar Argentina,bo Bolivia,N,"On matchday squad, but did not play",Match Report,,,,,,,,,,,,,,,,,
13-10-2020,Tue,WCQ,WCQ — CONMEBOL (M),Away,W 2–1,ar Argentina,bo Bolivia,N,"On matchday squad, but did not play",Match Report,,,,,,,,,,,,,,,,,
13-10-2020,Tue,WCQ,WCQ — CONMEBOL (M),Away,W 2–1,ar Argentina,bo Bolivia,Y,RB,90,,1,,,,,,,,,,,2,,,,Match Report
13-10-2020,Tue,WCQ,WCQ — CONMEBOL (M),Away,W 2–1,ar Argentina,bo Bolivia,Y,CM,90,,3,,,,,,,,,,,1,,,,Match Report
13-10-2020,Tue,WCQ,WCQ — CONMEBOL (M),Away,W 2–1,ar Argentina,bo Bolivia,Y,CM,68,,0,,,,,,,,,,,1,,,,Match Report
13-10-2020,Tue,WCQ,WCQ — CONMEBOL (M),Away,W 2–1,ar Argentina,bo Bolivia,Y,FW,88,,0,,,,,,,,,,,0,,,,Match Report
13-10-2020,Tue,WCQ,WCQ — CONMEBOL (M),Away,W 2–1,ar Argentina,bo Bolivia,N,"On matchday squad, but did not play",Match Report,,,,,,,,,,,,,,,,,
13-10-2020,Tue,WCQ,WCQ — CONMEBOL (M),Away,W 2–1,ar Argentina,bo Bolivia,N,,22,,1,,,,,,,,,,,0,,,,Match Report
13-10-2020,Tue,WCQ,WCQ — CONMEBOL (M),Away,W 2–1,ar Argentina,bo Bolivia,Y,LB,90,,0,,,,,,,,,,,6,,,,Match Report
17-11-2020,Tue,WCQ,WCQ — CONMEBOL (M),Away,W 2–0,ar Argentina,pe Peru,Y*,AM,90,,1,,,,,,,,,,,1,,,,Match Report
17-11-2020,Tue,WCQ,WCQ — CONMEBOL (M),Away,W 2–0,ar Argentina,pe Peru,Y,DM,90,,1,,,,,,,,,,,5,,,,Match Report
17-11-2020,Tue,WCQ,WCQ — CONMEBOL (M),Away,W 2–0,ar Argentina,pe Peru,N,,2,,0,,,,,,,,,,,0,,,,Match Report
17-11-2020,Tue,WCQ,WCQ — CONMEBOL (M),Away,W 2–0,ar Argentina,pe Peru,Y,FW,88,,0,,,,,,,,,,,0,,,,Match Report
17-11-2020,Tue,WCQ,WCQ — CONMEBOL (M),Away,W 2–0,ar Argentina,pe Peru,Y,RB,90,,1,,,,,,,,,,,1,,,,Match Report
17-11-2020,Tue,WCQ,WCQ — CONMEBOL (M),Away,W 2–0,ar Argentina,pe Peru,N,"On matchday squad, but did not play",Match Report,,,,,,,,,,,,,,,,,
17-11-2020,Tue,WCQ,WCQ — CONMEBOL (M),Away,W 2–0,ar Argentina,pe Peru,Y,GK,90,,0,,,,,,,,,,,0,,,,Match Report
17-11-2020,Tue,WCQ,WCQ — CONMEBOL (M),Away,W 2–0,ar Argentina,pe Peru,N,,19,,0,,,,,,,,,,,1,,,,Match Report
17-11-2020,Tue,WCQ,WCQ — CONMEBOL (M),Away,W 2–0,ar Argentina,pe Peru,Y,LB,90,,0,,,,,,,,,,,1,,,,Match Report
17-11-2020,Tue,WCQ,WCQ — CONMEBOL (M),Away,W 2–0,ar Argentina,pe Peru,Y,DM,56,,0,,,,,,,,,,,1,,,,Match Report
17-11-2020,Tue,WCQ,WCQ — CONMEBOL (M),Away,W 2–0,ar Argentina,pe Peru,Y,CB,90,,1,,,,,,,,,,,2,,,,Match Report
11-12-2020,Thu,WCQ,WCQ — CONMEBOL (M),Home,D 1–1,ar Argentina,py Paraguay,Y,DM,90,,2,,,,,,,,,,,1,,,,Match Report
11-12-2020,Thu,WCQ,WCQ — CONMEBOL (M),Home,D 1–1,ar Argentina,py Paraguay,N,"On matchday squad, but did not play",Match Report,,,,,,,,,,,,,,,,,
11-12-2020,Thu,WCQ,WCQ — CONMEBOL (M),Home,D 1–1,ar Argentina,py Paraguay,Y,DM,28,,1,,,,,,,,,,,0,,,,Match Report
11-12-2020,Thu,WCQ,WCQ — CONMEBOL (M),Home,D 1–1,ar Argentina,py Paraguay,Y,DM,82,,0,,,,,,,,,,,1,,,,Match Report
11-12-2020,Thu,WCQ,WCQ — CONMEBOL (M),Home,D 1–1,ar Argentina,py Paraguay,Y*,AM,90,,0,,,,,,,,,,,0,,,,Match Report
11-12-2020,Thu,WCQ,WCQ — CONMEBOL (M),Home,D 1–1,ar Argentina,py Paraguay,Y,GK,90,,0,,,,,,,,,,,1,,,,Match Report
11-12-2020,Thu,WCQ,WCQ — CONMEBOL (M),Home,D 1–1,ar Argentina,py Paraguay,N,,31,,1,,,,,,,,,,,1,,,,Match Report
11-12-2020,Thu,WCQ,WCQ — CONMEBOL (M),Home,D 1–1,ar Argentina,py Paraguay,N,"On matchday squad, but did not play",Match Report,,,,,,,,,,,,,,,,,
11-12-2020,Thu,WCQ,WCQ — CONMEBOL (M),Home,D 1–1,ar Argentina,py Paraguay,Y,FW,82,,0,,,,,,,,,,,1,,,,Match Report
11-12-2020,Thu,WCQ,WCQ — CONMEBOL (M),Home,D 1–1,ar Argentina,py Paraguay,Y,CB,90,,1,,,,,,,,,,,4,,,,Match Report
11-12-2020,Thu,WCQ,WCQ — CONMEBOL (M),Home,D 1–1,ar Argentina,py Paraguay,N,"On matchday squad, but did not play",Match Report,,,,,,,,,,,,,,,,,
11-12-2020,Thu,WCQ,WCQ — CONMEBOL (M),Home,D 1–1,ar Argentina,py Paraguay,Y,CB,90,,0,,,,,,,,,,,0,,,,Match Report
09-02-2021,Thu,WCQ,WCQ — CONMEBOL (M),Away,W 3–1,ar Argentina,ve Venezuela,Y,CM,75,,1,,,,,,,,,,,1,,,,Match Report
09-02-2021,Thu,WCQ,WCQ — CONMEBOL (M),Away,W 3–1,ar Argentina,ve Venezuela,N,,28,,0,,,,,,,,,,,0,,,,Match Report
09-02-2021,Thu,WCQ,WCQ — CONMEBOL (M),Away,W 3–1,ar Argentina,ve Venezuela,Y,GK,90,,0,,,,,,,,,,,0,,,,Match Report
09-02-2021,Thu,WCQ,WCQ — CONMEBOL (M),Away,W 3–1,ar Argentina,ve Venezuela,Y,LB,90,,2,,,,,,,,,,,3,,,,Match Report
09-02-2021,Thu,WCQ,WCQ — CONMEBOL (M),Away,W 3–1,ar Argentina,ve Venezuela,Y,FW,74,,2,,,,,,,,,,,0,,,,Match Report
09-02-2021,Thu,WCQ,WCQ — CONMEBOL (M),Away,W 3–1,ar Argentina,ve Venezuela,N,,11,,0,,,,,,,,,,,0,,,,Match Report
09-02-2021,Thu,WCQ,WCQ — CONMEBOL (M),Away,W 3–1,ar Argentina,ve Venezuela,N,,15,,1,,,,,,,,,,,0,,,,Match Report
09-02-2021,Thu,WCQ,WCQ — CONMEBOL (M),Away,W 3–1,ar Argentina,ve Venezuela,N,"On matchday squad, but did not play",Match Report,,,,,,,,,,,,,,,,,
09-02-2021,Thu,WCQ,WCQ — CONMEBOL (M),Away,W 3–1,ar Argentina,ve Venezuela,Y,CM,79,,1,,,,,,,,,,,2,,,,Match Report
09-02-2021,Thu,WCQ,WCQ — CONMEBOL (M),Away,W 3–1,ar Argentina,ve Venezuela,N,,16,,1,,,,,,,,,,,0,,,,Match Report
09-02-2021,Thu,WCQ,WCQ — CONMEBOL (M),Away,W 3–1,ar Argentina,ve Venezuela,Y,RM,62,,0,,,,,,,,,,,0,,,,Match Report
09-02-2021,Thu,WCQ,WCQ — CONMEBOL (M),Away,W 3–1,ar Argentina,ve Venezuela,N,"On matchday squad, but did not play",Match Report,,,,,,,,,,,,,,,,,
09-02-2021,Thu,WCQ,WCQ — CONMEBOL (M),Away,W 3–1,ar Argentina,ve Venezuela,Y,RB,90,,0,,,,,,,,,,,0,,,,Match Report
09-02-2021,Thu,WCQ,WCQ — CONMEBOL (M),Away,W 3–1,ar Argentina,ve Venezuela,Y*,FW,90,,0,,,,,,,,,,,0,,,,Match Report
09-02-2021,Thu,WCQ,WCQ — CONMEBOL (M),Away,W 3–1,ar Argentina,ve Venezuela,Y,CB,90,,2,,,,,,,,,,,2,,,,Match Report
09-02-2021,Thu,WCQ,WCQ — CONMEBOL (M),Away,W 3–1,ar Argentina,ve Venezuela,Y,CB,90,,1,,,,,,,,,,,2,,,,Match Report
06-03-2021,Thu,WCQ,WCQ — CONMEBOL (M),Home,D 1–1,ar Argentina,cl Chile,N,,45,,0,,,,,,,,,,,1,,,,Match Report
06-03-2021,Thu,WCQ,WCQ — CONMEBOL (M),Home,D 1–1,ar Argentina,cl Chile,N,"On matchday squad, but did not play",Match Report,,,,,,,,,,,,,,,,,
06-03-2021,Thu,WCQ,WCQ — CONMEBOL (M),Home,D 1–1,ar Argentina,cl Chile,Y,CM,90,,0,,,,,,,,,,,1,,,,Match Report
06-03-2021,Thu,WCQ,WCQ — CONMEBOL (M),Home,D 1–1,ar Argentina,cl Chile,Y,FW,90,,0,,,,,,,,,,,0,,,,Match Report
06-03-2021,Thu,WCQ,WCQ — CONMEBOL (M),Home,D 1–1,ar Argentina,cl Chile,N,,10,,0,,,,,,,,,,,0,,,,Match Report
06-03-2021,Thu,WCQ,WCQ — CONMEBOL (M),Home,D 1–1,ar Argentina,cl Chile,N,"On matchday squad, but did not play",Match Report,,,,,,,,,,,,,,,,,
06-03-2021,Thu,WCQ,WCQ — CONMEBOL (M),Home,D 1–1,ar Argentina,cl Chile,Y*,FW,90,,1,,,,,,,,,,,0,,,,Match Report
06-03-2021,Thu,WCQ,WCQ — CONMEBOL (M),Home,D 1–1,ar Argentina,cl Chile,Y,RB,80,,1,,,,,,,,,,,1,,,,Match Report
06-03-2021,Thu,WCQ,WCQ — CONMEBOL (M),Home,D 1–1,ar Argentina,cl Chile,N,,29,,2,,,,,,,,,,,0,,,,Match Report
06-03-2021,Thu,WCQ,WCQ — CONMEBOL (M),Home,D 1–1,ar Argentina,cl Chile,Y,CB,90,,1,,,,,,,,,,,3,,,,Match Report
06-03-2021,Thu,WCQ,WCQ — CONMEBOL (M),Home,D 1–1,ar Argentina,cl Chile,N,"On matchday squad, but did not play",Match Report,,,,,,,,,,,,,,,,,
06-03-2021,Thu,WCQ,WCQ — CONMEBOL (M),Home,D 1–1,ar Argentina,cl Chile,Y,CM,80,,1,,,,,,,,,,,2,,,,Match Report
06-03-2021,Thu,WCQ,WCQ — CONMEBOL (M),Home,D 1–1,ar Argentina,cl Chile,Y,LW,61,,2,,,,,,,,,,,1,,,,Match Report
06-03-2021,Thu,WCQ,WCQ — CONMEBOL (M),Home,D 1–1,ar Argentina,cl Chile,N,,10,,0,,,,,,,,,,,0,,,,Match Report
06-03-2021,Thu,WCQ,WCQ — CONMEBOL (M),Home,D 1–1,ar Argentina,cl Chile,Y,GK,90,,0,,,,,,,,,,,0,,,,Match Report
06-03-2021,Thu,WCQ,WCQ — CONMEBOL (M),Home,D 1–1,ar Argentina,cl Chile,N,"On matchday squad, but did not play",Match Report,,,,,,,,,,,,,,,,,
06-03-2021,Thu,WCQ,WCQ — CONMEBOL (M),Home,D 1–1,ar Argentina,cl Chile,Y,LB,90,,3,,,,,,,,,,,1,,,,Match Report
07-03-2021,Sat,Copa América,Quarter-finals,Neutral,W 3–0,ar Argentina,ec Ecuador,Y,RB,90,0,0,0,0,0,0,0,,0,0,0,0,1,1,4,0,Match Report
07-03-2021,Sat,Copa América,Quarter-finals,Neutral,W 3–0,ar Argentina,ec Ecuador,Y,"LB,LM",90,2,2,1,1,0,2,3,66.7,1,0,0,0,0,2,0,0,Match Report
07-03-2021,Sat,Copa América,Quarter-finals,Neutral,W 3–0,ar Argentina,ec Ecuador,N,"RM,LM",20,0,0,0,0,0,0,0,,0,0,0,0,0,0,1,0,Match Report
07-03-2021,Sat,Copa América,Quarter-finals,Neutral,W 3–0,ar Argentina,ec Ecuador,Y,CB,90,1,1,1,0,0,1,1,100,0,0,0,0,0,1,5,0,Match Report
07-03-2021,Sat,Copa América,Quarter-finals,Neutral,W 3–0,ar Argentina,ec Ecuador,N,"On matchday squad, but did not play",Match Report,,,,,,,,,,,,,,,,,
07-03-2021,Sat,Copa América,Quarter-finals,Neutral,W 3–0,ar Argentina,ec Ecuador,Y,"RM,CM",90,2,2,1,1,0,1,1,100,0,1,0,1,1,3,0,0,Match Report
07-03-2021,Sat,Copa América,Quarter-finals,Neutral,W 3–0,ar Argentina,ec Ecuador,N,"On matchday squad, but did not play",Match Report,,,,,,,,,,,,,,,,,
07-03-2021,Sat,Copa América,Quarter-finals,Neutral,W 3–0,ar Argentina,ec Ecuador,Y*,"RW,FW",90,1,1,0,1,0,1,1,100,0,0,0,0,1,2,0,0,Match Report
07-03-2021,Sat,Copa América,Quarter-finals,Neutral,W 3–0,ar Argentina,ec Ecuador,N,LB,8,0,0,0,0,0,0,0,,0,0,0,0,0,0,0,0,Match Report
07-03-2021,Sat,Copa América,Quarter-finals,Neutral,W 3–0,ar Argentina,ec Ecuador,Y,GK,90,0,0,0,0,0,0,0,,0,0,0,0,0,0,0,0,Match Report
07-03-2021,Sat,Copa América,Quarter-finals,Neutral,W 3–0,ar Argentina,ec Ecuador,N,"On matchday squad, but did not play",Match Report,,,,,,,,,,,,,,,,,
07-03-2021,Sat,Copa América,Quarter-finals,Neutral,W 3–0,ar Argentina,ec Ecuador,N,CM,20,1,0,1,0,0,1,2,50,1,0,0,0,1,2,0,0,Match Report
07-03-2021,Sat,Copa América,Quarter-finals,Neutral,W 3–0,ar Argentina,ec Ecuador,Y,CB,90,0,0,0,0,0,0,0,,0,0,0,0,0,0,3,0,Match Report
07-03-2021,Sat,Copa América,Quarter-finals,Neutral,W 3–0,ar Argentina,ec Ecuador,Y,CM,70,1,0,0,1,0,0,1,0,1,0,0,0,0,1,1,0,Match Report
07-03-2021,Sat,Copa América,Quarter-finals,Neutral,W 3–0,ar Argentina,ec Ecuador,Y,FW,89,1,1,0,1,0,1,3,33.3,2,0,0,0,1,2,3,0,Match Report
07-03-2021,Sat,Copa América,Quarter-finals,Neutral,W 3–0,ar Argentina,ec Ecuador,N,"On matchday squad, but did not play",Match Report,,,,,,,,,,,,,,,,,
07-03-2021,Sat,Copa América,Quarter-finals,Neutral,W 3–0,ar Argentina,ec Ecuador,N,"On matchday squad, but did not play",Match Report,,,,,,,,,,,,,,,,,
07-03-2021,Sat,Copa América,Quarter-finals,Neutral,W 3–0,ar Argentina,ec Ecuador,N,"On matchday squad, but did not play",Match Report,,,,,,,,,,,,,,,,,
09-05-2021,Sun,WCQ,WCQ — CONMEBOL (M),Away,0–0,ar Argentina,br Brazil,Y*,AM,90,,0,,,,,,,,,,,0,,,,Match Report
09-05-2021,Sun,WCQ,WCQ — CONMEBOL (M),Away,0–0,ar Argentina,br Brazil,Y,RB,90,,0,,,,,,,,,,,1,,,,Match Report
09-05-2021,Sun,WCQ,WCQ — CONMEBOL (M),Away,0–0,ar Argentina,br Brazil,N,"On matchday squad, but did not play",Match Report,,,,,,,,,,,,,,,,,
09-05-2021,Sun,WCQ,WCQ — CONMEBOL (M),Away,0–0,ar Argentina,br Brazil,N,"On matchday squad, but did not play",Match Report,,,,,,,,,,,,,,,,,
09-05-2021,Sun,WCQ,WCQ — CONMEBOL (M),Away,0–0,ar Argentina,br Brazil,N,"On matchday squad, but did not play",Match Report,,,,,,,,,,,,,,,,,
09-05-2021,Sun,WCQ,WCQ — CONMEBOL (M),Away,0–0,ar Argentina,br Brazil,Y,CB,90,,0,,,,,,,,,,,0,,,,Match Report
09-05-2021,Sun,WCQ,WCQ — CONMEBOL (M),Away,0–0,ar Argentina,br Brazil,N,"On matchday squad, but did not play",Match Report,,,,,,,,,,,,,,,,,
09-05-2021,Sun,WCQ,WCQ — CONMEBOL (M),Away,0–0,ar Argentina,br Brazil,N,"On matchday squad, but did not play",Match Report,,,,,,,,,,,,,,,,,
09-05-2021,Sun,WCQ,WCQ — CONMEBOL (M),Away,0–0,ar Argentina,br Brazil,Y,CB,90,,1,,,,,,,,,,,0,,,,Match Report
09-05-2021,Sun,WCQ,WCQ — CONMEBOL (M),Away,0–0,ar Argentina,br Brazil,N,"On matchday squad, but did not play",Match Report,,,,,,,,,,,,,,,,,
09-05-2021,Sun,WCQ,WCQ — CONMEBOL (M),Away,0–0,ar Argentina,br Brazil,N,"On matchday squad, but did not play",Match Report,,,,,,,,,,,,,,,,,
09-05-2021,Sun,WCQ,WCQ — CONMEBOL (M),Away,0–0,ar Argentina,br Brazil,Y,DM,90,,0,,,,,,,,,,,0,,,,Match Report
09-05-2021,Sun,WCQ,WCQ — CONMEBOL (M),Away,0–0,ar Argentina,br Brazil,Y,DM,90,,0,,,,,,,,,,,0,,,,Match Report
09-05-2021,Sun,WCQ,WCQ — CONMEBOL (M),Away,0–0,ar Argentina,br Brazil,Y,DM,90,,0,,,,,,,,,,,0,,,,Match Report
09-05-2021,Sun,WCQ,WCQ — CONMEBOL (M),Away,0–0,ar Argentina,br Brazil,N,"On matchday squad, but did not play",Match Report,,,,,,,,,,,,,,,,,
09-05-2021,Sun,WCQ,WCQ — CONMEBOL (M),Away,0–0,ar Argentina,br Brazil,Y,GK,90,,0,,,,,,,,,,,0,,,,Match Report
09-05-2021,Sun,WCQ,WCQ — CONMEBOL (M),Away,0–0,ar Argentina,br Brazil,Y,LB,90,,0,,,,,,,,,,,0,,,,Match Report
09-05-2021,Sun,WCQ,WCQ — CONMEBOL (M),Away,0–0,ar Argentina,br Brazil,Y,FW,90,,0,,,,,,,,,,,0,,,,Match Report
07-06-2021,Tue,Copa América,Semi-finals,Home,D 1 (3)–1 (2),ar Argentina,co Colombia,N,"DM,CM",65,2,2,0,1,1,1,1,100,0,0,0,0,1,3,0,0,Match Report
07-06-2021,Tue,Copa América,Semi-finals,Home,D 1 (3)–1 (2),ar Argentina,co Colombia,N,RW,54,0,0,0,0,0,0,3,0,3,0,0,0,0,0,0,0,Match Report
07-06-2021,Tue,Copa América,Semi-finals,Home,D 1 (3)–1 (2),ar Argentina,co Colombia,Y,FW,120,2,1,1,0,1,1,2,50,1,1,0,1,0,2,0,0,Match Report
07-06-2021,Tue,Copa América,Semi-finals,Home,D 1 (3)–1 (2),ar Argentina,co Colombia,Y,LB,120,3,1,1,2,0,2,3,66.7,1,0,0,0,2,5,3,0,Match Report
07-06-2021,Tue,Copa América,Semi-finals,Home,D 1 (3)–1 (2),ar Argentina,co Colombia,N,"On matchday squad, but did not play",Match Report,,,,,,,,,,,,,,,,,
07-06-2021,Tue,Copa América,Semi-finals,Home,D 1 (3)–1 (2),ar Argentina,co Colombia,Y*,"RW,AM",120,1,0,0,1,0,0,3,0,3,2,1,1,0,1,0,0,Match Report
07-06-2021,Tue,Copa América,Semi-finals,Home,D 1 (3)–1 (2),ar Argentina,co Colombia,Y,RB,45,1,1,1,0,0,1,2,50,1,2,2,0,1,2,0,0,Match Report
07-06-2021,Tue,Copa América,Semi-finals,Home,D 1 (3)–1 (2),ar Argentina,co Colombia,Y,"CM,DM,LM",120,2,0,0,2,0,1,5,20,4,2,1,1,0,2,3,0,Match Report
07-06-2021,Tue,Copa América,Semi-finals,Home,D 1 (3)–1 (2),ar Argentina,co Colombia,N,"On matchday squad, but did not play",Match Report,,,,,,,,,,,,,,,,,
07-06-2021,Tue,Copa América,Semi-finals,Home,D 1 (3)–1 (2),ar Argentina,co Colombia,N,"On matchday squad, but did not play",Match Report,,,,,,,,,,,,,,,,,
07-06-2021,Tue,Copa América,Semi-finals,Home,D 1 (3)–1 (2),ar Argentina,co Colombia,N,"On matchday squad, but did not play",Match Report,,,,,,,,,,,,,,,,,
07-06-2021,Tue,Copa América,Semi-finals,Home,D 1 (3)–1 (2),ar Argentina,co Colombia,Y,GK,120,0,0,0,0,0,0,0,,0,0,0,0,0,0,0,0,Match Report
07-06-2021,Tue,Copa América,Semi-finals,Home,D 1 (3)–1 (2),ar Argentina,co Colombia,Y,CB,120,0,0,0,0,0,0,1,0,1,2,2,0,2,2,0,0,Match Report
07-06-2021,Tue,Copa América,Semi-finals,Home,D 1 (3)–1 (2),ar Argentina,co Colombia,N,"On matchday squad, but did not play",Match Report,,,,,,,,,,,,,,,,,
07-06-2021,Tue,Copa América,Semi-finals,Home,D 1 (3)–1 (2),ar Argentina,co Colombia,Y,"RM,LW",120,2,0,2,0,0,2,5,40,3,2,0,2,1,3,0,0,Match Report
07-06-2021,Tue,Copa América,Semi-finals,Home,D 1 (3)–1 (2),ar Argentina,co Colombia,Y,CB,120,1,1,1,0,0,1,1,100,0,0,0,0,1,2,3,0,Match Report
07-06-2021,Tue,Copa América,Semi-finals,Home,D 1 (3)–1 (2),ar Argentina,co Colombia,N,RB,75,3,1,0,3,0,2,4,50,2,0,0,0,1,4,2,0,Match Report
07-06-2021,Tue,Copa América,Semi-finals,Home,D 1 (3)–1 (2),ar Argentina,co Colombia,N,"On matchday squad, but did not play",Match Report,,,,,,,,,,,,,,,,,
14-06-2021,Mon,Copa América,Group stage,Neutral,D 1–1,ar Argentina,cl Chile,N,"On matchday squad, but did not play",Match Report,,,,,,,,,,,,,,,,,
14-06-2021,Mon,Copa América,Group stage,Neutral,D 1–1,ar Argentina,cl Chile,N,CM,23,1,0,0,1,0,1,1,100,0,0,0,0,0,1,0,0,Match Report
14-06-2021,Mon,Copa América,Group stage,Neutral,D 1–1,ar Argentina,cl Chile,N,"On matchday squad, but did not play",Match Report,,,,,,,,,,,,,,,,,
14-06-2021,Mon,Copa América,Group stage,Neutral,D 1–1,ar Argentina,cl Chile,Y,FW,79,1,0,0,0,1,1,1,100,0,1,0,1,0,1,1,0,Match Report
14-06-2021,Mon,Copa América,Group stage,Neutral,D 1–1,ar Argentina,cl Chile,N,RB,6,0,0,0,0,0,0,0,,0,0,0,0,0,0,0,0,Match Report
14-06-2021,Mon,Copa América,Group stage,Neutral,D 1–1,ar Argentina,cl Chile,Y,"RM,CM",90,1,1,0,1,0,0,0,,0,0,0,0,2,3,2,0,Match Report
14-06-2021,Mon,Copa América,Group stage,Neutral,D 1–1,ar Argentina,cl Chile,Y,CM,67,2,1,2,0,0,0,0,,0,0,0,0,0,2,1,0,Match Report
14-06-2021,Mon,Copa América,Group stage,Neutral,D 1–1,ar Argentina,cl Chile,N,"On matchday squad, but did not play",Match Report,,,,,,,,,,,,,,,,,
14-06-2021,Mon,Copa América,Group stage,Neutral,D 1–1,ar Argentina,cl Chile,N,"On matchday squad, but did not play",Match Report,,,,,,,,,,,,,,,,,
14-06-2021,Mon,Copa América,Group stage,Neutral,D 1–1,ar Argentina,cl Chile,Y*,"RW,FW",90,1,1,0,0,1,0,2,0,2,0,0,0,0,1,0,0,Match Report
14-06-2021,Mon,Copa América,Group stage,Neutral,D 1–1,ar Argentina,cl Chile,N,RM,24,0,0,0,0,0,0,0,,0,1,0,1,0,0,0,0,Match Report
14-06-2021,Mon,Copa América,Group stage,Neutral,D 1–1,ar Argentina,cl Chile,Y,CB,90,4,3,3,1,0,3,3,100,0,0,0,0,3,7,6,0,Match Report
14-06-2021,Mon,Copa América,Group stage,Neutral,D 1–1,ar Argentina,cl Chile,N,"On matchday squad, but did not play",Match Report,,,,,,,,,,,,,,,,,
14-06-2021,Mon,Copa América,Group stage,Neutral,D 1–1,ar Argentina,cl Chile,Y,GK,90,0,0,0,0,0,0,0,,0,0,0,0,0,0,0,0,Match Report
14-06-2021,Mon,Copa América,Group stage,Neutral,D 1–1,ar Argentina,cl Chile,Y,RB,84,1,1,1,0,0,1,1,100,0,1,0,1,2,3,1,0,Match Report
14-06-2021,Mon,Copa América,Group stage,Neutral,D 1–1,ar Argentina,cl Chile,N,"On matchday squad, but did not play",Match Report,,,,,,,,,,,,,,,,,
14-06-2021,Mon,Copa América,Group stage,Neutral,D 1–1,ar Argentina,cl Chile,Y,LB,90,1,0,0,1,0,0,0,,0,0,0,0,2,3,1,0,Match Report
18-06-2021,Fri,Copa América,Group stage,Neutral,W 1–0,ar Argentina,uy Uruguay,N,"On matchday squad, but did not play",Match Report,,,,,,,,,,,,,,,,,
18-06-2021,Fri,Copa América,Group stage,Neutral,W 1–0,ar Argentina,uy Uruguay,N,"LM,CM",39,0,0,0,0,0,0,0,,0,0,0,0,0,0,0,0,Match Report
18-06-2021,Fri,Copa América,Group stage,Neutral,W 1–0,ar Argentina,uy Uruguay,Y,RM,89,1,1,0,1,0,1,1,100,0,0,0,0,3,4,2,0,Match Report
18-06-2021,Fri,Copa América,Group stage,Neutral,W 1–0,ar Argentina,uy Uruguay,N,"On matchday squad, but did not play",Match Report,,,,,,,,,,,,,,,,,
18-06-2021,Fri,Copa América,Group stage,Neutral,W 1–0,ar Argentina,uy Uruguay,Y,FW,51,0,0,0,0,0,0,0,,0,2,1,1,1,1,1,0,Match Report
18-06-2021,Fri,Copa América,Group stage,Neutral,W 1–0,ar Argentina,uy Uruguay,N,"On matchday squad, but did not play",Match Report,,,,,,,,,,,,,,,,,
18-06-2021,Fri,Copa América,Group stage,Neutral,W 1–0,ar Argentina,uy Uruguay,Y,GK,90,0,0,0,0,0,0,0,,0,0,0,0,0,0,0,0,Match Report
18-06-2021,Fri,Copa América,Group stage,Neutral,W 1–0,ar Argentina,uy Uruguay,N,CB,1,0,0,0,0,0,0,0,,0,0,0,0,0,0,0,0,Match Report
18-06-2021,Fri,Copa América,Group stage,Neutral,W 1–0,ar Argentina,uy Uruguay,N,"On matchday squad, but did not play",Match Report,,,,,,,,,,,,,,,,,
18-06-2021,Fri,Copa América,Group stage,Neutral,W 1–0,ar Argentina,uy Uruguay,N,"LW,FW",21,0,0,0,0,0,0,0,,0,0,0,0,0,0,0,0,Match Report
18-06-2021,Fri,Copa América,Group stage,Neutral,W 1–0,ar Argentina,uy Uruguay,Y,CB,90,0,0,0,0,0,0,0,,0,0,0,0,3,3,3,0,Match Report
18-06-2021,Fri,Copa América,Group stage,Neutral,W 1–0,ar Argentina,uy Uruguay,Y,CM,90,3,3,1,0,2,1,2,50,1,1,0,1,1,4,5,0,Match Report
18-06-2021,Fri,Copa América,Group stage,Neutral,W 1–0,ar Argentina,uy Uruguay,Y,LB,90,3,1,1,2,0,1,1,100,0,3,0,3,3,6,1,0,Match Report
18-06-2021,Fri,Copa América,Group stage,Neutral,W 1–0,ar Argentina,uy Uruguay,Y,RB,90,0,0,0,0,0,0,0,,0,1,0,1,1,1,0,0,Match Report
18-06-2021,Fri,Copa América,Group stage,Neutral,W 1–0,ar Argentina,uy Uruguay,N,"On matchday squad, but did not play",Match Report,,,,,,,,,,,,,,,,,
18-06-2021,Fri,Copa América,Group stage,Neutral,W 1–0,ar Argentina,uy Uruguay,Y,CB,90,1,1,1,0,0,0,0,,0,1,0,1,0,1,1,0,Match Report
18-06-2021,Fri,Copa América,Group stage,Neutral,W 1–0,ar Argentina,uy Uruguay,Y*,"RW,FW",90,1,1,0,0,1,0,0,,0,0,0,0,0,1,0,0,Match Report
21-06-2021,Mon,Copa América,Group stage,Neutral,W 1–0,ar Argentina,py Paraguay,Y,RW,80,2,2,0,2,0,0,2,0,2,5,0,5,1,3,1,0,Match Report
21-06-2021,Mon,Copa América,Group stage,Neutral,W 1–0,ar Argentina,py Paraguay,Y,"DM,CM",90,2,2,2,0,0,0,4,0,4,5,2,3,3,5,0,0,Match Report
21-06-2021,Mon,Copa América,Group stage,Neutral,W 1–0,ar Argentina,py Paraguay,N,"On matchday squad, but did not play",Match Report,,,,,,,,,,,,,,,,,
21-06-2021,Mon,Copa América,Group stage,Neutral,W 1–0,ar Argentina,py Paraguay,N,"On matchday squad, but did not play",Match Report,,,,,,,,,,,,,,,,,
21-06-2021,Mon,Copa América,Group stage,Neutral,W 1–0,ar Argentina,py Paraguay,Y,GK,90,0,0,0,0,0,0,0,,0,0,0,0,0,0,0,0,Match Report
21-06-2021,Mon,Copa América,Group stage,Neutral,W 1–0,ar Argentina,py Paraguay,N,RM,19,0,0,0,0,0,0,1,0,1,1,0,1,0,0,0,0,Match Report
21-06-2021,Mon,Copa América,Group stage,Neutral,W 1–0,ar Argentina,py Paraguay,Y,"DM,LM",80,3,0,2,1,0,3,3,100,0,1,0,1,0,3,3,0,Match Report
21-06-2021,Mon,Copa América,Group stage,Neutral,W 1–0,ar Argentina,py Paraguay,Y,CB,90,1,1,0,1,0,1,1,100,0,1,1,0,2,3,3,0,Match Report
21-06-2021,Mon,Copa América,Group stage,Neutral,W 1–0,ar Argentina,py Paraguay,N,"On matchday squad, but did not play",Match Report,,,,,,,,,,,,,,,,,
21-06-2021,Mon,Copa América,Group stage,Neutral,W 1–0,ar Argentina,py Paraguay,Y,LB,90,2,1,2,0,0,1,1,100,0,2,1,1,2,4,1,0,Match Report
21-06-2021,Mon,Copa América,Group stage,Neutral,W 1–0,ar Argentina,py Paraguay,Y,RB,90,6,3,5,1,0,3,5,60,2,1,0,1,3,9,6,0,Match Report
21-06-2021,Mon,Copa América,Group stage,Neutral,W 1–0,ar Argentina,py Paraguay,N,"On matchday squad, but did not play",Match Report,,,,,,,,,,,,,,,,,
21-06-2021,Mon,Copa América,Group stage,Neutral,W 1–0,ar Argentina,py Paraguay,N,RW,10,0,0,0,0,0,0,1,0,1,1,0,1,0,0,0,0,Match Report
21-06-2021,Mon,Copa América,Group stage,Neutral,W 1–0,ar Argentina,py Paraguay,N,"On matchday squad, but did not play",Match Report,,,,,,,,,,,,,,,,,
21-06-2021,Mon,Copa América,Group stage,Neutral,W 1–0,ar Argentina,py Paraguay,Y,CB,90,3,1,2,1,0,2,2,100,0,3,1,2,2,5,3,0,Match Report
21-06-2021,Mon,Copa América,Group stage,Neutral,W 1–0,ar Argentina,py Paraguay,Y,LW,71,0,0,0,0,0,0,1,0,1,0,0,0,2,2,1,0,Match Report
21-06-2021,Mon,Copa América,Group stage,Neutral,W 1–0,ar Argentina,py Paraguay,N,"On matchday squad, but did not play",Match Report,,,,,,,,,,,,,,,,,
21-06-2021,Mon,Copa América,Group stage,Neutral,W 1–0,ar Argentina,py Paraguay,Y*,"AM,FW",90,2,1,1,1,0,1,2,50,1,1,0,1,0,2,0,0,Match Report
28-06-2021,Mon,Copa América,Group stage,Neutral,W 4–1,ar Argentina,bo Bolivia,Y,"RW,LW",63,1,1,0,1,0,0,0,,0,1,0,1,0,1,0,0,Match Report
28-06-2021,Mon,Copa América,Group stage,Neutral,W 4–1,ar Argentina,bo Bolivia,Y,"DM,RM",70,1,1,0,1,0,1,1,100,0,1,0,1,1,2,0,0,Match Report
28-06-2021,Mon,Copa América,Group stage,Neutral,W 4–1,ar Argentina,bo Bolivia,Y,LB,90,0,0,0,0,0,0,2,0,2,0,0,0,0,0,0,0,Match Report
28-06-2021,Mon,Copa América,Group stage,Neutral,W 4–1,ar Argentina,bo Bolivia,Y,GK,90,0,0,0,0,0,0,0,,0,0,0,0,0,0,0,0,Match Report
28-06-2021,Mon,Copa América,Group stage,Neutral,W 4–1,ar Argentina,bo Bolivia,Y,CB,90,1,0,1,0,0,0,0,,0,0,0,0,2,3,7,0,Match Report
28-06-2021,Mon,Copa América,Group stage,Neutral,W 4–1,ar Argentina,bo Bolivia,N,"On matchday squad, but did not play",Match Report,,,,,,,,,,,,,,,,,
28-06-2021,Mon,Copa América,Group stage,Neutral,W 4–1,ar Argentina,bo Bolivia,Y,CB,90,0,0,0,0,0,0,0,,0,1,1,0,1,1,1,0,Match Report
28-06-2021,Mon,Copa América,Group stage,Neutral,W 4–1,ar Argentina,bo Bolivia,Y,RB,90,0,0,0,0,0,0,0,,0,0,0,0,2,2,0,0,Match Report
28-06-2021,Mon,Copa América,Group stage,Neutral,W 4–1,ar Argentina,bo Bolivia,N,CM,20,1,1,0,1,0,0,0,,0,3,2,1,0,1,0,0,Match Report
28-06-2021,Mon,Copa América,Group stage,Neutral,W 4–1,ar Argentina,bo Bolivia,Y,LW,55,3,3,1,2,0,1,2,50,1,0,0,0,0,3,0,0,Match Report
28-06-2021,Mon,Copa América,Group stage,Neutral,W 4–1,ar Argentina,bo Bolivia,Y*,"AM,FW,RW",90,1,0,0,1,0,0,0,,0,0,0,0,1,2,0,0,Match Report
28-06-2021,Mon,Copa América,Group stage,Neutral,W 4–1,ar Argentina,bo Bolivia,N,"RM,RW,LW",35,1,1,0,1,0,0,0,,0,1,0,1,0,1,0,0,Match Report
28-06-2021,Mon,Copa América,Group stage,Neutral,W 4–1,ar Argentina,bo Bolivia,Y,"DM,CM",70,3,2,1,2,0,1,2,50,1,0,0,0,3,6,0,0,Match Report
28-06-2021,Mon,Copa América,Group stage,Neutral,W 4–1,ar Argentina,bo Bolivia,N,"On matchday squad, but did not play",Match Report,,,,,,,,,,,,,,,,,
28-06-2021,Mon,Copa América,Group stage,Neutral,W 4–1,ar Argentina,bo Bolivia,N,"On matchday squad, but did not play",Match Report,,,,,,,,,,,,,,,,,
28-06-2021,Mon,Copa América,Group stage,Neutral,W 4–1,ar Argentina,bo Bolivia,N,FW,28,0,0,0,0,0,0,0,,0,1,0,1,0,0,0,0,Match Report
10-07-2021,Thu,WCQ,WCQ — CONMEBOL (M),Away,D 0–0,ar Argentina,py Paraguay,Y,LB,56,,0,,,,,,,,,,,1,,,,Match Report
10-07-2021,Thu,WCQ,WCQ — CONMEBOL (M),Away,D 0–0,ar Argentina,py Paraguay,N,"On matchday squad, but did not play",Match Report,,,,,,,,,,,,,,,,,
10-07-2021,Thu,WCQ,WCQ — CONMEBOL (M),Away,D 0–0,ar Argentina,py Paraguay,N,,15,,0,,,,,,,,,,,0,,,,Match Report
10-07-2021,Thu,WCQ,WCQ — CONMEBOL (M),Away,D 0–0,ar Argentina,py Paraguay,N,"On matchday squad, but did not play",Match Report,,,,,,,,,,,,,,,,,
10-07-2021,Thu,WCQ,WCQ — CONMEBOL (M),Away,D 0–0,ar Argentina,py Paraguay,N,,24,,0,,,,,,,,,,,1,,,,Match Report
10-07-2021,Thu,WCQ,WCQ — CONMEBOL (M),Away,D 0–0,ar Argentina,py Paraguay,Y,RB,90,,1,,,,,,,,,,,3,,,,Match Report
10-07-2021,Thu,WCQ,WCQ — CONMEBOL (M),Away,D 0–0,ar Argentina,py Paraguay,Y,CB,90,,0,,,,,,,,,,,3,,,,Match Report
10-07-2021,Thu,WCQ,WCQ — CONMEBOL (M),Away,D 0–0,ar Argentina,py Paraguay,Y*,AM,90,,0,,,,,,,,,,,1,,,,Match Report
10-07-2021,Thu,WCQ,WCQ — CONMEBOL (M),Away,D 0–0,ar Argentina,py Paraguay,N,"On matchday squad, but did not play",Match Report,,,,,,,,,,,,,,,,,
10-07-2021,Thu,WCQ,WCQ — CONMEBOL (M),Away,D 0–0,ar Argentina,py Paraguay,Y,CB,90,,1,,,,,,,,,,,1,,,,Match Report
10-07-2021,Thu,WCQ,WCQ — CONMEBOL (M),Away,D 0–0,ar Argentina,py Paraguay,N,,34,,1,,,,,,,,,,,0,,,,Match Report
10-07-2021,Thu,WCQ,WCQ — CONMEBOL (M),Away,D 0–0,ar Argentina,py Paraguay,Y,DM,66,,0,,,,,,,,,,,0,,,,Match Report
10-07-2021,Thu,WCQ,WCQ — CONMEBOL (M),Away,D 0–0,ar Argentina,py Paraguay,N,,24,,0,,,,,,,,,,,1,,,,Match Report
10-07-2021,Thu,WCQ,WCQ — CONMEBOL (M),Away,D 0–0,ar Argentina,py Paraguay,Y,AM,66,,0,,,,,,,,,,,0,,,,Match Report
10-07-2021,Thu,WCQ,WCQ — CONMEBOL (M),Away,D 0–0,ar Argentina,py Paraguay,Y,GK,90,,0,,,,,,,,,,,0,,,,Match Report
10-07-2021,Thu,WCQ,WCQ — CONMEBOL (M),Away,D 0–0,ar Argentina,py Paraguay,Y,DM,90,,3,,,,,,,,,,,0,,,,Match Report
10-07-2021,Thu,WCQ,WCQ — CONMEBOL (M),Away,D 0–0,ar Argentina,py Paraguay,N,"On matchday squad, but did not play",Match Report,,,,,,,,,,,,,,,,,
06-08-2021,Tue,WCQ,WCQ — CONMEBOL (M),Away,D 2–2,ar Argentina,co Colombia,Y*,FW,90,,1,,,,,,,,,,,0,,,,Match Report
06-08-2021,Tue,WCQ,WCQ — CONMEBOL (M),Away,D 2–2,ar Argentina,co Colombia,N,"On matchday squad, but did not play",Match Report,,,,,,,,,,,,,,,,,
06-08-2021,Tue,WCQ,WCQ — CONMEBOL (M),Away,D 2–2,ar Argentina,co Colombia,N,"On matchday squad, but did not play",Match Report,,,,,,,,,,,,,,,,,
06-08-2021,Tue,WCQ,WCQ — CONMEBOL (M),Away,D 2–2,ar Argentina,co Colombia,Y,FW,90,,0,,,,,,,,,,,1,,,,Match Report
06-08-2021,Tue,WCQ,WCQ — CONMEBOL (M),Away,D 2–2,ar Argentina,co Colombia,N,"On matchday squad, but did not play",Match Report,,,,,,,,,,,,,,,,,
06-08-2021,Tue,WCQ,WCQ — CONMEBOL (M),Away,D 2–2,ar Argentina,co Colombia,Y,CM,90,,1,,,,,,,,,,,1,,,,Match Report
06-08-2021,Tue,WCQ,WCQ — CONMEBOL (M),Away,D 2–2,ar Argentina,co Colombia,N,,27,,1,,,,,,,,,,,0,,,,Match Report
06-08-2021,Tue,WCQ,WCQ — CONMEBOL (M),Away,D 2–2,ar Argentina,co Colombia,N,"On matchday squad, but did not play",Match Report,,,,,,,,,,,,,,,,,
06-08-2021,Tue,WCQ,WCQ — CONMEBOL (M),Away,D 2–2,ar Argentina,co Colombia,N,,26,,0,,,,,,,,,,,0,,,,Match Report
06-08-2021,Tue,WCQ,WCQ — CONMEBOL (M),Away,D 2–2,ar Argentina,co Colombia,Y,LB,90,,0,,,,,,,,,,,0,,,,Match Report
06-08-2021,Tue,WCQ,WCQ — CONMEBOL (M),Away,D 2–2,ar Argentina,co Colombia,Y,RB,90,,2,,,,,,,,,,,2,,,,Match Report
06-08-2021,Tue,WCQ,WCQ — CONMEBOL (M),Away,D 2–2,ar Argentina,co Colombia,Y,GK,39,,0,,,,,,,,,,,0,,,,Match Report
06-08-2021,Tue,WCQ,WCQ — CONMEBOL (M),Away,D 2–2,ar Argentina,co Colombia,Y,CB,63,,0,,,,,,,,,,,0,,,,Match Report
06-08-2021,Tue,WCQ,WCQ — CONMEBOL (M),Away,D 2–2,ar Argentina,co Colombia,Y,CM,90,,2,,,,,,,,,,,0,,,,Match Report
06-08-2021,Tue,WCQ,WCQ — CONMEBOL (M),Away,D 2–2,ar Argentina,co Colombia,N,,37,,0,,,,,,,,,,,1,,,,Match Report
06-08-2021,Tue,WCQ,WCQ — CONMEBOL (M),Away,D 2–2,ar Argentina,co Colombia,Y,CB,90,,1,,,,,,,,,,,0,,,,Match Report
09-09-2021,Thu,WCQ,WCQ — CONMEBOL (M),Home,W 3–0,ar Argentina,bo Bolivia,Y,CM,90,,1,,,,,,,,,,,2,,,,Match Report
09-09-2021,Thu,WCQ,WCQ — CONMEBOL (M),Home,W 3–0,ar Argentina,bo Bolivia,Y,FW,70,,1,,,,,,,,,,,1,,,,Match Report
09-09-2021,Thu,WCQ,WCQ — CONMEBOL (M),Home,W 3–0,ar Argentina,bo Bolivia,Y,LB,90,,2,,,,,,,,,,,0,,,,Match Report
09-09-2021,Thu,WCQ,WCQ — CONMEBOL (M),Home,W 3–0,ar Argentina,bo Bolivia,N,"On matchday squad, but did not play",Match Report,,,,,,,,,,,,,,,,,
09-09-2021,Thu,WCQ,WCQ — CONMEBOL (M),Home,W 3–0,ar Argentina,bo Bolivia,Y,CM,81,,0,,,,,,,,,,,1,,,,Match Report
09-09-2021,Thu,WCQ,WCQ — CONMEBOL (M),Home,W 3–0,ar Argentina,bo Bolivia,Y,RB,90,,2,,,,,,,,,,,0,,,,Match Report
09-09-2021,Thu,WCQ,WCQ — CONMEBOL (M),Home,W 3–0,ar Argentina,bo Bolivia,Y,LM,61,,2,,,,,,,,,,,1,,,,Match Report
09-09-2021,Thu,WCQ,WCQ — CONMEBOL (M),Home,W 3–0,ar Argentina,bo Bolivia,N,,20,,0,,,,,,,,,,,0,,,,Match Report
09-09-2021,Thu,WCQ,WCQ — CONMEBOL (M),Home,W 3–0,ar Argentina,bo Bolivia,Y,CB,81,,2,,,,,,,,,,,0,,,,Match Report
09-09-2021,Thu,WCQ,WCQ — CONMEBOL (M),Home,W 3–0,ar Argentina,bo Bolivia,N,"On matchday squad, but did not play",Match Report,,,,,,,,,,,,,,,,,
09-09-2021,Thu,WCQ,WCQ — CONMEBOL (M),Home,W 3–0,ar Argentina,bo Bolivia,N,"On matchday squad, but did not play",Match Report,,,,,,,,,,,,,,,,,
09-09-2021,Thu,WCQ,WCQ — CONMEBOL (M),Home,W 3–0,ar Argentina,bo Bolivia,Y,RM,70,,2,,,,,,,,,,,1,,,,Match Report
09-09-2021,Thu,WCQ,WCQ — CONMEBOL (M),Home,W 3–0,ar Argentina,bo Bolivia,Y,CB,90,,1,,,,,,,,,,,0,,,,Match Report
09-09-2021,Thu,WCQ,WCQ — CONMEBOL (M),Home,W 3–0,ar Argentina,bo Bolivia,N,"On matchday squad, but did not play",Match Report,,,,,,,,,,,,,,,,,
09-09-2021,Thu,WCQ,WCQ — CONMEBOL (M),Home,W 3–0,ar Argentina,bo Bolivia,N,"On matchday squad, but did not play",Match Report,,,,,,,,,,,,,,,,,
09-09-2021,Thu,WCQ,WCQ — CONMEBOL (M),Home,W 3–0,ar Argentina,bo Bolivia,N,,9,,0,,,,,,,,,,,0,,,,Match Report
09-09-2021,Thu,WCQ,WCQ — CONMEBOL (M),Home,W 3–0,ar Argentina,bo Bolivia,Y*,FW,90,,1,,,,,,,,,,,0,,,,Match Report
07-10-2021,Sat,Copa América,Final,Neutral,W 1–0,ar Argentina,br Brazil,Y,CB,90,4,1,2,2,0,1,2,50,1,4,2,2,3,7,2,0,Match Report
07-10-2021,Sat,Copa América,Final,Neutral,W 1–0,ar Argentina,br Brazil,Y,RM,78,0,0,0,0,0,0,3,0,3,0,0,0,1,1,0,0,Match Report
07-10-2021,Sat,Copa América,Final,Neutral,W 1–0,ar Argentina,br Brazil,N,LB,28,1,0,1,0,0,0,0,,0,0,0,0,0,1,0,0,Match Report
07-10-2021,Sat,Copa América,Final,Neutral,W 1–0,ar Argentina,br Brazil,N,CB,12,0,0,0,0,0,0,2,0,2,1,1,0,0,0,2,0,Match Report
07-10-2021,Sat,Copa América,Final,Neutral,W 1–0,ar Argentina,br Brazil,Y,RB,90,7,4,5,2,0,4,4,100,0,1,1,0,0,7,5,0,Match Report
07-10-2021,Sat,Copa América,Final,Neutral,W 1–0,ar Argentina,br Brazil,Y,FW,78,1,0,0,1,0,1,1,100,0,1,0,1,0,1,0,0,Match Report
07-10-2021,Sat,Copa América,Final,Neutral,W 1–0,ar Argentina,br Brazil,N,RM,12,0,0,0,0,0,0,0,,0,0,0,0,0,0,3,0,Match Report
07-10-2021,Sat,Copa América,Final,Neutral,W 1–0,ar Argentina,br Brazil,N,CM,37,1,1,1,0,0,1,2,50,1,1,1,0,0,1,1,0,Match Report
07-10-2021,Sat,Copa América,Final,Neutral,W 1–0,ar Argentina,br Brazil,Y,CB,78,1,1,1,0,0,1,2,50,1,2,1,1,1,2,1,0,Match Report
07-10-2021,Sat,Copa América,Final,Neutral,W 1–0,ar Argentina,br Brazil,N,"On matchday squad, but did not play",Match Report,,,,,,,,,,,,,,,,,
07-10-2021,Sat,Copa América,Final,Neutral,W 1–0,ar Argentina,br Brazil,Y*,FW,90,1,1,0,0,1,1,5,20,4,3,0,3,0,1,0,0,Match Report
07-10-2021,Sat,Copa América,Final,Neutral,W 1–0,ar Argentina,br Brazil,N,"On matchday squad, but did not play",Match Report,,,,,,,,,,,,,,,,,
07-10-2021,Sat,Copa América,Final,Neutral,W 1–0,ar Argentina,br Brazil,N,"On matchday squad, but did not play",Match Report,,,,,,,,,,,,,,,,,
07-10-2021,Sat,Copa América,Final,Neutral,W 1–0,ar Argentina,br Brazil,Y,"LB,LM",90,2,1,2,0,0,1,2,50,1,0,0,0,3,5,1,0,Match Report
07-10-2021,Sat,Copa América,Final,Neutral,W 1–0,ar Argentina,br Brazil,N,"On matchday squad, but did not play",Match Report,,,,,,,,,,,,,,,,,
07-10-2021,Sat,Copa América,Final,Neutral,W 1–0,ar Argentina,br Brazil,N,"On matchday squad, but did not play",Match Report,,,,,,,,,,,,,,,,,
07-10-2021,Sat,Copa América,Final,Neutral,W 1–0,ar Argentina,br Brazil,Y,GK,90,0,0,0,0,0,0,0,,0,0,0,0,0,0,0,0,Match Report
07-10-2021,Sat,Copa América,Final,Neutral,W 1–0,ar Argentina,br Brazil,Y,CM,53,3,2,0,2,1,2,3,66.7,1,1,0,1,1,4,0,0,Match Report
07-10-2021,Sat,Copa América,Final,Neutral,W 1–0,ar Argentina,br Brazil,Y,CM,90,4,2,4,0,0,3,5,60,2,0,0,0,1,5,0,0,Match Report
10-10-2021,Sun,WCQ,WCQ — CONMEBOL (M),Home,W 3–0,ar Argentina,uy Uruguay,N,,26,,0,,,,,,,,,,,1,,,,Match Report
10-10-2021,Sun,WCQ,WCQ — CONMEBOL (M),Home,W 3–0,ar Argentina,uy Uruguay,Y,GK,90,,0,,,,,,,,,,,0,,,,Match Report
10-10-2021,Sun,WCQ,WCQ — CONMEBOL (M),Home,W 3–0,ar Argentina,uy Uruguay,Y,FW,64,,0,,,,,,,,,,,0,,,,Match Report
10-10-2021,Sun,WCQ,WCQ — CONMEBOL (M),Home,W 3–0,ar Argentina,uy Uruguay,N,"On matchday squad, but did not play",Match Report,,,,,,,,,,,,,,,,,
10-10-2021,Sun,WCQ,WCQ — CONMEBOL (M),Home,W 3–0,ar Argentina,uy Uruguay,Y,DM,64,,0,,,,,,,,,,,0,,,,Match Report
10-10-2021,Sun,WCQ,WCQ — CONMEBOL (M),Home,W 3–0,ar Argentina,uy Uruguay,N,"On matchday squad, but did not play",Match Report,,,,,,,,,,,,,,,,,
10-10-2021,Sun,WCQ,WCQ — CONMEBOL (M),Home,W 3–0,ar Argentina,uy Uruguay,N,"On matchday squad, but did not play",Match Report,,,,,,,,,,,,,,,,,
10-10-2021,Sun,WCQ,WCQ — CONMEBOL (M),Home,W 3–0,ar Argentina,uy Uruguay,Y*,AM,90,,0,,,,,,,,,,,0,,,,Match Report
10-10-2021,Sun,WCQ,WCQ — CONMEBOL (M),Home,W 3–0,ar Argentina,uy Uruguay,N,,16,,0,,,,,,,,,,,0,,,,Match Report
10-10-2021,Sun,WCQ,WCQ — CONMEBOL (M),Home,W 3–0,ar Argentina,uy Uruguay,Y,LB,90,,1,,,,,,,,,,,0,,,,Match Report
10-10-2021,Sun,WCQ,WCQ — CONMEBOL (M),Home,W 3–0,ar Argentina,uy Uruguay,N,,16,,0,,,,,,,,,,,1,,,,Match Report
10-10-2021,Sun,WCQ,WCQ — CONMEBOL (M),Home,W 3–0,ar Argentina,uy Uruguay,Y,CB,90,,3,,,,,,,,,,,1,,,,Match Report
10-10-2021,Sun,WCQ,WCQ — CONMEBOL (M),Home,W 3–0,ar Argentina,uy Uruguay,Y,CB,80,,1,,,,,,,,,,,0,,,,Match Report
10-10-2021,Sun,WCQ,WCQ — CONMEBOL (M),Home,W 3–0,ar Argentina,uy Uruguay,N,"On matchday squad, but did not play",Match Report,,,,,,,,,,,,,,,,,
10-10-2021,Sun,WCQ,WCQ — CONMEBOL (M),Home,W 3–0,ar Argentina,uy Uruguay,Y,RB,90,,2,,,,,,,,,,,0,,,,Match Report
10-10-2021,Sun,WCQ,WCQ — CONMEBOL (M),Home,W 3–0,ar Argentina,uy Uruguay,N,"On matchday squad, but did not play",Match Report,,,,,,,,,,,,,,,,,
10-10-2021,Sun,WCQ,WCQ — CONMEBOL (M),Home,W 3–0,ar Argentina,uy Uruguay,N,"On matchday squad, but did not play",Match Report,,,,,,,,,,,,,,,,,
10-10-2021,Sun,WCQ,WCQ — CONMEBOL (M),Home,W 3–0,ar Argentina,uy Uruguay,Y,DM,74,,0,,,,,,,,,,,1,,,,Match Report
14-10-2021,Thu,WCQ,WCQ — CONMEBOL (M),Home,W 1–0,ar Argentina,pe Peru,N,,18,,0,,,,,,,,,,,1,,,,Match Report
14-10-2021,Thu,WCQ,WCQ — CONMEBOL (M),Home,W 1–0,ar Argentina,pe Peru,N,"On matchday squad, but did not play",Match Report,,,,,,,,,,,,,,,,,
14-10-2021,Thu,WCQ,WCQ — CONMEBOL (M),Home,W 1–0,ar Argentina,pe Peru,Y,FW,72,,0,,,,,,,,,,,0,,,,Match Report
14-10-2021,Thu,WCQ,WCQ — CONMEBOL (M),Home,W 1–0,ar Argentina,pe Peru,N,"On matchday squad, but did not play",Match Report,,,,,,,,,,,,,,,,,
14-10-2021,Thu,WCQ,WCQ — CONMEBOL (M),Home,W 1–0,ar Argentina,pe Peru,Y,CM,90,,0,,,,,,,,,,,3,,,,Match Report
14-10-2021,Thu,WCQ,WCQ — CONMEBOL (M),Home,W 1–0,ar Argentina,pe Peru,N,"On matchday squad, but did not play",Match Report,,,,,,,,,,,,,,,,,
14-10-2021,Thu,WCQ,WCQ — CONMEBOL (M),Home,W 1–0,ar Argentina,pe Peru,Y,GK,90,,0,,,,,,,,,,,0,,,,Match Report
14-10-2021,Thu,WCQ,WCQ — CONMEBOL (M),Home,W 1–0,ar Argentina,pe Peru,Y,FW,84,,1,,,,,,,,,,,3,,,,Match Report
14-10-2021,Thu,WCQ,WCQ — CONMEBOL (M),Home,W 1–0,ar Argentina,pe Peru,N,"On matchday squad, but did not play",Match Report,,,,,,,,,,,,,,,,,
14-10-2021,Thu,WCQ,WCQ — CONMEBOL (M),Home,W 1–0,ar Argentina,pe Peru,N,"On matchday squad, but did not play",Match Report,,,,,,,,,,,,,,,,,
14-10-2021,Thu,WCQ,WCQ — CONMEBOL (M),Home,W 1–0,ar Argentina,pe Peru,Y,CB,90,,2,,,,,,,,,,,3,,,,Match Report
14-10-2021,Thu,WCQ,WCQ — CONMEBOL (M),Home,W 1–0,ar Argentina,pe Peru,Y*,FW,90,,0,,,,,,,,,,,0,,,,Match Report
14-10-2021,Thu,WCQ,WCQ — CONMEBOL (M),Home,W 1–0,ar Argentina,pe Peru,Y,LB,90,,0,,,,,,,,,,,1,,,,Match Report
14-10-2021,Thu,WCQ,WCQ — CONMEBOL (M),Home,W 1–0,ar Argentina,pe Peru,N,,1,,0,,,,,,,,,,,0,,,,Match Report
14-10-2021,Thu,WCQ,WCQ — CONMEBOL (M),Home,W 1–0,ar Argentina,pe Peru,Y,CB,90,,2,,,,,,,,,,,0,,,,Match Report
14-10-2021,Thu,WCQ,WCQ — CONMEBOL (M),Home,W 1–0,ar Argentina,pe Peru,Y,RB,90,,1,,,,,,,,,,,0,,,,Match Report
14-10-2021,Thu,WCQ,WCQ — CONMEBOL (M),Home,W 1–0,ar Argentina,pe Peru,N,"On matchday squad, but did not play",Match Report,,,,,,,,,,,,,,,,,
14-10-2021,Thu,WCQ,WCQ — CONMEBOL (M),Home,W 1–0,ar Argentina,pe Peru,Y,CM,72,,1,,,,,,,,,,,0,,,,Match Report
16-11-2021,Tue,WCQ,WCQ — CONMEBOL (M),Home,D 0–0,ar Argentina,br Brazil,Y,CB,52,,3,,,,,,,,,,,1,,,,Match Report
16-11-2021,Tue,WCQ,WCQ — CONMEBOL (M),Home,D 0–0,ar Argentina,br Brazil,Y,CM,45,,0,,,,,,,,,,,1,,,,Match Report
16-11-2021,Tue,WCQ,WCQ — CONMEBOL (M),Home,D 0–0,ar Argentina,br Brazil,Y,RB,90,,4,,,,,,,,,,,4,,,,Match Report
16-11-2021,Tue,WCQ,WCQ — CONMEBOL (M),Home,D 0–0,ar Argentina,br Brazil,N,"On matchday squad, but did not play",Match Report,,,,,,,,,,,,,,,,,
16-11-2021,Tue,WCQ,WCQ — CONMEBOL (M),Home,D 0–0,ar Argentina,br Brazil,Y,CM,90,,3,,,,,,,,,,,0,,,,Match Report
16-11-2021,Tue,WCQ,WCQ — CONMEBOL (M),Home,D 0–0,ar Argentina,br Brazil,N,,45,,0,,,,,,,,,,,0,,,,Match Report
16-11-2021,Tue,WCQ,WCQ — CONMEBOL (M),Home,D 0–0,ar Argentina,br Brazil,Y,FW,45,,0,,,,,,,,,,,0,,,,Match Report
16-11-2021,Tue,WCQ,WCQ — CONMEBOL (M),Home,D 0–0,ar Argentina,br Brazil,Y,GK,90,,0,,,,,,,,,,,0,,,,Match Report
16-11-2021,Tue,WCQ,WCQ — CONMEBOL (M),Home,D 0–0,ar Argentina,br Brazil,Y*,FW,90,,0,,,,,,,,,,,1,,,,Match Report
16-11-2021,Tue,WCQ,WCQ — CONMEBOL (M),Home,D 0–0,ar Argentina,br Brazil,N,"On matchday squad, but did not play",Match Report,,,,,,,,,,,,,,,,,
16-11-2021,Tue,WCQ,WCQ — CONMEBOL (M),Home,D 0–0,ar Argentina,br Brazil,N,"On matchday squad, but did not play",Match Report,,,,,,,,,,,,,,,,,
16-11-2021,Tue,WCQ,WCQ — CONMEBOL (M),Home,D 0–0,ar Argentina,br Brazil,Y,LB,90,,0,,,,,,,,,,,0,,,,Match Report
16-11-2021,Tue,WCQ,WCQ — CONMEBOL (M),Home,D 0–0,ar Argentina,br Brazil,N,"On matchday squad, but did not play",Match Report,,,,,,,,,,,,,,,,,
16-11-2021,Tue,WCQ,WCQ — CONMEBOL (M),Home,D 0–0,ar Argentina,br Brazil,N,"On matchday squad, but did not play",Match Report,,,,,,,,,,,,,,,,,
16-11-2021,Tue,WCQ,WCQ — CONMEBOL (M),Home,D 0–0,ar Argentina,br Brazil,Y,FW,74,,0,,,,,,,,,,,2,,,,Match Report
16-11-2021,Tue,WCQ,WCQ — CONMEBOL (M),Home,D 0–0,ar Argentina,br Brazil,Y,CB,90,,1,,,,,,,,,,,2,,,,Match Report
16-11-2021,Tue,WCQ,WCQ — CONMEBOL (M),Home,D 0–0,ar Argentina,br Brazil,N,,16,,0,,,,,,,,,,,0,,,,Match Report
16-11-2021,Tue,WCQ,WCQ — CONMEBOL (M),Home,D 0–0,ar Argentina,br Brazil,N,,38,,0,,,,,,,,,,,0,,,,Match Report
16-11-2021,Tue,WCQ,WCQ — CONMEBOL (M),Home,D 0–0,ar Argentina,br Brazil,N,"On matchday squad, but did not play",Match Report,,,,,,,,,,,,,,,,,
11-12-2021,Fri,WCQ,WCQ — CONMEBOL (M),Away,W 1–0,ar Argentina,uy Uruguay,N,"On matchday squad, but did not play",Match Report,,,,,,,,,,,,,,,,,
11-12-2021,Fri,WCQ,WCQ — CONMEBOL (M),Away,W 1–0,ar Argentina,uy Uruguay,N,,10,,0,,,,,,,,,,,0,,,,Match Report
11-12-2021,Fri,WCQ,WCQ — CONMEBOL (M),Away,W 1–0,ar Argentina,uy Uruguay,Y,AM,45,,1,,,,,,,,,,,0,,,,Match Report
11-12-2021,Fri,WCQ,WCQ — CONMEBOL (M),Away,W 1–0,ar Argentina,uy Uruguay,N,,36,,0,,,,,,,,,,,0,,,,Match Report
11-12-2021,Fri,WCQ,WCQ — CONMEBOL (M),Away,W 1–0,ar Argentina,uy Uruguay,Y,CB,90,,1,,,,,,,,,,,3,,,,Match Report
11-12-2021,Fri,WCQ,WCQ — CONMEBOL (M),Away,W 1–0,ar Argentina,uy Uruguay,Y,GK,90,,0,,,,,,,,,,,0,,,,Match Report
11-12-2021,Fri,WCQ,WCQ — CONMEBOL (M),Away,W 1–0,ar Argentina,uy Uruguay,Y,DM,80,,0,,,,,,,,,,,0,,,,Match Report
11-12-2021,Fri,WCQ,WCQ — CONMEBOL (M),Away,W 1–0,ar Argentina,uy Uruguay,N,,36,,1,,,,,,,,,,,0,,,,Match Report
11-12-2021,Fri,WCQ,WCQ — CONMEBOL (M),Away,W 1–0,ar Argentina,uy Uruguay,N,"On matchday squad, but did not play",Match Report,,,,,,,,,,,,,,,,,
11-12-2021,Fri,WCQ,WCQ — CONMEBOL (M),Away,W 1–0,ar Argentina,uy Uruguay,Y,CB,90,,3,,,,,,,,,,,1,,,,Match Report
11-12-2021,Fri,WCQ,WCQ — CONMEBOL (M),Away,W 1–0,ar Argentina,uy Uruguay,N,"On matchday squad, but did not play",Match Report,,,,,,,,,,,,,,,,,
11-12-2021,Fri,WCQ,WCQ — CONMEBOL (M),Away,W 1–0,ar Argentina,uy Uruguay,Y*,AM,54,,0,,,,,,,,,,,1,,,,Match Report
11-12-2021,Fri,WCQ,WCQ — CONMEBOL (M),Away,W 1–0,ar Argentina,uy Uruguay,N,"On matchday squad, but did not play",Match Report,,,,,,,,,,,,,,,,,
11-12-2021,Fri,WCQ,WCQ — CONMEBOL (M),Away,W 1–0,ar Argentina,uy Uruguay,Y,DM,90,,1,,,,,,,,,,,3,,,,Match Report
11-12-2021,Fri,WCQ,WCQ — CONMEBOL (M),Away,W 1–0,ar Argentina,uy Uruguay,Y,FW,54,,0,,,,,,,,,,,0,,,,Match Report
11-12-2021,Fri,WCQ,WCQ — CONMEBOL (M),Away,W 1–0,ar Argentina,uy Uruguay,N,,15,,0,,,,,,,,,,,0,,,,Match Report
11-12-2021,Fri,WCQ,WCQ — CONMEBOL (M),Away,W 1–0,ar Argentina,uy Uruguay,N,"On matchday squad, but did not play",Match Report,,,,,,,,,,,,,,,,,
11-12-2021,Fri,WCQ,WCQ — CONMEBOL (M),Away,W 1–0,ar Argentina,uy Uruguay,Y,RB,90,,4,,,,,,,,,,,1,,,,Match Report
11-12-2021,Fri,WCQ,WCQ — CONMEBOL (M),Away,W 1–0,ar Argentina,uy Uruguay,Y,LB,90,,3,,,,,,,,,,,0,,,,Match Report
02-01-2022,Tue,WCQ,WCQ — CONMEBOL (M),Home,W 1–0,ar Argentina,co Colombia,Y*,FW,68,,2,,,,,,,,,,,0,,,,Match Report
02-01-2022,Tue,WCQ,WCQ — CONMEBOL (M),Home,W 1–0,ar Argentina,co Colombia,Y,LB,90,,2,,,,,,,,,,,3,,,,Match Report
02-01-2022,Tue,WCQ,WCQ — CONMEBOL (M),Home,W 1–0,ar Argentina,co Colombia,N,,22,,0,,,,,,,,,,,0,,,,Match Report
02-01-2022,Tue,WCQ,WCQ — CONMEBOL (M),Home,W 1–0,ar Argentina,co Colombia,N,"On matchday squad, but did not play",Match Report,,,,,,,,,,,,,,,,,
02-01-2022,Tue,WCQ,WCQ — CONMEBOL (M),Home,W 1–0,ar Argentina,co Colombia,N,"On matchday squad, but did not play",Match Report,,,,,,,,,,,,,,,,,
02-01-2022,Tue,WCQ,WCQ — CONMEBOL (M),Home,W 1–0,ar Argentina,co Colombia,N,"On matchday squad, but did not play",Match Report,,,,,,,,,,,,,,,,,
02-01-2022,Tue,WCQ,WCQ — CONMEBOL (M),Home,W 1–0,ar Argentina,co Colombia,Y,GK,90,,0,,,,,,,,,,,0,,,,Match Report
02-01-2022,Tue,WCQ,WCQ — CONMEBOL (M),Home,W 1–0,ar Argentina,co Colombia,Y,FW,68,,1,,,,,,,,,,,2,,,,Match Report
02-01-2022,Tue,WCQ,WCQ — CONMEBOL (M),Home,W 1–0,ar Argentina,co Colombia,Y,CB,90,,0,,,,,,,,,,,1,,,,Match Report
02-01-2022,Tue,WCQ,WCQ — CONMEBOL (M),Home,W 1–0,ar Argentina,co Colombia,Y,CM,90,,0,,,,,,,,,,,2,,,,Match Report
02-01-2022,Tue,WCQ,WCQ — CONMEBOL (M),Home,W 1–0,ar Argentina,co Colombia,Y,RB,90,,1,,,,,,,,,,,2,,,,Match Report
02-01-2022,Tue,WCQ,WCQ — CONMEBOL (M),Home,W 1–0,ar Argentina,co Colombia,N,"On matchday squad, but did not play",Match Report,,,,,,,,,,,,,,,,,
02-01-2022,Tue,WCQ,WCQ — CONMEBOL (M),Home,W 1–0,ar Argentina,co Colombia,Y,CB,90,,0,,,,,,,,,,,2,,,,Match Report
02-01-2022,Tue,WCQ,WCQ — CONMEBOL (M),Home,W 1–0,ar Argentina,co Colombia,Y,CM,79,,0,,,,,,,,,,,0,,,,Match Report
27-01-2022,Thu,WCQ,WCQ — CONMEBOL (M),Away,W 2–1,ar Argentina,cl Chile,Y,RB,90,,1,,,,,,,,,,,3,,,,Match Report
27-01-2022,Thu,WCQ,WCQ — CONMEBOL (M),Away,W 2–1,ar Argentina,cl Chile,N,,13,,0,,,,,,,,,,,0,,,,Match Report
27-01-2022,Thu,WCQ,WCQ — CONMEBOL (M),Away,W 2–1,ar Argentina,cl Chile,N,"On matchday squad, but did not play",Match Report,,,,,,,,,,,,,,,,,
27-01-2022,Thu,WCQ,WCQ — CONMEBOL (M),Away,W 2–1,ar Argentina,cl Chile,Y,CB,90,,1,,,,,,,,,,,2,,,,Match Report
27-01-2022,Thu,WCQ,WCQ — CONMEBOL (M),Away,W 2–1,ar Argentina,cl Chile,N,,21,,1,,,,,,,,,,,0,,,,Match Report
27-01-2022,Thu,WCQ,WCQ — CONMEBOL (M),Away,W 2–1,ar Argentina,cl Chile,Y*,FW,84,,1,,,,,,,,,,,1,,,,Match Report
27-01-2022,Thu,WCQ,WCQ — CONMEBOL (M),Away,W 2–1,ar Argentina,cl Chile,N,"On matchday squad, but did not play",Match Report,,,,,,,,,,,,,,,,,
27-01-2022,Thu,WCQ,WCQ — CONMEBOL (M),Away,W 2–1,ar Argentina,cl Chile,Y,FW,77,,0,,,,,,,,,,,1,,,,Match Report
27-01-2022,Thu,WCQ,WCQ — CONMEBOL (M),Away,W 2–1,ar Argentina,cl Chile,Y,CM,70,,1,,,,,,,,,,,0,,,,Match Report
27-01-2022,Thu,WCQ,WCQ — CONMEBOL (M),Away,W 2–1,ar Argentina,cl Chile,Y,CM,90,,1,,,,,,,,,,,2,,,,Match Report
27-01-2022,Thu,WCQ,WCQ — CONMEBOL (M),Away,W 2–1,ar Argentina,cl Chile,Y,GK,90,,0,,,,,,,,,,,0,,,,Match Report
27-01-2022,Thu,WCQ,WCQ — CONMEBOL (M),Away,W 2–1,ar Argentina,cl Chile,N,,6,,0,,,,,,,,,,,0,,,,Match Report
27-01-2022,Thu,WCQ,WCQ — CONMEBOL (M),Away,W 2–1,ar Argentina,cl Chile,N,"On matchday squad, but did not play",Match Report,,,,,,,,,,,,,,,,,
27-01-2022,Thu,WCQ,WCQ — CONMEBOL (M),Away,W 2–1,ar Argentina,cl Chile,Y,CB,90,,0,,,,,,,,,,,2,,,,Match Report
27-01-2022,Thu,WCQ,WCQ — CONMEBOL (M),Away,W 2–1,ar Argentina,cl Chile,Y,LB,90,,2,,,,,,,,,,,2,,,,Match Report
27-01-2022,Thu,WCQ,WCQ — CONMEBOL (M),Away,W 2–1,ar Argentina,cl Chile,Y,CM,90,,0,,,,,,,,,,,3,,,,Match Report
25-03-2022,Fri,WCQ,WCQ — CONMEBOL (M),Home,W 3–0,ar Argentina,ve Venezuela,Y,GK,90,,0,,,,,,,,,,,0,,,,Match Report
25-03-2022,Fri,WCQ,WCQ — CONMEBOL (M),Home,W 3–0,ar Argentina,ve Venezuela,N,,27,,0,,,,,,,,,,,0,,,,Match Report
25-03-2022,Fri,WCQ,WCQ — CONMEBOL (M),Home,W 3–0,ar Argentina,ve Venezuela,N,"On matchday squad, but did not play",Match Report,,,,,,,,,,,,,,,,,
25-03-2022,Fri,WCQ,WCQ — CONMEBOL (M),Home,W 3–0,ar Argentina,ve Venezuela,N,"On matchday squad, but did not play",Match Report,,,,,,,,,,,,,,,,,
25-03-2022,Fri,WCQ,WCQ — CONMEBOL (M),Home,W 3–0,ar Argentina,ve Venezuela,N,"On matchday squad, but did not play",Match Report,,,,,,,,,,,,,,,,,
25-03-2022,Fri,WCQ,WCQ — CONMEBOL (M),Home,W 3–0,ar Argentina,ve Venezuela,N,,21,,0,,,,,,,,,,,0,,,,Match Report
25-03-2022,Fri,WCQ,WCQ — CONMEBOL (M),Home,W 3–0,ar Argentina,ve Venezuela,Y,LB,90,,2,,,,,,,,,,,2,,,,Match Report
25-03-2022,Fri,WCQ,WCQ — CONMEBOL (M),Home,W 3–0,ar Argentina,ve Venezuela,Y,DM,90,,2,,,,,,,,,,,0,,,,Match Report
25-03-2022,Fri,WCQ,WCQ — CONMEBOL (M),Home,W 3–0,ar Argentina,ve Venezuela,Y,DM,87,,1,,,,,,,,,,,3,,,,Match Report
25-03-2022,Fri,WCQ,WCQ — CONMEBOL (M),Home,W 3–0,ar Argentina,ve Venezuela,Y,CB,90,,1,,,,,,,,,,,3,,,,Match Report
25-03-2022,Fri,WCQ,WCQ — CONMEBOL (M),Home,W 3–0,ar Argentina,ve Venezuela,N,,3,,0,,,,,,,,,,,0,,,,Match Report
25-03-2022,Fri,WCQ,WCQ — CONMEBOL (M),Home,W 3–0,ar Argentina,ve Venezuela,Y*,FW,90,,0,,,,,,,,,,,0,,,,Match Report
25-03-2022,Fri,WCQ,WCQ — CONMEBOL (M),Home,W 3–0,ar Argentina,ve Venezuela,Y,CB,90,,0,,,,,,,,,,,0,,,,Match Report
25-03-2022,Fri,WCQ,WCQ — CONMEBOL (M),Home,W 3–0,ar Argentina,ve Venezuela,Y,RB,90,,1,,,,,,,,,,,0,,,,Match Report
29-03-2022,Tue,WCQ,WCQ — CONMEBOL (M),Away,D 1–1,ar Argentina,ec Ecuador,N,"On matchday squad, but did not play",Match Report,,,,,,,,,,,,,,,,,
29-03-2022,Tue,WCQ,WCQ — CONMEBOL (M),Away,D 1–1,ar Argentina,ec Ecuador,Y,FW,71,,0,,,,,,,,,,,0,,,,Match Report
29-03-2022,Tue,WCQ,WCQ — CONMEBOL (M),Away,D 1–1,ar Argentina,ec Ecuador,N,"On matchday squad, but did not play",Match Report,,,,,,,,,,,,,,,,,
29-03-2022,Tue,WCQ,WCQ — CONMEBOL (M),Away,D 1–1,ar Argentina,ec Ecuador,Y,CB,90,,2,,,,,,,,,,,1,,,,Match Report
29-03-2022,Tue,WCQ,WCQ — CONMEBOL (M),Away,D 1–1,ar Argentina,ec Ecuador,N,"On matchday squad, but did not play",Match Report,,,,,,,,,,,,,,,,,
29-03-2022,Tue,WCQ,WCQ — CONMEBOL (M),Away,D 1–1,ar Argentina,ec Ecuador,N,,13,,0,,,,,,,,,,,0,,,,Match Report
29-03-2022,Tue,WCQ,WCQ — CONMEBOL (M),Away,D 1–1,ar Argentina,ec Ecuador,Y,RB,77,,3,,,,,,,,,,,4,,,,Match Report
29-03-2022,Tue,WCQ,WCQ — CONMEBOL (M),Away,D 1–1,ar Argentina,ec Ecuador,Y,CM,90,,0,,,,,,,,,,,0,,,,Match Report
29-03-2022,Tue,WCQ,WCQ — CONMEBOL (M),Away,D 1–1,ar Argentina,ec Ecuador,Y,LB,90,,0,,,,,,,,,,,2,,,,Match Report
29-03-2022,Tue,WCQ,WCQ — CONMEBOL (M),Away,D 1–1,ar Argentina,ec Ecuador,Y*,FW,90,,0,,,,,,,,,,,0,,,,Match Report
29-03-2022,Tue,WCQ,WCQ — CONMEBOL (M),Away,D 1–1,ar Argentina,ec Ecuador,N,,13,,1,,,,,,,,,,,0,,,,Match Report
29-03-2022,Tue,WCQ,WCQ — CONMEBOL (M),Away,D 1–1,ar Argentina,ec Ecuador,Y,CM,77,,1,,,,,,,,,,,0,,,,Match Report
29-03-2022,Tue,WCQ,WCQ — CONMEBOL (M),Away,D 1–1,ar Argentina,ec Ecuador,N,,32,,1,,,,,,,,,,,0,,,,Match Report
29-03-2022,Tue,WCQ,WCQ — CONMEBOL (M),Away,D 1–1,ar Argentina,ec Ecuador,N,,19,,0,,,,,,,,,,,0,,,,Match Report
06-05-2022,Sun,Friendlies (M),Friendlies (M),Neutral,W 5–0,ar Argentina,ee Estonia,N,,29,,,,,,,,,,,,,,,,,Match Report
06-05-2022,Sun,Friendlies (M),Friendlies (M),Neutral,W 5–0,ar Argentina,ee Estonia,N,"On matchday squad, but did not play",Match Report,,,,,,,,,,,,,,,,,
06-05-2022,Sun,Friendlies (M),Friendlies (M),Neutral,W 5–0,ar Argentina,ee Estonia,Y*,AM,90,,,,,,,,,,,,,,,,,Match Report
06-05-2022,Sun,Friendlies (M),Friendlies (M),Neutral,W 5–0,ar Argentina,ee Estonia,Y,RB,73,,,,,,,,,,,,,,,,,Match Report
06-05-2022,Sun,Friendlies (M),Friendlies (M),Neutral,W 5–0,ar Argentina,ee Estonia,Y,CB,61,,,,,,,,,,,,,,,,,Match Report
06-05-2022,Sun,Friendlies (M),Friendlies (M),Neutral,W 5–0,ar Argentina,ee Estonia,N,,29,,,,,,,,,,,,,,,,,Match Report
06-05-2022,Sun,Friendlies (M),Friendlies (M),Neutral,W 5–0,ar Argentina,ee Estonia,Y,DM,61,,,,,,,,,,,,,,,,,Match Report
06-05-2022,Sun,Friendlies (M),Friendlies (M),Neutral,W 5–0,ar Argentina,ee Estonia,Y,LB,73,,,,,,,,,,,,,,,,,Match Report
06-05-2022,Sun,Friendlies (M),Friendlies (M),Neutral,W 5–0,ar Argentina,ee Estonia,Y,GK,90,,,,,,,,,,,,,,,,,Match Report
06-05-2022,Sun,Friendlies (M),Friendlies (M),Neutral,W 5–0,ar Argentina,ee Estonia,N,,17,,,,,,,,,,,,,,,,,Match Report
06-05-2022,Sun,Friendlies (M),Friendlies (M),Neutral,W 5–0,ar Argentina,ee Estonia,Y,FW,90,,,,,,,,,,,,,,,,,Match Report
06-05-2022,Sun,Friendlies (M),Friendlies (M),Neutral,W 5–0,ar Argentina,ee Estonia,N,"On matchday squad, but did not play",Match Report,,,,,,,,,,,,,,,,,
06-05-2022,Sun,Friendlies (M),Friendlies (M),Neutral,W 5–0,ar Argentina,ee Estonia,Y,DM,90,,,,,,,,,,,,,,,,,Match Report
06-05-2022,Sun,Friendlies (M),Friendlies (M),Neutral,W 5–0,ar Argentina,ee Estonia,N,,25,,,,,,,,,,,,,,,,,Match Report
06-05-2022,Sun,Friendlies (M),Friendlies (M),Neutral,W 5–0,ar Argentina,ee Estonia,N,"On matchday squad, but did not play",Match Report,,,,,,,,,,,,,,,,,
06-05-2022,Sun,Friendlies (M),Friendlies (M),Neutral,W 5–0,ar Argentina,ee Estonia,Y,CB,90,,,,,,,,,,,,,,,,,Match Report
23-09-2022,Fri,Friendlies (M),Friendlies (M),Neutral,W 3–0,ar Argentina,hn Honduras,Y,LB,90,,,,,,,,,,,,,,,,,Match Report
23-09-2022,Fri,Friendlies (M),Friendlies (M),Neutral,W 3–0,ar Argentina,hn Honduras,Y,FW,53,,,,,,,,,,,,,,,,,Match Report
23-09-2022,Fri,Friendlies (M),Friendlies (M),Neutral,W 3–0,ar Argentina,hn Honduras,Y,DM,63,,,,,,,,,,,,,,,,,Match Report
23-09-2022,Fri,Friendlies (M),Friendlies (M),Neutral,W 3–0,ar Argentina,hn Honduras,Y*,FW,90,,,,,,,,,,,,,,,,,Match Report
23-09-2022,Fri,Friendlies (M),Friendlies (M),Neutral,W 3–0,ar Argentina,hn Honduras,N,,19,,,,,,,,,,,,,,,,,Match Report
23-09-2022,Fri,Friendlies (M),Friendlies (M),Neutral,W 3–0,ar Argentina,hn Honduras,N,"On matchday squad, but did not play",Match Report,,,,,,,,,,,,,,,,,
23-09-2022,Fri,Friendlies (M),Friendlies (M),Neutral,W 3–0,ar Argentina,hn Honduras,N,"On matchday squad, but did not play",Match Report,,,,,,,,,,,,,,,,,
23-09-2022,Fri,Friendlies (M),Friendlies (M),Neutral,W 3–0,ar Argentina,hn Honduras,Y,FW,45,,,,,,,,,,,,,,,,,Match Report
23-09-2022,Fri,Friendlies (M),Friendlies (M),Neutral,W 3–0,ar Argentina,hn Honduras,N,"On matchday squad, but did not play",Match Report,,,,,,,,,,,,,,,,,
23-09-2022,Fri,Friendlies (M),Friendlies (M),Neutral,W 3–0,ar Argentina,hn Honduras,Y,CB,63,,,,,,,,,,,,,,,,,Match Report
23-09-2022,Fri,Friendlies (M),Friendlies (M),Neutral,W 3–0,ar Argentina,hn Honduras,N,,45,,,,,,,,,,,,,,,,,Match Report
23-09-2022,Fri,Friendlies (M),Friendlies (M),Neutral,W 3–0,ar Argentina,hn Honduras,Y,RB,90,,,,,,,,,,,,,,,,,Match Report
23-09-2022,Fri,Friendlies (M),Friendlies (M),Neutral,W 3–0,ar Argentina,hn Honduras,Y,CB,90,,,,,,,,,,,,,,,,,Match Report
23-09-2022,Fri,Friendlies (M),Friendlies (M),Neutral,W 3–0,ar Argentina,hn Honduras,Y,CM,71,,,,,,,,,,,,,,,,,Match Report
23-09-2022,Fri,Friendlies (M),Friendlies (M),Neutral,W 3–0,ar Argentina,hn Honduras,N,,27,,,,,,,,,,,,,,,,,Match Report
23-09-2022,Fri,Friendlies (M),Friendlies (M),Neutral,W 3–0,ar Argentina,hn Honduras,N,"On matchday squad, but did not play",Match Report,,,,,,,,,,,,,,,,,
23-09-2022,Fri,Friendlies (M),Friendlies (M),Neutral,W 3–0,ar Argentina,hn Honduras,N,"On matchday squad, but did not play",Match Report,,,,,,,,,,,,,,,,,
27-09-2022,Tue,Friendlies (M),Friendlies (M),Neutral,W 3–0,ar Argentina,jm Jamaica,N,"On matchday squad, but did not play",Match Report,,,,,,,,,,,,,,,,,
27-09-2022,Tue,Friendlies (M),Friendlies (M),Neutral,W 3–0,ar Argentina,jm Jamaica,Y,GK,90,,,,,,,,,,,,,,,,,Match Report
27-09-2022,Tue,Friendlies (M),Friendlies (M),Neutral,W 3–0,ar Argentina,jm Jamaica,N,,35,,,,,,,,,,,,,,,,,Match Report
27-09-2022,Tue,Friendlies (M),Friendlies (M),Neutral,W 3–0,ar Argentina,jm Jamaica,N,,13,,,,,,,,,,,,,,,,,Match Report
27-09-2022,Tue,Friendlies (M),Friendlies (M),Neutral,W 3–0,ar Argentina,jm Jamaica,Y,CM,54,,,,,,,,,,,,,,,,,Match Report
27-09-2022,Tue,Friendlies (M),Friendlies (M),Neutral,W 3–0,ar Argentina,jm Jamaica,Y*,FW,77,,,,,,,,,,,,,,,,,Match Report
27-09-2022,Tue,Friendlies (M),Friendlies (M),Neutral,W 3–0,ar Argentina,jm Jamaica,N,"On matchday squad, but did not play",Match Report,,,,,,,,,,,,,,,,,
27-09-2022,Tue,Friendlies (M),Friendlies (M),Neutral,W 3–0,ar Argentina,jm Jamaica,N,"On matchday squad, but did not play",Match Report,,,,,,,,,,,,,,,,,
27-09-2022,Tue,Friendlies (M),Friendlies (M),Neutral,W 3–0,ar Argentina,jm Jamaica,Y,LB,90,,,,,,,,,,,,,,,,,Match Report
27-09-2022,Tue,Friendlies (M),Friendlies (M),Neutral,W 3–0,ar Argentina,jm Jamaica,N,"On matchday squad, but did not play",Match Report,,,,,,,,,,,,,,,,,
27-09-2022,Tue,Friendlies (M),Friendlies (M),Neutral,W 3–0,ar Argentina,jm Jamaica,Y,FW,55,,,,,,,,,,,,,,,,,Match Report
27-09-2022,Tue,Friendlies (M),Friendlies (M),Neutral,W 3–0,ar Argentina,jm Jamaica,Y,CB,90,,,,,,,,,,,,,,,,,Match Report
27-09-2022,Tue,Friendlies (M),Friendlies (M),Neutral,W 3–0,ar Argentina,jm Jamaica,Y,RB,78,,,,,,,,,,,,,,,,,Match Report
27-09-2022,Tue,Friendlies (M),Friendlies (M),Neutral,W 3–0,ar Argentina,jm Jamaica,Y,FW,77,,,,,,,,,,,,,,,,,Match Report
27-09-2022,Tue,Friendlies (M),Friendlies (M),Neutral,W 3–0,ar Argentina,jm Jamaica,N,,12,,,,,,,,,,,,,,,,,Match Report
27-09-2022,Tue,Friendlies (M),Friendlies (M),Neutral,W 3–0,ar Argentina,jm Jamaica,N,,20,,,,,,,,,,,,,,,,,Match Report
27-09-2022,Tue,Friendlies (M),Friendlies (M),Neutral,W 3–0,ar Argentina,jm Jamaica,Y,CB,90,,,,,,,,,,,,,,,,,Match Report
27-09-2022,Tue,Friendlies (M),Friendlies (M),Neutral,W 3–0,ar Argentina,jm Jamaica,N,,36,,,,,,,,,,,,,,,,,Match Report
16-11-2022,Wed,Friendlies (M),Friendlies (M),Neutral,W 5–0,ar Argentina,ae UAE,N,"On matchday squad, but did not play",Match Report,,,,,,,,,,,,,,,,,
16-11-2022,Wed,Friendlies (M),Friendlies (M),Neutral,W 5–0,ar Argentina,ae UAE,N,"On matchday squad, but did not play",Match Report,,,,,,,,,,,,,,,,,
16-11-2022,Wed,Friendlies (M),Friendlies (M),Neutral,W 5–0,ar Argentina,ae UAE,Y,CM,74,,,,,,,,,,,,,,,,,Match Report
16-11-2022,Wed,Friendlies (M),Friendlies (M),Neutral,W 5–0,ar Argentina,ae UAE,Y,GK,90,,,,,,,,,,,,,,,,,Match Report
16-11-2022,Wed,Friendlies (M),Friendlies (M),Neutral,W 5–0,ar Argentina,ae UAE,Y,CM,90,,,,,,,,,,,,,,,,,Match Report
16-11-2022,Wed,Friendlies (M),Friendlies (M),Neutral,W 5–0,ar Argentina,ae UAE,Y,RW,45,,,,,,,,,,,,,,,,,Match Report
16-11-2022,Wed,Friendlies (M),Friendlies (M),Neutral,W 5–0,ar Argentina,ae UAE,Y,CB,90,,,,,,,,,,,,,,,,,Match Report
16-11-2022,Wed,Friendlies (M),Friendlies (M),Neutral,W 5–0,ar Argentina,ae UAE,N,,45,,,,,,,,,,,,,,,,,Match Report
16-11-2022,Wed,Friendlies (M),Friendlies (M),Neutral,W 5–0,ar Argentina,ae UAE,Y,FW,50,,,,,,,,,,,,,,,,,Match Report
16-11-2022,Wed,Friendlies (M),Friendlies (M),Neutral,W 5–0,ar Argentina,ae UAE,Y,CB,45,,,,,,,,,,,,,,,,,Match Report
16-11-2022,Wed,Friendlies (M),Friendlies (M),Neutral,W 5–0,ar Argentina,ae UAE,N,,45,,,,,,,,,,,,,,,,,Match Report
16-11-2022,Wed,Friendlies (M),Friendlies (M),Neutral,W 5–0,ar Argentina,ae UAE,Y,RB,90,,,,,,,,,,,,,,,,,Match Report
16-11-2022,Wed,Friendlies (M),Friendlies (M),Neutral,W 5–0,ar Argentina,ae UAE,N,,40,,,,,,,,,,,,,,,,,Match Report
16-11-2022,Wed,Friendlies (M),Friendlies (M),Neutral,W 5–0,ar Argentina,ae UAE,N,"On matchday squad, but did not play",Match Report,,,,,,,,,,,,,,,,,
16-11-2022,Wed,Friendlies (M),Friendlies (M),Neutral,W 5–0,ar Argentina,ae UAE,Y,LB,45,,,,,,,,,,,,,,,,,Match Report
16-11-2022,Wed,Friendlies (M),Friendlies (M),Neutral,W 5–0,ar Argentina,ae UAE,N,,16,,,,,,,,,,,,,,,,,Match Report
16-11-2022,Wed,Friendlies (M),Friendlies (M),Neutral,W 5–0,ar Argentina,ae UAE,N,,45,,,,,,,,,,,,,,,,,Match Report
16-11-2022,Wed,Friendlies (M),Friendlies (M),Neutral,W 5–0,ar Argentina,ae UAE,N,"On matchday squad, but did not play",Match Report,,,,,,,,,,,,,,,,,
16-11-2022,Wed,Friendlies (M),Friendlies (M),Neutral,W 5–0,ar Argentina,ae UAE,Y*,FW,90,,,,,,,,,,,,,,,,,Match Report
22-11-2022,Tue,World Cup,Group stage,Neutral,L 1–2,ar Argentina,sa Saudi Arabia,Y,CM,58,2,1,1,1,0,0,0,,0,0,0,0,2,4,0,0,Match Report
22-11-2022,Tue,World Cup,Group stage,Neutral,L 1–2,ar Argentina,sa Saudi Arabia,Y,LM,58,1,0,0,1,0,0,1,0,1,1,0,1,1,2,0,0,Match Report
22-11-2022,Tue,World Cup,Group stage,Neutral,L 1–2,ar Argentina,sa Saudi Arabia,Y,CB,58,1,0,1,0,0,1,1,100,0,1,1,0,0,1,2,0,Match Report
22-11-2022,Tue,World Cup,Group stage,Neutral,L 1–2,ar Argentina,sa Saudi Arabia,N,CB,32,1,0,1,0,0,1,1,100,0,0,0,0,0,1,1,0,Match Report
22-11-2022,Tue,World Cup,Group stage,Neutral,L 1–2,ar Argentina,sa Saudi Arabia,N,"On matchday squad, but did not play",Match Report,,,,,,,,,,,,,,,,,
22-11-2022,Tue,World Cup,Group stage,Neutral,L 1–2,ar Argentina,sa Saudi Arabia,N,"On matchday squad, but did not play",Match Report,,,,,,,,,,,,,,,,,
22-11-2022,Tue,World Cup,Group stage,Neutral,L 1–2,ar Argentina,sa Saudi Arabia,Y,FW,90,0,0,0,0,0,0,0,,0,0,0,0,1,1,0,0,Match Report
22-11-2022,Tue,World Cup,Group stage,Neutral,L 1–2,ar Argentina,sa Saudi Arabia,N,"On matchday squad, but did not play",Match Report,,,,,,,,,,,,,,,,,
22-11-2022,Tue,World Cup,Group stage,Neutral,L 1–2,ar Argentina,sa Saudi Arabia,Y,RB,90,1,0,1,0,0,1,2,50,1,0,0,0,1,2,2,0,Match Report
22-11-2022,Tue,World Cup,Group stage,Neutral,L 1–2,ar Argentina,sa Saudi Arabia,Y,CB,90,2,1,2,0,0,2,2,100,0,0,0,0,2,4,3,0,Match Report
22-11-2022,Tue,World Cup,Group stage,Neutral,L 1–2,ar Argentina,sa Saudi Arabia,N,"On matchday squad, but did not play",Match Report,,,,,,,,,,,,,,,,,
22-11-2022,Tue,World Cup,Group stage,Neutral,L 1–2,ar Argentina,sa Saudi Arabia,N,"On matchday squad, but did not play",Match Report,,,,,,,,,,,,,,,,,
22-11-2022,Tue,World Cup,Group stage,Neutral,L 1–2,ar Argentina,sa Saudi Arabia,N,LM,32,1,1,1,0,0,0,0,,0,1,0,1,0,1,0,0,Match Report
22-11-2022,Tue,World Cup,Group stage,Neutral,L 1–2,ar Argentina,sa Saudi Arabia,N,"On matchday squad, but did not play",Match Report,,,,,,,,,,,,,,,,,
22-11-2022,Tue,World Cup,Group stage,Neutral,L 1–2,ar Argentina,sa Saudi Arabia,Y*,FW,90,0,0,0,0,0,0,1,0,1,1,0,1,0,0,0,0,Match Report
22-11-2022,Tue,World Cup,Group stage,Neutral,L 1–2,ar Argentina,sa Saudi Arabia,N,LB,20,1,1,1,0,0,1,1,100,0,0,0,0,0,1,2,0,Match Report
22-11-2022,Tue,World Cup,Group stage,Neutral,L 1–2,ar Argentina,sa Saudi Arabia,N,"On matchday squad, but did not play",Match Report,,,,,,,,,,,,,,,,,
22-11-2022,Tue,World Cup,Group stage,Neutral,L 1–2,ar Argentina,sa Saudi Arabia,Y,RM,90,2,0,2,0,0,1,1,100,0,1,0,1,0,2,0,0,Match Report
22-11-2022,Tue,World Cup,Group stage,Neutral,L 1–2,ar Argentina,sa Saudi Arabia,N,CM,32,1,0,0,1,0,0,0,,0,0,0,0,0,1,0,0,Match Report
22-11-2022,Tue,World Cup,Group stage,Neutral,L 1–2,ar Argentina,sa Saudi Arabia,Y,GK,90,0,0,0,0,0,0,0,,0,0,0,0,0,0,0,0,Match Report
22-11-2022,Tue,World Cup,Group stage,Neutral,L 1–2,ar Argentina,sa Saudi Arabia,Y,LB,70,2,2,1,0,1,2,2,100,0,4,0,4,1,3,1,0,Match Report
22-11-2022,Tue,World Cup,Group stage,Neutral,L 1–2,ar Argentina,sa Saudi Arabia,N,"On matchday squad, but did not play",Match Report,,,,,,,,,,,,,,,,,
22-11-2022,Tue,World Cup,Group stage,Neutral,L 1–2,ar Argentina,sa Saudi Arabia,Y,CM,90,2,1,1,1,0,1,1,100,0,2,0,2,1,3,0,0,Match Report
26-11-2022,Sat,World Cup,Group stage,Neutral,W 2–0,ar Argentina,mx Mexico,Y,RM,68,0,0,0,0,0,0,0,,0,0,0,0,0,0,0,0,Match Report
26-11-2022,Sat,World Cup,Group stage,Neutral,W 2–0,ar Argentina,mx Mexico,N,"On matchday squad, but did not play",Match Report,,,,,,,,,,,,,,,,,
