Date,Day,Comp,Round,Venue,Result,Squad,Opponent,Start,Pos,Min,Gls,Ast,PK,PKatt,Sh,SoT,CrdY,CrdR,Touches,Tkl,Int,Blocks,xG,npxG,xAG,SCA,GCA,Cmp,Att,Cmp%,Prog,Succ,Att.1,Match Report,Fls,Fld,Off,Crs,TklW,OG,PKwon,PKcon
07-01-2018,Sun,FIFA World Cup,Round of 16,Neutral,D 1 (3)–1 (4),es Spain,ru Russia,Y,DM,120,0,0,0,0,1,0,0,0,95,4,2,0,0,0,0,0,0,78,86,90.7,9,0,0,Match Report,,,,,,,,
07-01-2018,Sun,FIFA World Cup,Round of 16,Neutral,D 1 (3)–1 (4),es Spain,ru Russia,N,RB,51,0,0,0,0,1,0,0,0,48,0,0,0,0.1,0.1,0,0,0,39,46,84.8,3,1,1,Match Report,,,,,,,,
07-01-2018,Sun,FIFA World Cup,Round of 16,Neutral,D 1 (3)–1 (4),es Spain,ru Russia,Y,LB,120,0,0,0,0,2,1,0,0,178,1,0,0,0.1,0.1,0,4,0,158,169,93.5,9,2,3,Match Report,,,,,,,,
07-01-2018,Sun,FIFA World Cup,Round of 16,Neutral,D 1 (3)–1 (4),es Spain,ru Russia,N,"On matchday squad, but did not play",Match Report,,,,,,,,,,,,,,,,,,,,,,,,,,,,,,,,
07-01-2018,Sun,FIFA World Cup,Round of 16,Neutral,D 1 (3)–1 (4),es Spain,ru Russia,Y,DM,120,0,0,0,0,1,0,0,0,169,4,0,0,0,0,0.7,9,0,152,160,95,6,0,1,Match Report,,,,,,,,
07-01-2018,Sun,FIFA World Cup,Round of 16,Neutral,D 1 (3)–1 (4),es Spain,ru Russia,Y,RW,103,0,0,0,0,1,1,0,0,55,1,0,0,0,0,0.1,3,0,43,50,86,0,1,1,Match Report,,,,,,,,
06-03-2018,Sun,Friendlies (M),Friendlies (M),Home,D 1–1,es Spain,ch Switzerland,Y,LB,77,0,0,0,0,,,0,0,,,,,,,,,,,,,,,,Match Report,,,,,,,,
06-03-2018,Sun,Friendlies (M),Friendlies (M),Home,D 1–1,es Spain,ch Switzerland,Y,CB,90,0,0,0,0,,,0,0,,,,,,,,,,,,,,,,Match Report,,,,,,,,
06-03-2018,Sun,Friendlies (M),Friendlies (M),Home,D 1–1,es Spain,ch Switzerland,N,"On matchday squad, but did not play",Match Report,,,,,,,,,,,,,,,,,,,,,,,,,,,,,,,,
06-03-2018,Sun,Friendlies (M),Friendlies (M),Home,D 1–1,es Spain,ch Switzerland,Y,CM,90,0,0,0,0,,,0,0,,,,,,,,,,,,,,,,Match Report,,,,,,,,
06-03-2018,Sun,Friendlies (M),Friendlies (M),Home,D 1–1,es Spain,ch Switzerland,N,,31,0,0,0,0,,,0,0,,,,,,,,,,,,,,,,Match Report,,,,,,,,
23-03-2018,Fri,Friendlies (M),Friendlies (M),Away,D 1–1,es Spain,de Germany,N,"On matchday squad, but did not play",Match Report,,,,,,,,,,,,,,,,,,,,,,,,,,,,,,,,
23-03-2018,Fri,Friendlies (M),Friendlies (M),Away,D 1–1,es Spain,de Germany,N,,9,0,0,0,0,,,0,0,,,,,,,,,,,,,,,,Match Report,,,,,,,,
23-03-2018,Fri,Friendlies (M),Friendlies (M),Away,D 1–1,es Spain,de Germany,Y,RB,90,0,0,0,0,,,0,0,,,,,,,,,,,,,,,,Match Report,,,,,,,,
23-03-2018,Fri,Friendlies (M),Friendlies (M),Away,D 1–1,es Spain,de Germany,Y,LB,90,0,0,0,0,,,0,0,,,,,,,,,,,,,,,,Match Report,,,,,,,,
23-03-2018,Fri,Friendlies (M),Friendlies (M),Away,D 1–1,es Spain,de Germany,Y,CM,90,0,0,0,0,,,0,0,,,,,,,,,,,,,,,,Match Report,,,,,,,,
23-03-2018,Fri,Friendlies (M),Friendlies (M),Away,D 1–1,es Spain,de Germany,N,,32,0,0,0,0,,,0,0,,,,,,,,,,,,,,,,Match Report,,,,,,,,
27-03-2018,Tue,Friendlies (M),Friendlies (M),Home,W 6–1,es Spain,ar Argentina,Y,CM,90,0,0,0,0,,,0,0,,,,,,,,,,,,,,,,Match Report,,,,,,,,
27-03-2018,Tue,Friendlies (M),Friendlies (M),Home,W 6–1,es Spain,ar Argentina,N,,19,0,0,0,0,,,0,0,,,,,,,,,,,,,,,,Match Report,,,,,,,,
27-03-2018,Tue,Friendlies (M),Friendlies (M),Home,W 6–1,es Spain,ar Argentina,N,"On matchday squad, but did not play",Match Report,,,,,,,,,,,,,,,,,,,,,,,,,,,,,,,,
27-03-2018,Tue,Friendlies (M),Friendlies (M),Home,W 6–1,es Spain,ar Argentina,Y,LB,78,0,0,0,0,,,0,0,,,,,,,,,,,,,,,,Match Report,,,,,,,,
27-03-2018,Tue,Friendlies (M),Friendlies (M),Home,W 6–1,es Spain,ar Argentina,Y,FW,90,0,2,0,0,,,0,0,,,,,,,,,,,,,,,,Match Report,,,,,,,,
27-03-2018,Tue,Friendlies (M),Friendlies (M),Home,W 6–1,es Spain,ar Argentina,Y,RB,90,0,0,0,0,,,0,0,,,,,,,,,,,,,,,,Match Report,,,,,,,,
15-06-2018,Fri,FIFA World Cup,Group stage,Neutral,D 3–3,es Spain,pt Portugal,Y,LB,90,0,0,0,0,0,0,0,0,94,1,1,0,0,0,0.2,4,0,76,88,86.4,7,0,0,Match Report,,,,,,,,
15-06-2018,Fri,FIFA World Cup,Group stage,Neutral,D 3–3,es Spain,pt Portugal,Y,RM,90,0,0,0,0,1,0,0,0,96,1,2,1,0.1,0.1,0,1,0,80,90,88.9,2,1,1,Match Report,,,,,,,,
15-06-2018,Fri,FIFA World Cup,Group stage,Neutral,D 3–3,es Spain,pt Portugal,N,"On matchday squad, but did not play",Match Report,,,,,,,,,,,,,,,,,,,,,,,,,,,,,,,,
15-06-2018,Fri,FIFA World Cup,Group stage,Neutral,D 3–3,es Spain,pt Portugal,N,"On matchday squad, but did not play",Match Report,,,,,,,,,,,,,,,,,,,,,,,,,,,,,,,,
15-06-2018,Fri,FIFA World Cup,Group stage,Neutral,D 3–3,es Spain,pt Portugal,Y,CM,90,0,1,0,0,1,0,1,0,75,1,2,2,0.1,0.1,0.7,2,1,65,69,94.2,5,0,0,Match Report,,,,,,,,
15-06-2018,Fri,FIFA World Cup,Group stage,Neutral,D 3–3,es Spain,pt Portugal,N,"On matchday squad, but did not play",Match Report,,,,,,,,,,,,,,,,,,,,,,,,,,,,,,,,
20-06-2018,Wed,FIFA World Cup,Group stage,Neutral,W 1–0,es Spain,ir IR Iran,Y,LB,90,0,0,0,0,0,0,0,0,93,1,1,0,0,0,0,1,0,80,92,87,4,0,0,Match Report,,,,,,,,
20-06-2018,Wed,FIFA World Cup,Group stage,Neutral,W 1–0,es Spain,ir IR Iran,N,CM,20,0,0,0,0,0,0,0,0,32,0,0,0,0,0,0,0,0,28,32,87.5,1,1,1,Match Report,,,,,,,,
20-06-2018,Wed,FIFA World Cup,Group stage,Neutral,W 1–0,es Spain,ir IR Iran,N,RM,12,0,0,0,0,0,0,0,0,9,0,0,0,0,0,0,0,0,6,9,66.7,0,1,1,Match Report,,,,,,,,
20-06-2018,Wed,FIFA World Cup,Group stage,Neutral,W 1–0,es Spain,ir IR Iran,Y,DM,90,0,0,0,0,1,1,0,0,103,1,0,1,0,0,0.2,3,0,92,97,94.8,7,3,3,Match Report,,,,,,,,
20-06-2018,Wed,FIFA World Cup,Group stage,Neutral,W 1–0,es Spain,ir IR Iran,Y,RB,90,0,0,0,0,1,0,0,0,76,1,1,0,0,0,0.2,3,0,67,72,93.1,4,1,2,Match Report,,,,,,,,
20-06-2018,Wed,FIFA World Cup,Group stage,Neutral,W 1–0,es Spain,ir IR Iran,N,"On matchday squad, but did not play",Match Report,,,,,,,,,,,,,,,,,,,,,,,,,,,,,,,,
25-06-2018,Mon,FIFA World Cup,Group stage,Neutral,D 2–2,es Spain,ma Morocco,Y,LB,90,0,0,0,0,0,0,0,0,87,1,2,1,0,0,0.1,5,0,76,82,92.7,3,1,1,Match Report,,,,,,,,
25-06-2018,Mon,FIFA World Cup,Group stage,Neutral,D 2–2,es Spain,ma Morocco,N,RM,17,0,0,0,0,1,0,0,0,10,0,0,0,0.1,0.1,0,1,1,7,8,87.5,2,0,0,Match Report,,,,,,,,
25-06-2018,Mon,FIFA World Cup,Group stage,Neutral,D 2–2,es Spain,ma Morocco,Y,RB,90,0,1,0,0,0,0,0,0,76,3,0,0,0,0,0.6,3,1,60,71,84.5,5,0,2,Match Report,,,,,,,,
25-06-2018,Mon,FIFA World Cup,Group stage,Neutral,D 2–2,es Spain,ma Morocco,N,"On matchday squad, but did not play",Match Report,,,,,,,,,,,,,,,,,,,,,,,,,,,,,,,,
25-06-2018,Mon,FIFA World Cup,Group stage,Neutral,D 2–2,es Spain,ma Morocco,N,"On matchday squad, but did not play",Match Report,,,,,,,,,,,,,,,,,,,,,,,,,,,,,,,,
25-06-2018,Mon,FIFA World Cup,Group stage,Neutral,D 2–2,es Spain,ma Morocco,Y,CM,90,0,0,0,0,1,0,0,0,69,1,1,0,0.3,0.3,0,1,0,56,63,88.9,3,0,0,Match Report,,,,,,,,
09-08-2018,Sat,UEFA Nations League,League A,Away,W 2–1,es Spain,eng England,N,"On matchday squad, but did not play",Match Report,,,,,,,,,,,,,,,,,,,,,,,,,,,,,,,,
09-08-2018,Sat,UEFA Nations League,League A,Away,W 2–1,es Spain,eng England,Y,RB,90,0,0,0,0,,,1,0,,,,,,,,,,,,,,,,Match Report,,,,,,,,
09-08-2018,Sat,UEFA Nations League,League A,Away,W 2–1,es Spain,eng England,N,"On matchday squad, but did not play",Match Report,,,,,,,,,,,,,,,,,,,,,,,,,,,,,,,,
09-08-2018,Sat,UEFA Nations League,League A,Away,W 2–1,es Spain,eng England,N,"On matchday squad, but did not play",Match Report,,,,,,,,,,,,,,,,,,,,,,,,,,,,,,,,
09-08-2018,Sat,UEFA Nations League,League A,Away,W 2–1,es Spain,eng England,N,"On matchday squad, but did not play",Match Report,,,,,,,,,,,,,,,,,,,,,,,,,,,,,,,,
09-08-2018,Sat,UEFA Nations League,League A,Away,W 2–1,es Spain,eng England,N,,23,0,0,0,0,,,0,0,,,,,,,,,,,,,,,,Match Report,,,,,,,,
09-08-2018,Sat,UEFA Nations League,League A,Away,W 2–1,es Spain,eng England,Y,CM,90,0,0,0,0,,,0,0,,,,,,,,,,,,,,,,Match Report,,,,,,,,
06-09-2018,Sat,Friendlies (M),Friendlies (M),Home,W 1–0,es Spain,tn Tunisia,Y,LB,75,0,0,0,0,,,0,0,,,,,,,,,,,,,,,,Match Report,,,,,,,,
06-09-2018,Sat,Friendlies (M),Friendlies (M),Home,W 1–0,es Spain,tn Tunisia,N,,45,0,0,0,0,,,0,0,,,,,,,,,,,,,,,,Match Report,,,,,,,,
06-09-2018,Sat,Friendlies (M),Friendlies (M),Home,W 1–0,es Spain,tn Tunisia,N,"On matchday squad, but did not play",Match Report,,,,,,,,,,,,,,,,,,,,,,,,,,,,,,,,
06-09-2018,Sat,Friendlies (M),Friendlies (M),Home,W 1–0,es Spain,tn Tunisia,Y,DM,90,0,0,0,0,,,0,0,,,,,,,,,,,,,,,,Match Report,,,,,,,,
06-09-2018,Sat,Friendlies (M),Friendlies (M),Home,W 1–0,es Spain,tn Tunisia,N,,31,0,0,0,0,,,0,0,,,,,,,,,,,,,,,,Match Report,,,,,,,,
15-10-2018,Mon,UEFA Nations League,League A,Home,L 2–3,es Spain,eng England,Y,FW,90,0,0,0,0,,,0,0,,,,,,,,,,,,,,,,Match Report,,,,,,,,
15-10-2018,Mon,UEFA Nations League,League A,Home,L 2–3,es Spain,eng England,N,"On matchday squad, but did not play",Match Report,,,,,,,,,,,,,,,,,,,,,,,,,,,,,,,,
15-10-2018,Mon,UEFA Nations League,League A,Home,L 2–3,es Spain,eng England,N,"On matchday squad, but did not play",Match Report,,,,,,,,,,,,,,,,,,,,,,,,,,,,,,,,
15-10-2018,Mon,UEFA Nations League,League A,Home,L 2–3,es Spain,eng England,N,,19,0,0,0,0,,,1,0,,,,,,,,,,,,,,,,Match Report,,,,,,,,
15-10-2018,Mon,UEFA Nations League,League A,Home,L 2–3,es Spain,eng England,Y,CM,90,0,0,0,0,,,0,0,,,,,,,,,,,,,,,,Match Report,,,,,,,,
15-10-2018,Mon,UEFA Nations League,League A,Home,L 2–3,es Spain,eng England,N,"On matchday squad, but did not play",Match Report,,,,,,,,,,,,,,,,,,,,,,,,,,,,,,,,
15-10-2018,Mon,UEFA Nations League,League A,Home,L 2–3,es Spain,eng England,N,"On matchday squad, but did not play",Match Report,,,,,,,,,,,,,,,,,,,,,,,,,,,,,,,,
09-11-2018,Tue,UEFA Nations League,League A,Home,W 6–0,es Spain,hr Croatia,Y,LB,90,0,0,0,0,,,0,0,,,,,,,,,,,,,,,,Match Report,,,,,,,,
09-11-2018,Tue,UEFA Nations League,League A,Home,W 6–0,es Spain,hr Croatia,N,,16,0,0,0,0,,,0,0,,,,,,,,,,,,,,,,Match Report,,,,,,,,
09-11-2018,Tue,UEFA Nations League,League A,Home,W 6–0,es Spain,hr Croatia,N,"On matchday squad, but did not play",Match Report,,,,,,,,,,,,,,,,,,,,,,,,,,,,,,,,
09-11-2018,Tue,UEFA Nations League,League A,Home,W 6–0,es Spain,hr Croatia,Y,RB,74,0,0,0,0,,,0,0,,,,,,,,,,,,,,,,Match Report,,,,,,,,
09-11-2018,Tue,UEFA Nations League,League A,Home,W 6–0,es Spain,hr Croatia,N,,32,0,0,0,0,,,0,0,,,,,,,,,,,,,,,,Match Report,,,,,,,,
09-11-2018,Tue,UEFA Nations League,League A,Home,W 6–0,es Spain,hr Croatia,Y,CM,58,0,0,0,0,,,0,0,,,,,,,,,,,,,,,,Match Report,,,,,,,,
09-11-2018,Tue,UEFA Nations League,League A,Home,W 6–0,es Spain,hr Croatia,Y,FW,90,1,0,0,0,,,0,0,,,,,,,,,,,,,,,,Match Report,,,,,,,,
10-11-2018,Thu,Friendlies (M),Friendlies (M),Away,W 4–1,es Spain,wls Wales,Y,LB,90,0,0,0,0,,,0,0,,,,,,,,,,,,,,,,Match Report,,,,,,,,
10-11-2018,Thu,Friendlies (M),Friendlies (M),Away,W 4–1,es Spain,wls Wales,N,"On matchday squad, but did not play",Match Report,,,,,,,,,,,,,,,,,,,,,,,,,,,,,,,,
10-11-2018,Thu,Friendlies (M),Friendlies (M),Away,W 4–1,es Spain,wls Wales,Y,DM,90,0,0,0,0,,,0,0,,,,,,,,,,,,,,,,Match Report,,,,,,,,
10-11-2018,Thu,Friendlies (M),Friendlies (M),Away,W 4–1,es Spain,wls Wales,Y,FW,90,0,0,0,0,,,0,0,,,,,,,,,,,,,,,,Match Report,,,,,,,,
10-11-2018,Thu,Friendlies (M),Friendlies (M),Away,W 4–1,es Spain,wls Wales,N,,45,0,0,0,0,,,0,0,,,,,,,,,,,,,,,,Match Report,,,,,,,,
10-11-2018,Thu,Friendlies (M),Friendlies (M),Away,W 4–1,es Spain,wls Wales,N,"On matchday squad, but did not play",Match Report,,,,,,,,,,,,,,,,,,,,,,,,,,,,,,,,
10-11-2018,Thu,Friendlies (M),Friendlies (M),Away,W 4–1,es Spain,wls Wales,Y,RB,62,0,0,0,0,,,0,0,,,,,,,,,,,,,,,,Match Report,,,,,,,,
15-11-2018,Thu,UEFA Nations League,League A,Away,L 2–3,es Spain,hr Croatia,N,"On matchday squad, but did not play",Match Report,,,,,,,,,,,,,,,,,,,,,,,,,,,,,,,,
15-11-2018,Thu,UEFA Nations League,League A,Away,L 2–3,es Spain,hr Croatia,N,,30,0,0,0,0,,,0,0,,,,,,,,,,,,,,,,Match Report,,,,,,,,
15-11-2018,Thu,UEFA Nations League,League A,Away,L 2–3,es Spain,hr Croatia,Y,CM,90,0,0,0,0,,,1,0,,,,,,,,,,,,,,,,Match Report,,,,,,,,
15-11-2018,Thu,UEFA Nations League,League A,Away,L 2–3,es Spain,hr Croatia,Y,LB,90,0,0,0,0,,,0,0,,,,,,,,,,,,,,,,Match Report,,,,,,,,
15-11-2018,Thu,UEFA Nations League,League A,Away,L 2–3,es Spain,hr Croatia,N,,27,0,0,0,0,,,0,0,,,,,,,,,,,,,,,,Match Report,,,,,,,,
15-11-2018,Thu,UEFA Nations League,League A,Away,L 2–3,es Spain,hr Croatia,N,"On matchday squad, but did not play",Match Report,,,,,,,,,,,,,,,,,,,,,,,,,,,,,,,,
15-11-2018,Thu,UEFA Nations League,League A,Away,L 2–3,es Spain,hr Croatia,N,"On matchday squad, but did not play",Match Report,,,,,,,,,,,,,,,,,,,,,,,,,,,,,,,,
15-11-2018,Thu,UEFA Nations League,League A,Away,L 2–3,es Spain,hr Croatia,N,"On matchday squad, but did not play",Match Report,,,,,,,,,,,,,,,,,,,,,,,,,,,,,,,,
18-11-2018,Sun,Friendlies (M),Friendlies (M),Home,W 1–0,es Spain,ba Bosnia & Herz'na,Y,FW,63,0,0,0,0,,,1,0,,,,,,,,,,,,,,,,Match Report,,,,,,,,
18-11-2018,Sun,Friendlies (M),Friendlies (M),Home,W 1–0,es Spain,ba Bosnia & Herz'na,Y,CB,90,0,0,0,0,,,0,0,,,,,,,,,,,,,,,,Match Report,,,,,,0,,
18-11-2018,Sun,Friendlies (M),Friendlies (M),Home,W 1–0,es Spain,ba Bosnia & Herz'na,Y,LB,90,0,0,0,0,,,1,0,,,,,,,,,,,,,,,,Match Report,,,,,,,,
18-11-2018,Sun,Friendlies (M),Friendlies (M),Home,W 1–0,es Spain,ba Bosnia & Herz'na,N,,40,0,0,0,0,,,0,0,,,,,,,,,,,,,,,,Match Report,,,,,,,,
18-11-2018,Sun,Friendlies (M),Friendlies (M),Home,W 1–0,es Spain,ba Bosnia & Herz'na,N,"On matchday squad, but did not play",Match Report,,,,,,,,,,,,,,,,,,,,,,,,,,,,,,,,
18-11-2018,Sun,Friendlies (M),Friendlies (M),Home,W 1–0,es Spain,ba Bosnia & Herz'na,Y,CM,90,0,0,0,0,,,0,0,,,,,,,,,,,,,,,,Match Report,,,,,,,,
18-11-2018,Sun,Friendlies (M),Friendlies (M),Home,W 1–0,es Spain,ba Bosnia & Herz'na,N,"On matchday squad, but did not play",Match Report,,,,,,,,,,,,,,,,,,,,,,,,,,,,,,,,
18-11-2018,Sun,Friendlies (M),Friendlies (M),Home,W 1–0,es Spain,ba Bosnia & Herz'na,Y,CM,90,0,0,0,0,,,0,0,,,,,,,,,,,,,,,,Match Report,,,,,,,,
23-03-2019,Sat,UEFA Euro Qualifying,Group stage,Home,W 2–1,es Spain,no Norway,N,,15,0,0,0,0,0,0,0,0,,,0,,,,,,,,,,,,,Match Report,,,,,,,,
23-03-2019,Sat,UEFA Euro Qualifying,Group stage,Home,W 2–1,es Spain,no Norway,Y,CM,90,0,0,0,0,1,0,0,0,,,1,,,,,,,,,,,,,Match Report,,,,,,,,
23-03-2019,Sat,UEFA Euro Qualifying,Group stage,Home,W 2–1,es Spain,no Norway,N,"On matchday squad, but did not play",Match Report,,,,,,,,,,,,,,,,,,,,,,,,,,,,,,,,
23-03-2019,Sat,UEFA Euro Qualifying,Group stage,Home,W 2–1,es Spain,no Norway,Y,FW,90,0,0,0,0,5,2,0,0,,,0,,,,,,,,,,,,,Match Report,,,,,,,,
23-03-2019,Sat,UEFA Euro Qualifying,Group stage,Home,W 2–1,es Spain,no Norway,Y,LB,90,0,1,0,0,0,0,0,0,,,1,,,,,,,,,,,,,Match Report,,,,,,,,
23-03-2019,Sat,UEFA Euro Qualifying,Group stage,Home,W 2–1,es Spain,no Norway,Y,FW,88,0,0,0,0,6,4,0,0,,,0,,,,,,,,,,,,,Match Report,,,,,,,,
26-03-2019,Tue,UEFA Euro Qualifying,Group stage,Away,W 2–0,es Spain,mt Malta,Y,CM,90,0,0,0,0,0,0,0,0,,,0,,,,,,,,,,,,,Match Report,,,,,,,,
26-03-2019,Tue,UEFA Euro Qualifying,Group stage,Away,W 2–0,es Spain,mt Malta,Y,FW,90,0,0,0,0,6,3,0,0,,,0,,,,,,,,,,,,,Match Report,,,,,,,,
26-03-2019,Tue,UEFA Euro Qualifying,Group stage,Away,W 2–0,es Spain,mt Malta,N,"On matchday squad, but did not play",Match Report,,,,,,,,,,,,,,,,,,,,,,,,,,,,,,,,
26-03-2019,Tue,UEFA Euro Qualifying,Group stage,Away,W 2–0,es Spain,mt Malta,Y,LB,90,0,0,0,0,1,0,0,0,,,1,,,,,,,,,,,,,Match Report,,,,,,,,
26-03-2019,Tue,UEFA Euro Qualifying,Group stage,Away,W 2–0,es Spain,mt Malta,Y,FW,78,2,0,0,0,6,3,0,0,,,1,,,,,,,,,,,,,Match Report,,,,,,,,
26-03-2019,Tue,UEFA Euro Qualifying,Group stage,Away,W 2–0,es Spain,mt Malta,N,"On matchday squad, but did not play",Match Report,,,,,,,,,,,,,,,,,,,,,,,,,,,,,,,,
09-05-2019,Thu,UEFA Euro Qualifying,Group stage,Away,W 2–1,es Spain,ro Romania,Y,CM,90,0,0,0,0,2,1,0,0,,,2,,,,,,,,,,,,,Match Report,,,,,,,,
09-05-2019,Thu,UEFA Euro Qualifying,Group stage,Away,W 2–1,es Spain,ro Romania,N,"On matchday squad, but did not play",Match Report,,,,,,,,,,,,,,,,,,,,,,,,,,,,,,,,
09-05-2019,Thu,UEFA Euro Qualifying,Group stage,Away,W 2–1,es Spain,ro Romania,N,"On matchday squad, but did not play",Match Report,,,,,,,,,,,,,,,,,,,,,,,,,,,,,,,,
09-05-2019,Thu,UEFA Euro Qualifying,Group stage,Away,W 2–1,es Spain,ro Romania,Y,LB,90,0,1,0,0,1,1,0,0,,,1,,,,,,,,,,,,,Match Report,,,,,,,,
09-05-2019,Thu,UEFA Euro Qualifying,Group stage,Away,W 2–1,es Spain,ro Romania,N,"On matchday squad, but did not play",Match Report,,,,,,,,,,,,,,,,,,,,,,,,,,,,,,,,
09-05-2019,Thu,UEFA Euro Qualifying,Group stage,Away,W 2–1,es Spain,ro Romania,Y,CB,78,0,0,0,0,0,0,0,1,,,1,,,,,,,,,,,,,Match Report,3,0,0,0,1,0,,
09-05-2019,Thu,UEFA Euro Qualifying,Group stage,Away,W 2–1,es Spain,ro Romania,N,,15,0,0,0,0,1,0,0,0,,,0,,,,,,,,,,,,,Match Report,,,,,,,,
06-07-2019,Fri,UEFA Euro Qualifying,Group stage,Away,W 4–1,es Spain,fo Faroe Islands,N,,35,0,1,0,0,2,2,0,0,,,0,,,,,,,,,,,,,Match Report,,,,,,,,
06-07-2019,Fri,UEFA Euro Qualifying,Group stage,Away,W 4–1,es Spain,fo Faroe Islands,N,,45,0,0,0,0,1,1,0,0,,,0,,,,,,,,,,,,,Match Report,1,0,0,0,0,0,,
06-07-2019,Fri,UEFA Euro Qualifying,Group stage,Away,W 4–1,es Spain,fo Faroe Islands,N,"On matchday squad, but did not play",Match Report,,,,,,,,,,,,,,,,,,,,,,,,,,,,,,,,
06-07-2019,Fri,UEFA Euro Qualifying,Group stage,Away,W 4–1,es Spain,fo Faroe Islands,N,"On matchday squad, but did not play",Match Report,,,,,,,,,,,,,,,,,,,,,,,,,,,,,,,,
06-07-2019,Fri,UEFA Euro Qualifying,Group stage,Away,W 4–1,es Spain,fo Faroe Islands,Y,FW,90,0,0,0,0,1,0,0,0,,,0,,,,,,,,,,,,,Match Report,,,,,,,,
06-07-2019,Fri,UEFA Euro Qualifying,Group stage,Away,W 4–1,es Spain,fo Faroe Islands,Y,CM,90,0,0,0,0,0,0,0,0,,,2,,,,,,,,,,,,,Match Report,,,,,,,,
06-07-2019,Fri,UEFA Euro Qualifying,Group stage,Away,W 4–1,es Spain,fo Faroe Islands,Y,LB,90,1,0,0,0,2,1,0,0,,,0,,,,,,,,,,,,,Match Report,,,,,,,,
06-07-2019,Fri,UEFA Euro Qualifying,Group stage,Away,W 4–1,es Spain,fo Faroe Islands,N,"On matchday squad, but did not play",Match Report,,,,,,,,,,,,,,,,,,,,,,,,,,,,,,,,
09-08-2019,Sun,UEFA Euro Qualifying,Group stage,Home,W 4–0,es Spain,fo Faroe Islands,Y,RB,90,0,0,0,0,2,0,0,0,,,0,,,,,,,,,,,,,Match Report,,,,,,,,
09-08-2019,Sun,UEFA Euro Qualifying,Group stage,Home,W 4–0,es Spain,fo Faroe Islands,Y,CM,90,0,0,0,0,3,2,0,0,,,0,,,,,,,,,,,,,Match Report,,,,,,,,
09-08-2019,Sun,UEFA Euro Qualifying,Group stage,Home,W 4–0,es Spain,fo Faroe Islands,N,,23,0,0,0,0,1,0,0,0,,,0,,,,,,,,,,,,,Match Report,,,,,,,,
09-08-2019,Sun,UEFA Euro Qualifying,Group stage,Home,W 4–0,es Spain,fo Faroe Islands,N,"On matchday squad, but did not play",Match Report,,,,,,,,,,,,,,,,,,,,,,,,,,,,,,,,
09-08-2019,Sun,UEFA Euro Qualifying,Group stage,Home,W 4–0,es Spain,fo Faroe Islands,Y,LB,90,0,1,0,0,1,0,0,0,,,0,,,,,,,,,,,,,Match Report,,,,,,,,
09-08-2019,Sun,UEFA Euro Qualifying,Group stage,Home,W 4–0,es Spain,fo Faroe Islands,N,"On matchday squad, but did not play",Match Report,,,,,,,,,,,,,,,,,,,,,,,,,,,,,,,,
06-10-2019,Mon,UEFA Euro Qualifying,Group stage,Home,W 3–0,es Spain,se Sweden,N,,26,1,0,1,1,1,1,0,0,,,0,,,,,,,,,,,,,Match Report,,,,,,,,
06-10-2019,Mon,UEFA Euro Qualifying,Group stage,Home,W 3–0,es Spain,se Sweden,Y,RB,90,0,0,0,0,1,0,0,0,,,0,,,,,,,,,,,,,Match Report,,,,,,,,
06-10-2019,Mon,UEFA Euro Qualifying,Group stage,Home,W 3–0,es Spain,se Sweden,Y,FW,64,0,0,0,0,3,0,0,0,,,0,,,,,,,,,,,,,Match Report,,,,,,,,
06-10-2019,Mon,UEFA Euro Qualifying,Group stage,Home,W 3–0,es Spain,se Sweden,Y,LB,90,0,0,0,0,0,0,1,0,,,0,,,,,,,,,,,,,Match Report,,,,,,,,
06-10-2019,Mon,UEFA Euro Qualifying,Group stage,Home,W 3–0,es Spain,se Sweden,N,,3,0,0,0,0,0,0,0,0,,,0,,,,,,,,,,,,,Match Report,0,0,0,0,0,0,,
06-10-2019,Mon,UEFA Euro Qualifying,Group stage,Home,W 3–0,es Spain,se Sweden,N,"On matchday squad, but did not play",Match Report,,,,,,,,,,,,,,,,,,,,,,,,,,,,,,,,
06-10-2019,Mon,UEFA Euro Qualifying,Group stage,Home,W 3–0,es Spain,se Sweden,Y,CM,90,0,0,0,0,1,0,0,0,,,2,,,,,,,,,,,,,Match Report,,,,,,,,
06-10-2019,Mon,UEFA Euro Qualifying,Group stage,Home,W 3–0,es Spain,se Sweden,N,"On matchday squad, but did not play",Match Report,,,,,,,,,,,,,,,,,,,,,,,,,,,,,,,,
15-10-2019,Tue,UEFA Euro Qualifying,Group stage,Away,D 1–1,es Spain,se Sweden,Y,RB,80,0,0,0,0,0,0,0,0,,,1,,,,,,,,,,,,,Match Report,,,,,,,,
15-10-2019,Tue,UEFA Euro Qualifying,Group stage,Away,D 1–1,es Spain,se Sweden,Y,DM,90,0,0,0,0,2,2,1,0,,,1,,,,,,,,,,,,,Match Report,,,,,,,,
15-10-2019,Tue,UEFA Euro Qualifying,Group stage,Away,D 1–1,es Spain,se Sweden,N,"On matchday squad, but did not play",Match Report,,,,,,,,,,,,,,,,,,,,,,,,,,,,,,,,
15-10-2019,Tue,UEFA Euro Qualifying,Group stage,Away,D 1–1,es Spain,se Sweden,N,"On matchday squad, but did not play",Match Report,,,,,,,,,,,,,,,,,,,,,,,,,,,,,,,,
15-10-2019,Tue,UEFA Euro Qualifying,Group stage,Away,D 1–1,es Spain,se Sweden,N,"On matchday squad, but did not play",Match Report,,,,,,,,,,,,,,,,,,,,,,,,,,,,,,,,
15-10-2019,Tue,UEFA Euro Qualifying,Group stage,Away,D 1–1,es Spain,se Sweden,N,"On matchday squad, but did not play",Match Report,,,,,,,,,,,,,,,,,,,,,,,,,,,,,,,,
15-11-2019,Fri,UEFA Euro Qualifying,Group stage,Home,W 7–0,es Spain,mt Malta,Y,CM,90,0,0,0,0,0,0,0,0,,,0,,,,,,,,,,,,,Match Report,,,,,,,,
15-11-2019,Fri,UEFA Euro Qualifying,Group stage,Home,W 7–0,es Spain,mt Malta,Y,FW,65,1,0,0,0,2,2,0,0,,,0,,,,,,,,,,,,,Match Report,,,,,,,,
15-11-2019,Fri,UEFA Euro Qualifying,Group stage,Home,W 7–0,es Spain,mt Malta,N,"On matchday squad, but did not play",Match Report,,,,,,,,,,,,,,,,,,,,,,,,,,,,,,,,
15-11-2019,Fri,UEFA Euro Qualifying,Group stage,Home,W 7–0,es Spain,mt Malta,Y,FW,90,1,0,0,0,7,3,0,0,,,1,,,,,,,,,,,,,Match Report,,,,,,,,
15-11-2019,Fri,UEFA Euro Qualifying,Group stage,Home,W 7–0,es Spain,mt Malta,N,"On matchday squad, but did not play",Match Report,,,,,,,,,,,,,,,,,,,,,,,,,,,,,,,,
15-11-2019,Fri,UEFA Euro Qualifying,Group stage,Home,W 7–0,es Spain,mt Malta,N,,30,1,0,0,0,1,1,0,0,,,0,,,,,,,,,,,,,Match Report,,,,,,,,
15-11-2019,Fri,UEFA Euro Qualifying,Group stage,Home,W 7–0,es Spain,mt Malta,N,"On matchday squad, but did not play",Match Report,,,,,,,,,,,,,,,,,,,,,,,,,,,,,,,,
18-11-2019,Mon,UEFA Euro Qualifying,Group stage,Home,W 5–0,es Spain,ro Romania,N,"On matchday squad, but did not play",Match Report,,,,,,,,,,,,,,,,,,,,,,,,,,,,,,,,
18-11-2019,Mon,UEFA Euro Qualifying,Group stage,Home,W 5–0,es Spain,ro Romania,N,"On matchday squad, but did not play",Match Report,,,,,,,,,,,,,,,,,,,,,,,,,,,,,,,,
18-11-2019,Mon,UEFA Euro Qualifying,Group stage,Home,W 5–0,es Spain,ro Romania,Y,RB,90,0,0,0,0,1,1,0,0,,,1,,,,,,,,,,,,,Match Report,,,,,,,,
18-11-2019,Mon,UEFA Euro Qualifying,Group stage,Home,W 5–0,es Spain,ro Romania,N,"On matchday squad, but did not play",Match Report,,,,,,,,,,,,,,,,,,,,,,,,,,,,,,,,
18-11-2019,Mon,UEFA Euro Qualifying,Group stage,Home,W 5–0,es Spain,ro Romania,Y,CM,90,0,1,0,0,0,0,1,0,,,0,,,,,,,,,,,,,Match Report,,,,,,,,
18-11-2019,Mon,UEFA Euro Qualifying,Group stage,Home,W 5–0,es Spain,ro Romania,Y,LB,90,0,1,0,0,0,0,0,0,,,1,,,,,,,,,,,,,Match Report,,,,,,,,
18-11-2019,Mon,UEFA Euro Qualifying,Group stage,Home,W 5–0,es Spain,ro Romania,Y,FW,90,0,0,0,0,2,1,0,0,,,0,,,,,,,,,,,,,Match Report,,,,,,,,
10-12-2019,Sat,UEFA Euro Qualifying,Group stage,Away,D 1–1,es Spain,no Norway,N,"On matchday squad, but did not play",Match Report,,,,,,,,,,,,,,,,,,,,,,,,,,,,,,,,
10-12-2019,Sat,UEFA Euro Qualifying,Group stage,Away,D 1–1,es Spain,no Norway,N,"On matchday squad, but did not play",Match Report,,,,,,,,,,,,,,,,,,,,,,,,,,,,,,,,
10-12-2019,Sat,UEFA Euro Qualifying,Group stage,Away,D 1–1,es Spain,no Norway,N,,13,0,0,0,0,1,0,0,0,,,0,,,,,,,,,,,,,Match Report,,,,,,,,
10-12-2019,Sat,UEFA Euro Qualifying,Group stage,Away,D 1–1,es Spain,no Norway,N,"On matchday squad, but did not play",Match Report,,,,,,,,,,,,,,,,,,,,,,,,,,,,,,,,
10-12-2019,Sat,UEFA Euro Qualifying,Group stage,Away,D 1–1,es Spain,no Norway,Y,CM,90,0,1,0,0,0,0,1,0,,,4,,,,,,,,,,,,,Match Report,,,,,,,,
09-03-2020,Thu,UEFA Nations League,League A,Away,D 1–1,es Spain,de Germany,Y,RB,90,0,0,0,0,0,0,0,0,,,4,,,,,,,,,,,,,Match Report,,,,,,,,
09-03-2020,Thu,UEFA Nations League,League A,Away,D 1–1,es Spain,de Germany,N,"On matchday squad, but did not play",Match Report,,,,,,,,,,,,,,,,,,,,,,,,,,,,,,,,
09-03-2020,Thu,UEFA Nations League,League A,Away,D 1–1,es Spain,de Germany,Y,CB,90,0,0,0,0,0,0,0,0,,,0,,,,,,,,,,,,,Match Report,,,,,,,,
09-03-2020,Thu,UEFA Nations League,League A,Away,D 1–1,es Spain,de Germany,N,"On matchday squad, but did not play",Match Report,,,,,,,,,,,,,,,,,,,,,,,,,,,,,,,,
09-03-2020,Thu,UEFA Nations League,League A,Away,D 1–1,es Spain,de Germany,N,"On matchday squad, but did not play",Match Report,,,,,,,,,,,,,,,,,,,,,,,,,,,,,,,,
09-03-2020,Thu,UEFA Nations League,League A,Away,D 1–1,es Spain,de Germany,Y,LB,90,1,0,0,0,1,1,0,0,,,1,,,,,,,,,,,,,Match Report,,,,,,,,
09-03-2020,Thu,UEFA Nations League,League A,Away,D 1–1,es Spain,de Germany,N,"On matchday squad, but did not play",Match Report,,,,,,,,,,,,,,,,,,,,,,,,,,,,,,,,
09-03-2020,Thu,UEFA Nations League,League A,Away,D 1–1,es Spain,de Germany,Y,FW,90,0,0,0,0,2,0,0,0,,,1,,,,,,,,,,,,,Match Report,,,,,,,,
09-03-2020,Thu,UEFA Nations League,League A,Away,D 1–1,es Spain,de Germany,Y,CM,56,0,0,0,0,1,1,0,0,,,0,,,,,,,,,,,,,Match Report,,,,,,,,
09-06-2020,Sun,UEFA Nations League,League A,Home,W 4–0,es Spain,ua Ukraine,N,"On matchday squad, but did not play",Match Report,,,,,,,,,,,,,,,,,,,,,,,,,,,,,,,,
09-06-2020,Sun,UEFA Nations League,League A,Home,W 4–0,es Spain,ua Ukraine,N,,17,1,0,0,0,1,1,0,0,,,0,,,,,,,,,,,,,Match Report,,,,,,,,
09-06-2020,Sun,UEFA Nations League,League A,Home,W 4–0,es Spain,ua Ukraine,N,,30,0,0,0,0,0,0,0,0,,,0,,,,,,,,,,,,,Match Report,,,,,,,,
09-06-2020,Sun,UEFA Nations League,League A,Home,W 4–0,es Spain,ua Ukraine,Y,CM,68,0,0,0,0,0,0,1,0,,,1,,,,,,,,,,,,,Match Report,,,,,,,,
09-06-2020,Sun,UEFA Nations League,League A,Home,W 4–0,es Spain,ua Ukraine,N,"On matchday squad, but did not play",Match Report,,,,,,,,,,,,,,,,,,,,,,,,,,,,,,,,
09-06-2020,Sun,UEFA Nations League,League A,Home,W 4–0,es Spain,ua Ukraine,N,"On matchday squad, but did not play",Match Report,,,,,,,,,,,,,,,,,,,,,,,,,,,,,,,,
09-06-2020,Sun,UEFA Nations League,League A,Home,W 4–0,es Spain,ua Ukraine,N,"On matchday squad, but did not play",Match Report,,,,,,,,,,,,,,,,,,,,,,,,,,,,,,,,
09-06-2020,Sun,UEFA Nations League,League A,Home,W 4–0,es Spain,ua Ukraine,N,"On matchday squad, but did not play",Match Report,,,,,,,,,,,,,,,,,,,,,,,,,,,,,,,,
09-06-2020,Sun,UEFA Nations League,League A,Home,W 4–0,es Spain,ua Ukraine,Y,CB,90,0,0,0,0,1,0,0,0,,,0,,,,,,,,,,,,,Match Report,,,,,,,,
10-07-2020,Wed,Friendlies (M),Friendlies (M),Away,D 0–0,es Spain,pt Portugal,Y,CB,90,0,0,0,0,,,0,0,,,,,,,,,,,,,,,,Match Report,,,,,,0,,
10-07-2020,Wed,Friendlies (M),Friendlies (M),Away,D 0–0,es Spain,pt Portugal,N,"On matchday squad, but did not play",Match Report,,,,,,,,,,,,,,,,,,,,,,,,,,,,,,,,
10-07-2020,Wed,Friendlies (M),Friendlies (M),Away,D 0–0,es Spain,pt Portugal,Y,CB,81,0,0,0,0,,,0,0,,,,,,,,,,,,,,,,Match Report,,,,,,,,
10-07-2020,Wed,Friendlies (M),Friendlies (M),Away,D 0–0,es Spain,pt Portugal,N,,29,0,0,0,0,,,0,0,,,,,,,,,,,,,,,,Match Report,,,,,,,,
10-07-2020,Wed,Friendlies (M),Friendlies (M),Away,D 0–0,es Spain,pt Portugal,N,,45,0,0,0,0,,,0,0,,,,,,,,,,,,,,,,Match Report,,,,,,,,
10-07-2020,Wed,Friendlies (M),Friendlies (M),Away,D 0–0,es Spain,pt Portugal,N,"On matchday squad, but did not play",Match Report,,,,,,,,,,,,,,,,,,,,,,,,,,,,,,,,
10-07-2020,Wed,Friendlies (M),Friendlies (M),Away,D 0–0,es Spain,pt Portugal,Y*,CM,61,0,0,0,0,,,0,0,,,,,,,,,,,,,,,,Match Report,,,,,,,,
10-07-2020,Wed,Friendlies (M),Friendlies (M),Away,D 0–0,es Spain,pt Portugal,N,"On matchday squad, but did not play",Match Report,,,,,,,,,,,,,,,,,,,,,,,,,,,,,,,,
10-10-2020,Sat,UEFA Nations League,League A,Home,W 1–0,es Spain,ch Switzerland,N,,3,0,0,0,0,0,0,0,0,,,0,,,,,,,,,,,,,Match Report,,,,,,,,
10-10-2020,Sat,UEFA Nations League,League A,Home,W 1–0,es Spain,ch Switzerland,N,"On matchday squad, but did not play",Match Report,,,,,,,,,,,,,,,,,,,,,,,,,,,,,,,,
10-10-2020,Sat,UEFA Nations League,League A,Home,W 1–0,es Spain,ch Switzerland,Y,LB,90,0,0,0,0,1,0,0,0,,,0,,,,,,,,,,,,,Match Report,,,,,,,,
10-10-2020,Sat,UEFA Nations League,League A,Home,W 1–0,es Spain,ch Switzerland,Y,CB,90,0,0,0,0,0,0,0,0,,,1,,,,,,,,,,,,,Match Report,,,,,,,,
10-10-2020,Sat,UEFA Nations League,League A,Home,W 1–0,es Spain,ch Switzerland,Y,FW,87,0,0,0,0,3,1,0,0,,,1,,,,,,,,,,,,,Match Report,,,,,,,,
10-10-2020,Sat,UEFA Nations League,League A,Home,W 1–0,es Spain,ch Switzerland,N,"On matchday squad, but did not play",Match Report,,,,,,,,,,,,,,,,,,,,,,,,,,,,,,,,
10-10-2020,Sat,UEFA Nations League,League A,Home,W 1–0,es Spain,ch Switzerland,Y,CM,90,0,0,0,0,0,0,0,0,,,1,,,,,,,,,,,,,Match Report,,,,,,,,
10-10-2020,Sat,UEFA Nations League,League A,Home,W 1–0,es Spain,ch Switzerland,N,"On matchday squad, but did not play",Match Report,,,,,,,,,,,,,,,,,,,,,,,,,,,,,,,,
13-10-2020,Tue,UEFA Nations League,League A,Away,L 0–1,es Spain,ua Ukraine,Y,CM,90,0,0,0,0,2,0,0,0,,,1,,,,,,,,,,,,,Match Report,,,,,,,,
13-10-2020,Tue,UEFA Nations League,League A,Away,L 0–1,es Spain,ua Ukraine,N,"On matchday squad, but did not play",Match Report,,,,,,,,,,,,,,,,,,,,,,,,,,,,,,,,
13-10-2020,Tue,UEFA Nations League,League A,Away,L 0–1,es Spain,ua Ukraine,Y,CB,90,0,0,0,0,0,0,0,0,,,0,,,,,,,,,,,,,Match Report,,,,,,,,
13-10-2020,Tue,UEFA Nations League,League A,Away,L 0–1,es Spain,ua Ukraine,N,"On matchday squad, but did not play",Match Report,,,,,,,,,,,,,,,,,,,,,,,,,,,,,,,,
13-10-2020,Tue,UEFA Nations League,League A,Away,L 0–1,es Spain,ua Ukraine,N,"On matchday squad, but did not play",Match Report,,,,,,,,,,,,,,,,,,,,,,,,,,,,,,,,
13-10-2020,Tue,UEFA Nations League,League A,Away,L 0–1,es Spain,ua Ukraine,N,,33,0,0,0,0,2,1,0,0,,,0,,,,,,,,,,,,,Match Report,,,,,,,,
13-10-2020,Tue,UEFA Nations League,League A,Away,L 0–1,es Spain,ua Ukraine,N,"On matchday squad, but did not play",Match Report,,,,,,,,,,,,,,,,,,,,,,,,,,,,,,,,
11-11-2020,Wed,Friendlies (M),Friendlies (M),Away,D 1–1,es Spain,nl Netherlands,Y,RW,60,0,0,0,0,,,0,0,,,,,,,,,,,,,,,,Match Report,,,,,,,,
11-11-2020,Wed,Friendlies (M),Friendlies (M),Away,D 1–1,es Spain,nl Netherlands,Y,FW,60,0,1,0,0,,,0,0,,,,,,,,,,,,,,,,Match Report,,,,,,,,
11-11-2020,Wed,Friendlies (M),Friendlies (M),Away,D 1–1,es Spain,nl Netherlands,N,"On matchday squad, but did not play",Match Report,,,,,,,,,,,,,,,,,,,,,,,,,,,,,,,,
11-11-2020,Wed,Friendlies (M),Friendlies (M),Away,D 1–1,es Spain,nl Netherlands,Y,CM,90,0,0,0,0,,,0,0,,,,,,,,,,,,,,,,Match Report,,,,,,,,
11-11-2020,Wed,Friendlies (M),Friendlies (M),Away,D 1–1,es Spain,nl Netherlands,Y,GK,90,0,0,0,0,,,0,0,,,,,,,,,,,,,,,,Match Report,,,,,,,,
11-11-2020,Wed,Friendlies (M),Friendlies (M),Away,D 1–1,es Spain,nl Netherlands,Y,CB,90,0,0,0,0,,,0,0,,,,,,,,,,,,,,,,Match Report,,,,,,,,
11-11-2020,Wed,Friendlies (M),Friendlies (M),Away,D 1–1,es Spain,nl Netherlands,Y*,CM,90,0,0,0,0,,,0,0,,,,,,,,,,,,,,,,Match Report,,,,,,,,
11-11-2020,Wed,Friendlies (M),Friendlies (M),Away,D 1–1,es Spain,nl Netherlands,N,,19,0,0,0,0,,,0,0,,,,,,,,,,,,,,,,Match Report,,,,,,,,
11-11-2020,Wed,Friendlies (M),Friendlies (M),Away,D 1–1,es Spain,nl Netherlands,N,,30,0,0,0,0,,,0,0,,,,,,,,,,,,,,,,Match Report,,,,,,,,
11-11-2020,Wed,Friendlies (M),Friendlies (M),Away,D 1–1,es Spain,nl Netherlands,N,"On matchday squad, but did not play",Match Report,,,,,,,,,,,,,,,,,,,,,,,,,,,,,,,,
11-11-2020,Wed,Friendlies (M),Friendlies (M),Away,D 1–1,es Spain,nl Netherlands,Y,LB,28,0,0,0,0,,,0,0,,,,,,,,,,,,,,,,Match Report,,,,,,,,
14-11-2020,Sat,UEFA Nations League,League A,Away,D 1–1,es Spain,ch Switzerland,N,"On matchday squad, but did not play",Match Report,,,,,,,,,,,,,,,,,,,,,,,,,,,,,,,,
14-11-2020,Sat,UEFA Nations League,League A,Away,D 1–1,es Spain,ch Switzerland,N,,35,0,0,0,0,1,0,0,0,,,0,,,,,,,,,,,,,Match Report,,,,,,,,
14-11-2020,Sat,UEFA Nations League,League A,Away,D 1–1,es Spain,ch Switzerland,N,"On matchday squad, but did not play",Match Report,,,,,,,,,,,,,,,,,,,,,,,,,,,,,,,,
14-11-2020,Sat,UEFA Nations League,League A,Away,D 1–1,es Spain,ch Switzerland,Y,CB,90,0,0,0,0,0,0,0,0,,,2,,,,,,,,,,,,,Match Report,,,,,,,,
14-11-2020,Sat,UEFA Nations League,League A,Away,D 1–1,es Spain,ch Switzerland,Y,GK,90,0,0,0,0,0,0,0,0,,,0,,,,,,,,,,,,,Match Report,,,,,,,,
14-11-2020,Sat,UEFA Nations League,League A,Away,D 1–1,es Spain,ch Switzerland,Y,DM,72,0,0,0,0,0,0,0,0,,,3,,,,,,,,,,,,,Match Report,,,,,,,,
14-11-2020,Sat,UEFA Nations League,League A,Away,D 1–1,es Spain,ch Switzerland,Y,AM,90,0,0,0,0,2,0,0,0,,,2,,,,,,,,,,,,,Match Report,,,,,,,,
14-11-2020,Sat,UEFA Nations League,League A,Away,D 1–1,es Spain,ch Switzerland,N,,18,0,0,0,0,0,0,0,0,,,0,,,,,,,,,,,,,Match Report,,,,,,,,
17-11-2020,Tue,UEFA Nations League,League A,Home,W 6–0,es Spain,de Germany,Y,AM,90,0,0,0,0,1,0,0,0,,,0,,,,,,,,,,,,,Match Report,,,,,,,,
17-11-2020,Tue,UEFA Nations League,League A,Home,W 6–0,es Spain,de Germany,Y,AM,72,3,0,0,0,7,4,0,0,,,0,,,,,,,,,,,,,Match Report,,,,,,,,
17-11-2020,Tue,UEFA Nations League,League A,Home,W 6–0,es Spain,de Germany,Y,DM,90,1,0,0,0,3,1,0,0,,,2,,,,,,,,,,,,,Match Report,,,,,,,,
17-11-2020,Tue,UEFA Nations League,League A,Home,W 6–0,es Spain,de Germany,N,,48,0,0,0,0,0,0,0,0,,,1,,,,,,,,,,,,,Match Report,,,,,,,,
17-11-2020,Tue,UEFA Nations League,League A,Home,W 6–0,es Spain,de Germany,N,,18,0,0,0,0,0,0,0,0,,,0,,,,,,,,,,,,,Match Report,,,,,,,,
17-11-2020,Tue,UEFA Nations League,League A,Home,W 6–0,es Spain,de Germany,Y,CB,90,0,0,0,0,0,0,0,0,,,1,,,,,,,,,,,,,Match Report,,,,,,,,
17-11-2020,Tue,UEFA Nations League,League A,Home,W 6–0,es Spain,de Germany,N,"On matchday squad, but did not play",Match Report,,,,,,,,,,,,,,,,,,,,,,,,,,,,,,,,
17-11-2020,Tue,UEFA Nations League,League A,Home,W 6–0,es Spain,de Germany,Y,FW,72,1,0,0,0,4,2,0,0,,,0,,,,,,,,,,,,,Match Report,,,,,,,,
17-11-2020,Tue,UEFA Nations League,League A,Home,W 6–0,es Spain,de Germany,Y,LB,90,0,2,0,0,0,0,0,0,,,1,,,,,,,,,,,,,Match Report,,,,,,,,
17-11-2020,Tue,UEFA Nations League,League A,Home,W 6–0,es Spain,de Germany,Y,GK,90,0,0,0,0,0,0,0,0,,,0,,,,,,,,,,,,,Match Report,,,,,,,,
07-02-2021,Fri,UEFA Euro,Quarter-finals,Away,D 1 (3)–1 (1),es Spain,ch Switzerland,Y,LB,120,0,0,0,0,2,1,0,0,135,1,0,1,0.1,0.1,0.8,6,0,117,130,90,4,0,2,Match Report,,,,,,,,
07-02-2021,Fri,UEFA Euro,Quarter-finals,Away,D 1 (3)–1 (1),es Spain,ch Switzerland,Y,CB,112,0,0,0,0,1,0,0,0,160,1,0,2,0.2,0.2,0,1,0,144,152,94.7,7,0,0,Match Report,,,,,,,,
07-02-2021,Fri,UEFA Euro,Quarter-finals,Away,D 1 (3)–1 (1),es Spain,ch Switzerland,Y,GK,120,0,0,0,0,0,0,0,0,48,0,0,0,0,0,0,0,0,44,46,95.7,0,0,0,Match Report,,,,,,,,
07-02-2021,Fri,UEFA Euro,Quarter-finals,Away,D 1 (3)–1 (1),es Spain,ch Switzerland,Y,RB,120,0,0,0,0,1,1,0,0,99,0,0,0,0.3,0.3,0.1,2,0,87,93,93.5,3,0,0,Match Report,,,,,,,,
07-02-2021,Fri,UEFA Euro,Quarter-finals,Away,D 1 (3)–1 (1),es Spain,ch Switzerland,N,RM,31,0,0,0,0,3,1,0,0,23,0,0,0,0.3,0.3,0.2,6,0,15,16,93.8,2,1,3,Match Report,,,,,,,,
07-02-2021,Fri,UEFA Euro,Quarter-finals,Away,D 1 (3)–1 (1),es Spain,ch Switzerland,N,"On matchday squad, but did not play",Match Report,,,,,,,,,,,,,,,,,,,,,,,,,,,,,,,,
07-02-2021,Fri,UEFA Euro,Quarter-finals,Away,D 1 (3)–1 (1),es Spain,ch Switzerland,N,LM,2,0,0,0,0,1,0,0,0,4,0,0,0,0.1,0.1,0,0,0,3,3,100,0,0,0,Match Report,,,,,,,,
07-02-2021,Fri,UEFA Euro,Quarter-finals,Away,D 1 (3)–1 (1),es Spain,ch Switzerland,Y,FW,54,0,0,0,0,0,0,0,0,25,0,1,0,0,0,0,1,0,18,20,90,1,1,1,Match Report,,,,,,,,
07-02-2021,Fri,UEFA Euro,Quarter-finals,Away,D 1 (3)–1 (1),es Spain,ch Switzerland,Y,LW,45,0,0,0,0,0,0,0,0,25,0,0,0,0,0,0,0,0,12,22,54.5,1,0,0,Match Report,,,,,,,,
07-02-2021,Fri,UEFA Euro,Quarter-finals,Away,D 1 (3)–1 (1),es Spain,ch Switzerland,Y,RW,90,0,0,0,0,1,0,0,0,45,1,0,1,0.1,0.1,0,0,0,27,35,77.1,2,0,2,Match Report,,,,,,,,
07-02-2021,Fri,UEFA Euro,Quarter-finals,Away,D 1 (3)–1 (1),es Spain,ch Switzerland,Y*,CM,120,0,0,0,0,1,1,0,0,116,2,4,1,0.1,0.1,0.1,5,0,94,106,88.7,11,1,1,Match Report,,,,,,,,
07-02-2021,Fri,UEFA Euro,Quarter-finals,Away,D 1 (3)–1 (1),es Spain,ch Switzerland,Y,LM,118,0,0,0,0,0,0,0,0,105,5,2,4,0,0,0.2,9,0,85,93,91.4,5,0,1,Match Report,,,,,,,,
07-02-2021,Fri,UEFA Euro,Quarter-finals,Away,D 1 (3)–1 (1),es Spain,ch Switzerland,Y,RM,89,0,0,0,0,2,0,0,0,78,1,0,1,0.1,0.1,0.5,4,0,64,73,87.7,2,0,0,Match Report,,,,,,,,
07-02-2021,Fri,UEFA Euro,Quarter-finals,Away,D 1 (3)–1 (1),es Spain,ch Switzerland,N,"On matchday squad, but did not play",Match Report,,,,,,,,,,,,,,,,,,,,,,,,,,,,,,,,
07-02-2021,Fri,UEFA Euro,Quarter-finals,Away,D 1 (3)–1 (1),es Spain,ch Switzerland,N,"On matchday squad, but did not play",Match Report,,,,,,,,,,,,,,,,,,,,,,,,,,,,,,,,
07-02-2021,Fri,UEFA Euro,Quarter-finals,Away,D 1 (3)–1 (1),es Spain,ch Switzerland,N,"On matchday squad, but did not play",Match Report,,,,,,,,,,,,,,,,,,,,,,,,,,,,,,,,
09-02-2021,Thu,WCQ,First round,Away,L 1–2,es Spain,se Sweden,Y,RB,90,0,0,0,0,0,0,0,0,,,2,,,,,,,,,,,,,Match Report,,,,,,,,
09-02-2021,Thu,WCQ,First round,Away,L 1–2,es Spain,se Sweden,Y,CB,90,0,0,0,0,0,0,0,0,,,0,,,,,,,,,,,,,Match Report,,,,,,,,
09-02-2021,Thu,WCQ,First round,Away,L 1–2,es Spain,se Sweden,Y,GK,90,0,0,0,0,0,0,0,0,,,0,,,,,,,,,,,,,Match Report,,,,,,,,
09-02-2021,Thu,WCQ,First round,Away,L 1–2,es Spain,se Sweden,Y*,CM,84,0,0,0,0,0,0,1,0,,,2,,,,,,,,,,,,,Match Report,,,,,,,,
09-02-2021,Thu,WCQ,First round,Away,L 1–2,es Spain,se Sweden,Y,CM,84,1,0,0,0,4,2,0,0,,,0,,,,,,,,,,,,,Match Report,,,,,,,,
09-02-2021,Thu,WCQ,First round,Away,L 1–2,es Spain,se Sweden,N,,6,0,0,0,0,0,0,0,0,,,1,,,,,,,,,,,,,Match Report,,,,,,,,
09-02-2021,Thu,WCQ,First round,Away,L 1–2,es Spain,se Sweden,Y,LB,90,0,1,0,0,0,0,1,0,,,2,,,,,,,,,,,,,Match Report,,,,,,,,
09-02-2021,Thu,WCQ,First round,Away,L 1–2,es Spain,se Sweden,Y,FW,74,0,0,0,0,2,1,0,0,,,0,,,,,,,,,,,,,Match Report,,,,,,,,
09-02-2021,Thu,WCQ,First round,Away,L 1–2,es Spain,se Sweden,Y,CM,74,0,0,0,0,1,0,0,0,,,0,,,,,,,,,,,,,Match Report,,,,,,,,
09-02-2021,Thu,WCQ,First round,Away,L 1–2,es Spain,se Sweden,N,,16,0,0,0,0,0,0,0,0,,,0,,,,,,,,,,,,,Match Report,,,,,,,,
09-02-2021,Thu,WCQ,First round,Away,L 1–2,es Spain,se Sweden,N,,16,0,0,0,0,0,0,0,0,,,0,,,,,,,,,,,,,Match Report,,,,,,,,
09-02-2021,Thu,WCQ,First round,Away,L 1–2,es Spain,se Sweden,N,"On matchday squad, but did not play",Match Report,,,,,,,,,,,,,,,,,,,,,,,,,,,,,,,,
09-02-2021,Thu,WCQ,First round,Away,L 1–2,es Spain,se Sweden,Y,FW,90,0,0,0,0,2,0,0,0,,,0,,,,,,,,,,,,,Match Report,,,,,,,,
09-02-2021,Thu,WCQ,First round,Away,L 1–2,es Spain,se Sweden,N,"On matchday squad, but did not play",Match Report,,,,,,,,,,,,,,,,,,,,,,,,,,,,,,,,
25-03-2021,Thu,WCQ,First round,Home,D 1–1,es Spain,gr Greece,Y,RB,90,0,0,0,0,1,0,0,0,,,1,,,,,,,,,,,,,Match Report,,,,,,,,
25-03-2021,Thu,WCQ,First round,Home,D 1–1,es Spain,gr Greece,Y,LB,90,0,0,0,0,0,0,0,0,,,0,,,,,,,,,,,,,Match Report,,,,,,,,
25-03-2021,Thu,WCQ,First round,Home,D 1–1,es Spain,gr Greece,N,"On matchday squad, but did not play",Match Report,,,,,,,,,,,,,,,,,,,,,,,,,,,,,,,,
25-03-2021,Thu,WCQ,First round,Home,D 1–1,es Spain,gr Greece,N,"On matchday squad, but did not play",Match Report,,,,,,,,,,,,,,,,,,,,,,,,,,,,,,,,
25-03-2021,Thu,WCQ,First round,Home,D 1–1,es Spain,gr Greece,Y,FW,90,1,0,0,0,3,2,0,0,,,0,,,,,,,,,,,,,Match Report,,,,,,,,
25-03-2021,Thu,WCQ,First round,Home,D 1–1,es Spain,gr Greece,Y,CM,90,0,0,0,0,0,0,0,0,,,2,,,,,,,,,,,,,Match Report,,,,,,,,
25-03-2021,Thu,WCQ,First round,Home,D 1–1,es Spain,gr Greece,Y,GK,90,0,0,0,0,0,0,0,0,,,0,,,,,,,,,,,,,Match Report,,,,,,,,
25-03-2021,Thu,WCQ,First round,Home,D 1–1,es Spain,gr Greece,Y,FW,71,0,0,0,0,0,0,0,0,,,0,,,,,,,,,,,,,Match Report,,,,,,,,
25-03-2021,Thu,WCQ,First round,Home,D 1–1,es Spain,gr Greece,N,"On matchday squad, but did not play",Match Report,,,,,,,,,,,,,,,,,,,,,,,,,,,,,,,,
25-03-2021,Thu,WCQ,First round,Home,D 1–1,es Spain,gr Greece,N,,27,0,0,0,0,0,0,0,0,,,0,,,,,,,,,,,,,Match Report,,,,,,,,
25-03-2021,Thu,WCQ,First round,Home,D 1–1,es Spain,gr Greece,N,"On matchday squad, but did not play",Match Report,,,,,,,,,,,,,,,,,,,,,,,,,,,,,,,,
25-03-2021,Thu,WCQ,First round,Home,D 1–1,es Spain,gr Greece,Y,CM,71,0,1,0,0,3,0,0,0,,,0,,,,,,,,,,,,,Match Report,,,,,,,,
25-03-2021,Thu,WCQ,First round,Home,D 1–1,es Spain,gr Greece,Y,CB,90,0,0,0,0,0,0,0,0,,,3,,,,,,,,,,,,,Match Report,,,,,,,,
28-03-2021,Sun,WCQ,First round,Away,W 2–1,es Spain,ge Georgia,Y,GK,90,0,0,0,0,0,0,0,0,,,0,,,,,,,,,,,,,Match Report,,,,,,,,
28-03-2021,Sun,WCQ,First round,Away,W 2–1,es Spain,ge Georgia,N,"On matchday squad, but did not play",Match Report,,,,,,,,,,,,,,,,,,,,,,,,,,,,,,,,
28-03-2021,Sun,WCQ,First round,Away,W 2–1,es Spain,ge Georgia,Y,CM,90,0,0,0,0,1,0,0,0,,,0,,,,,,,,,,,,,Match Report,,,,,,,,
28-03-2021,Sun,WCQ,First round,Away,W 2–1,es Spain,ge Georgia,Y,LB,90,0,2,0,0,0,0,0,0,,,3,,,,,,,,,,,,,Match Report,,,,,,,,
28-03-2021,Sun,WCQ,First round,Away,W 2–1,es Spain,ge Georgia,N,"On matchday squad, but did not play",Match Report,,,,,,,,,,,,,,,,,,,,,,,,,,,,,,,,
28-03-2021,Sun,WCQ,First round,Away,W 2–1,es Spain,ge Georgia,N,"On matchday squad, but did not play",Match Report,,,,,,,,,,,,,,,,,,,,,,,,,,,,,,,,
28-03-2021,Sun,WCQ,First round,Away,W 2–1,es Spain,ge Georgia,N,"On matchday squad, but did not play",Match Report,,,,,,,,,,,,,,,,,,,,,,,,,,,,,,,,
28-03-2021,Sun,WCQ,First round,Away,W 2–1,es Spain,ge Georgia,Y,FW,90,0,0,0,0,1,0,0,0,,,0,,,,,,,,,,,,,Match Report,,,,,,,,
28-03-2021,Sun,WCQ,First round,Away,W 2–1,es Spain,ge Georgia,Y,CB,45,0,0,0,0,0,0,1,0,,,1,,,,,,,,,,,,,Match Report,1,0,0,0,0,0,,
28-03-2021,Sun,WCQ,First round,Away,W 2–1,es Spain,ge Georgia,Y,FW,90,1,0,0,0,4,2,0,0,,,0,,,,,,,,,,,,,Match Report,,,,,,,,
28-03-2021,Sun,WCQ,First round,Away,W 2–1,es Spain,ge Georgia,Y*,CM,72,0,0,0,0,0,0,0,0,,,2,,,,,,,,,,,,,Match Report,,,,,,,,
28-03-2021,Sun,WCQ,First round,Away,W 2–1,es Spain,ge Georgia,Y,CB,90,0,0,0,0,0,0,0,0,,,3,,,,,,,,,,,,,Match Report,,,,,,,,
28-03-2021,Sun,WCQ,First round,Away,W 2–1,es Spain,ge Georgia,N,,26,0,0,0,0,0,0,0,0,,,0,,,,,,,,,,,,,Match Report,,,,,,,,
31-03-2021,Wed,WCQ,First round,Home,W 3–1,es Spain,xk Kosovo,N,,9,0,0,0,0,0,0,0,0,,,0,,,,,,,,,,,,,Match Report,,,,,,,,
31-03-2021,Wed,WCQ,First round,Home,W 3–1,es Spain,xk Kosovo,Y,FW,67,0,0,0,0,4,2,0,0,,,0,,,,,,,,,,,,,Match Report,,,,,,,,
31-03-2021,Wed,WCQ,First round,Home,W 3–1,es Spain,xk Kosovo,N,"On matchday squad, but did not play",Match Report,,,,,,,,,,,,,,,,,,,,,,,,,,,,,,,,
31-03-2021,Wed,WCQ,First round,Home,W 3–1,es Spain,xk Kosovo,Y,RB,90,0,0,0,0,1,1,0,0,,,1,,,,,,,,,,,,,Match Report,,,,,,,,
31-03-2021,Wed,WCQ,First round,Home,W 3–1,es Spain,xk Kosovo,N,"On matchday squad, but did not play",Match Report,,,,,,,,,,,,,,,,,,,,,,,,,,,,,,,,
31-03-2021,Wed,WCQ,First round,Home,W 3–1,es Spain,xk Kosovo,Y,CM,90,0,1,0,0,1,0,0,0,,,3,,,,,,,,,,,,,Match Report,,,,,,,,
31-03-2021,Wed,WCQ,First round,Home,W 3–1,es Spain,xk Kosovo,Y,GK,90,0,0,0,0,0,0,0,0,,,0,,,,,,,,,,,,,Match Report,,,,,,,,
31-03-2021,Wed,WCQ,First round,Home,W 3–1,es Spain,xk Kosovo,Y,CM,67,0,1,0,0,1,1,0,0,,,0,,,,,,,,,,,,,Match Report,,,,,,,,
31-03-2021,Wed,WCQ,First round,Home,W 3–1,es Spain,xk Kosovo,Y,FW,90,1,0,0,0,7,3,0,0,,,1,,,,,,,,,,,,,Match Report,,,,,,,,
31-03-2021,Wed,WCQ,First round,Home,W 3–1,es Spain,xk Kosovo,Y,CB,85,0,0,0,0,2,0,0,0,,,1,,,,,,,,,,,,,Match Report,,,,,,,,
31-03-2021,Wed,WCQ,First round,Home,W 3–1,es Spain,xk Kosovo,N,"On matchday squad, but did not play",Match Report,,,,,,,,,,,,,,,,,,,,,,,,,,,,,,,,
31-03-2021,Wed,WCQ,First round,Home,W 3–1,es Spain,xk Kosovo,Y*,CM,81,0,0,0,0,0,0,0,0,,,1,,,,,,,,,,,,,Match Report,,,,,,,,
31-03-2021,Wed,WCQ,First round,Home,W 3–1,es Spain,xk Kosovo,Y,LB,90,0,1,0,0,1,1,0,0,,,1,,,,,,,,,,,,,Match Report,,,,,,,,
06-04-2021,Fri,Friendlies (M),Friendlies (M),Home,D 0–0,es Spain,pt Portugal,N,,12,0,0,0,0,,,0,0,,,,,,,,,,,,,,,,Match Report,,,,,,0,,
06-04-2021,Fri,Friendlies (M),Friendlies (M),Home,D 0–0,es Spain,pt Portugal,N,"On matchday squad, but did not play",Match Report,,,,,,,,,,,,,,,,,,,,,,,,,,,,,,,,
06-04-2021,Fri,Friendlies (M),Friendlies (M),Home,D 0–0,es Spain,pt Portugal,Y,FW,74,0,0,0,0,,,0,0,,,,,,,,,,,,,,,,Match Report,,,,,,,,
06-04-2021,Fri,Friendlies (M),Friendlies (M),Home,D 0–0,es Spain,pt Portugal,N,,28,0,0,0,0,,,0,0,,,,,,,,,,,,,,,,Match Report,,,,,,,,
06-04-2021,Fri,Friendlies (M),Friendlies (M),Home,D 0–0,es Spain,pt Portugal,N,,28,0,0,0,0,,,0,0,,,,,,,,,,,,,,,,Match Report,,,,,,,,
06-04-2021,Fri,Friendlies (M),Friendlies (M),Home,D 0–0,es Spain,pt Portugal,Y,FW,90,0,0,0,0,,,0,0,,,,,,,,,,,,,,,,Match Report,,,,,,,,
06-04-2021,Fri,Friendlies (M),Friendlies (M),Home,D 0–0,es Spain,pt Portugal,N,,16,0,0,0,0,,,0,0,,,,,,,,,,,,,,,,Match Report,,,,,,,,
06-04-2021,Fri,Friendlies (M),Friendlies (M),Home,D 0–0,es Spain,pt Portugal,Y*,DM,62,0,0,0,0,,,0,0,,,,,,,,,,,,,,,,Match Report,,,,,,,,
06-04-2021,Fri,Friendlies (M),Friendlies (M),Home,D 0–0,es Spain,pt Portugal,Y,RB,90,0,0,0,0,,,0,0,,,,,,,,,,,,,,,,Match Report,,,,,,,,
06-04-2021,Fri,Friendlies (M),Friendlies (M),Home,D 0–0,es Spain,pt Portugal,Y,GK,90,0,0,0,0,,,0,0,,,,,,,,,,,,,,,,Match Report,,,,,,,,
06-04-2021,Fri,Friendlies (M),Friendlies (M),Home,D 0–0,es Spain,pt Portugal,N,"On matchday squad, but did not play",Match Report,,,,,,,,,,,,,,,,,,,,,,,,,,,,,,,,
06-04-2021,Fri,Friendlies (M),Friendlies (M),Home,D 0–0,es Spain,pt Portugal,N,,28,0,0,0,0,,,0,0,,,,,,,,,,,,,,,,Match Report,,,,,,,,
06-04-2021,Fri,Friendlies (M),Friendlies (M),Home,D 0–0,es Spain,pt Portugal,Y,LB,90,0,0,0,0,,,0,0,,,,,,,,,,,,,,,,Match Report,,,,,,,,
06-04-2021,Fri,Friendlies (M),Friendlies (M),Home,D 0–0,es Spain,pt Portugal,N,"On matchday squad, but did not play",Match Report,,,,,,,,,,,,,,,,,,,,,,,,,,,,,,,,
06-04-2021,Fri,Friendlies (M),Friendlies (M),Home,D 0–0,es Spain,pt Portugal,Y,CB,62,0,0,0,0,,,0,0,,,,,,,,,,,,,,,,Match Report,,,,,,,,
06-04-2021,Fri,Friendlies (M),Friendlies (M),Home,D 0–0,es Spain,pt Portugal,Y,FW,90,0,0,0,0,,,0,0,,,,,,,,,,,,,,,,Match Report,,,,,,,,
09-05-2021,Sun,WCQ,First round,Home,W 4–0,es Spain,ge Georgia,N,"On matchday squad, but did not play",Match Report,,,,,,,,,,,,,,,,,,,,,,,,,,,,,,,,
09-05-2021,Sun,WCQ,First round,Home,W 4–0,es Spain,ge Georgia,Y,FW,59,1,0,0,0,3,2,0,0,,,1,,,,,,,,,,,,,Match Report,,,,,,,,
09-05-2021,Sun,WCQ,First round,Home,W 4–0,es Spain,ge Georgia,N,"On matchday squad, but did not play",Match Report,,,,,,,,,,,,,,,,,,,,,,,,,,,,,,,,
09-05-2021,Sun,WCQ,First round,Home,W 4–0,es Spain,ge Georgia,Y,FW,90,1,0,0,0,2,2,0,0,,,0,,,,,,,,,,,,,Match Report,,,,,,,,
09-05-2021,Sun,WCQ,First round,Home,W 4–0,es Spain,ge Georgia,N,"On matchday squad, but did not play",Match Report,,,,,,,,,,,,,,,,,,,,,,,,,,,,,,,,
09-05-2021,Sun,WCQ,First round,Home,W 4–0,es Spain,ge Georgia,Y,CM,90,0,0,0,0,1,0,0,0,,,0,,,,,,,,,,,,,Match Report,,,,,,,,
09-05-2021,Sun,WCQ,First round,Home,W 4–0,es Spain,ge Georgia,Y,CM,90,1,0,0,0,1,1,0,0,,,3,,,,,,,,,,,,,Match Report,,,,,,,,
09-05-2021,Sun,WCQ,First round,Home,W 4–0,es Spain,ge Georgia,Y,CM,90,0,2,0,0,1,0,0,0,,,1,,,,,,,,,,,,,Match Report,,,,,,,,
09-05-2021,Sun,WCQ,First round,Home,W 4–0,es Spain,ge Georgia,N,,17,0,0,0,0,0,0,0,0,,,0,,,,,,,,,,,,,Match Report,0,0,0,0,0,0,,
09-05-2021,Sun,WCQ,First round,Home,W 4–0,es Spain,ge Georgia,Y,CB,59,0,0,0,0,0,0,0,0,,,1,,,,,,,,,,,,,Match Report,,,,,,,,
09-05-2021,Sun,WCQ,First round,Home,W 4–0,es Spain,ge Georgia,N,"On matchday squad, but did not play",Match Report,,,,,,,,,,,,,,,,,,,,,,,,,,,,,,,,
09-05-2021,Sun,WCQ,First round,Home,W 4–0,es Spain,ge Georgia,Y,GK,73,0,0,0,0,0,0,0,0,,,0,,,,,,,,,,,,,Match Report,,,,,,,,
09-05-2021,Sun,WCQ,First round,Home,W 4–0,es Spain,ge Georgia,Y,LB,73,1,0,0,0,2,2,0,0,,,1,,,,,,,,,,,,,Match Report,,,,,,,,
09-05-2021,Sun,WCQ,First round,Home,W 4–0,es Spain,ge Georgia,Y*,RB,90,0,0,0,0,1,0,0,0,,,1,,,,,,,,,,,,,Match Report,,,,,,,,
07-06-2021,Tue,UEFA Euro,Semi-finals,Away,D 1 (2)–1 (4),es Spain,it Italy,N,"On matchday squad, but did not play",Match Report,,,,,,,,,,,,,,,,,,,,,,,,,,,,,,,,
07-06-2021,Tue,UEFA Euro,Semi-finals,Away,D 1 (2)–1 (4),es Spain,it Italy,Y,LM,120,0,0,0,0,0,0,0,0,75,0,1,1,0,0,0,3,0,65,67,97,4,0,0,Match Report,,,,,,,,
07-06-2021,Tue,UEFA Euro,Semi-finals,Away,D 1 (2)–1 (4),es Spain,it Italy,N,RM,51,0,0,0,0,0,0,0,0,45,1,0,0,0,0,0,2,0,43,45,95.6,3,0,0,Match Report,,,,,,,,
07-06-2021,Tue,UEFA Euro,Semi-finals,Away,D 1 (2)–1 (4),es Spain,it Italy,Y,LW,61,0,0,0,0,2,0,0,0,31,0,1,1,0.1,0.1,0,1,0,21,26,80.8,0,3,3,Match Report,,,,,,,,
07-06-2021,Tue,UEFA Euro,Semi-finals,Away,D 1 (2)–1 (4),es Spain,it Italy,N,CB,12,0,0,0,0,0,0,0,0,20,0,1,0,0,0,0,0,0,16,18,88.9,2,0,0,Match Report,,,,,,,,
07-06-2021,Tue,UEFA Euro,Semi-finals,Away,D 1 (2)–1 (4),es Spain,it Italy,N,"On matchday squad, but did not play",Match Report,,,,,,,,,,,,,,,,,,,,,,,,,,,,,,,,
07-06-2021,Tue,UEFA Euro,Semi-finals,Away,D 1 (2)–1 (4),es Spain,it Italy,Y,LB,120,0,0,0,0,0,0,0,0,111,3,0,3,0,0,0.1,1,0,85,107,79.4,3,0,1,Match Report,,,,,,,,
07-06-2021,Tue,UEFA Euro,Semi-finals,Away,D 1 (2)–1 (4),es Spain,it Italy,Y,RB,84,0,0,0,0,0,0,0,0,79,0,1,2,0,0,0,1,0,64,74,86.5,5,0,0,Match Report,,,,,,,,
07-06-2021,Tue,UEFA Euro,Semi-finals,Away,D 1 (2)–1 (4),es Spain,it Italy,Y,GK,120,0,0,0,0,0,0,0,0,62,0,0,0,0,0,0,0,0,50,57,87.7,0,0,0,Match Report,,,,,,,,
07-06-2021,Tue,UEFA Euro,Semi-finals,Away,D 1 (2)–1 (4),es Spain,it Italy,Y*,CM,105,0,0,0,0,2,0,1,0,85,4,0,0,0.1,0.1,0,2,0,68,74,91.9,4,0,0,Match Report,,,,,,,,
07-06-2021,Tue,UEFA Euro,Semi-finals,Away,D 1 (2)–1 (4),es Spain,it Italy,N,LW,59,1,0,0,0,2,1,0,0,25,1,1,2,0.6,0.6,0.1,3,1,8,16,50,0,1,1,Match Report,,,,,,,,
07-06-2021,Tue,UEFA Euro,Semi-finals,Away,D 1 (2)–1 (4),es Spain,it Italy,Y,RM,69,0,0,0,0,0,0,0,0,57,2,0,1,0,0,0.1,4,0,49,54,90.7,4,0,0,Match Report,,,,,,,,
07-06-2021,Tue,UEFA Euro,Semi-finals,Away,D 1 (2)–1 (4),es Spain,it Italy,N,RB,36,0,0,0,0,1,0,0,0,29,0,0,0,0,0,0,0,0,26,27,96.3,2,0,0,Match Report,,,,,,,,
07-06-2021,Tue,UEFA Euro,Semi-finals,Away,D 1 (2)–1 (4),es Spain,it Italy,Y,CB,108,0,0,0,0,0,0,0,0,140,0,3,0,0,0,0,1,0,129,136,94.9,8,0,0,Match Report,,,,,,,,
07-06-2021,Tue,UEFA Euro,Semi-finals,Away,D 1 (2)–1 (4),es Spain,it Italy,N,"On matchday squad, but did not play",Match Report,,,,,,,,,,,,,,,,,,,,,,,,,,,,,,,,
10-06-2021,Wed,UEFA Nations League,Semi-finals,Neutral,W 2–1,es Spain,it Italy,Y,CM,74,0,0,0,0,0,0,0,0,,,0,,,,,,,,,,,,,Match Report,,,,,,,,
10-06-2021,Wed,UEFA Nations League,Semi-finals,Neutral,W 2–1,es Spain,it Italy,Y,CB,90,0,0,0,0,0,0,0,0,,,0,,,,,,,,,,,,,Match Report,,,,,,,,
10-06-2021,Wed,UEFA Nations League,Semi-finals,Neutral,W 2–1,es Spain,it Italy,Y*,CM,90,0,0,0,0,0,0,0,0,,,0,,,,,,,,,,,,,Match Report,,,,,,,,
10-06-2021,Wed,UEFA Nations League,Semi-finals,Neutral,W 2–1,es Spain,it Italy,Y,GK,90,0,0,0,0,0,0,0,0,,,0,,,,,,,,,,,,,Match Report,,,,,,,,
10-06-2021,Wed,UEFA Nations League,Semi-finals,Neutral,W 2–1,es Spain,it Italy,N,"On matchday squad, but did not play",Match Report,,,,,,,,,,,,,,,,,,,,,,,,,,,,,,,,
10-06-2021,Wed,UEFA Nations League,Semi-finals,Neutral,W 2–1,es Spain,it Italy,Y,CM,83,0,0,0,0,0,0,0,0,,,0,,,,,,,,,,,,,Match Report,,,,,,,,
10-06-2021,Wed,UEFA Nations League,Semi-finals,Neutral,W 2–1,es Spain,it Italy,N,,42,0,0,0,0,0,0,1,0,,,0,,,,,,,,,,,,,Match Report,0,0,0,0,0,0,,
10-06-2021,Wed,UEFA Nations League,Semi-finals,Neutral,W 2–1,es Spain,it Italy,Y,FW,74,0,0,0,0,0,0,1,0,,,0,,,,,,,,,,,,,Match Report,,,,,,,,
10-06-2021,Wed,UEFA Nations League,Semi-finals,Neutral,W 2–1,es Spain,it Italy,N,"On matchday squad, but did not play",Match Report,,,,,,,,,,,,,,,,,,,,,,,,,,,,,,,,
10-06-2021,Wed,UEFA Nations League,Semi-finals,Neutral,W 2–1,es Spain,it Italy,Y,RB,90,0,0,0,0,0,0,1,0,,,0,,,,,,,,,,,,,Match Report,,,,,,,,
10-06-2021,Wed,UEFA Nations League,Semi-finals,Neutral,W 2–1,es Spain,it Italy,N,"On matchday squad, but did not play",Match Report,,,,,,,,,,,,,,,,,,,,,,,,,,,,,,,,
10-06-2021,Wed,UEFA Nations League,Semi-finals,Neutral,W 2–1,es Spain,it Italy,Y,FW,48,2,0,0,0,0,0,0,0,,,0,,,,,,,,,,,,,Match Report,,,,,,,,
14-06-2021,Mon,UEFA Euro,Group stage,Neutral,D 0–0,es Spain,se Sweden,Y,RM,86,0,0,0,0,2,0,0,0,126,2,0,1,0.4,0.4,0.4,3,0,107,120,89.2,7,1,1,Match Report,,,,,,,,
14-06-2021,Mon,UEFA Euro,Group stage,Neutral,D 0–0,es Spain,se Sweden,Y,GK,90,0,0,0,0,0,0,0,0,26,0,0,0,0,0,0,0,0,25,25,100,0,0,0,Match Report,,,,,,,,
14-06-2021,Mon,UEFA Euro,Group stage,Neutral,D 0–0,es Spain,se Sweden,Y,"RW,FW",73,0,0,0,0,2,1,0,0,41,0,1,0,0.1,0.1,0,0,0,28,35,80,5,0,0,Match Report,,,,,,,,
14-06-2021,Mon,UEFA Euro,Group stage,Neutral,D 0–0,es Spain,se Sweden,N,RW,25,0,0,0,0,1,1,0,0,22,0,0,0,0.5,0.5,0.4,3,0,14,19,73.7,2,0,0,Match Report,,,,,,,,
14-06-2021,Mon,UEFA Euro,Group stage,Neutral,D 0–0,es Spain,se Sweden,N,"On matchday squad, but did not play",Match Report,,,,,,,,,,,,,,,,,,,,,,,,,,,,,,,,
14-06-2021,Mon,UEFA Euro,Group stage,Neutral,D 0–0,es Spain,se Sweden,Y*,LB,90,0,0,0,0,0,0,0,0,140,2,0,2,0,0,0.8,8,0,118,137,86.1,9,2,2,Match Report,,,,,,,,
14-06-2021,Mon,UEFA Euro,Group stage,Neutral,D 0–0,es Spain,se Sweden,Y,FW,65,0,0,0,0,3,0,0,0,34,2,0,0,0.4,0.4,0,2,0,20,24,83.3,1,0,1,Match Report,,,,,,,,
14-06-2021,Mon,UEFA Euro,Group stage,Neutral,D 0–0,es Spain,se Sweden,Y,CB,90,0,0,0,0,0,0,0,0,124,3,0,1,0,0,0,0,0,110,118,93.2,3,0,0,Match Report,,,,,,,,
14-06-2021,Mon,UEFA Euro,Group stage,Neutral,D 0–0,es Spain,se Sweden,N,"On matchday squad, but did not play",Match Report,,,,,,,,,,,,,,,,,,,,,,,,,,,,,,,,
14-06-2021,Mon,UEFA Euro,Group stage,Neutral,D 0–0,es Spain,se Sweden,Y,CM,65,0,0,0,0,1,0,0,0,60,1,1,0,0,0,0,1,0,47,53,88.7,3,0,0,Match Report,,,,,,,,
14-06-2021,Mon,UEFA Euro,Group stage,Neutral,D 0–0,es Spain,se Sweden,N,"On matchday squad, but did not play",Match Report,,,,,,,,,,,,,,,,,,,,,,,,,,,,,,,,
14-06-2021,Mon,UEFA Euro,Group stage,Neutral,D 0–0,es Spain,se Sweden,N,"On matchday squad, but did not play",Match Report,,,,,,,,,,,,,,,,,,,,,,,,,,,,,,,,
14-06-2021,Mon,UEFA Euro,Group stage,Neutral,D 0–0,es Spain,se Sweden,Y,RB,90,0,0,0,0,0,0,0,0,109,1,0,1,0,0,0.1,1,0,94,105,89.5,2,1,1,Match Report,,,,,,,,
14-06-2021,Mon,UEFA Euro,Group stage,Neutral,D 0–0,es Spain,se Sweden,N,"On matchday squad, but did not play",Match Report,,,,,,,,,,,,,,,,,,,,,,,,,,,,,,,,
14-06-2021,Mon,UEFA Euro,Group stage,Neutral,D 0–0,es Spain,se Sweden,Y,LM,90,0,0,0,0,0,0,0,0,110,0,0,0,0,0,0,5,0,97,106,91.5,5,1,2,Match Report,,,,,,,,
19-06-2021,Sat,UEFA Euro,Group stage,Neutral,D 1–1,es Spain,pl Poland,Y,LM,90,0,0,0,0,0,0,0,0,86,0,0,1,0,0,0.1,2,0,74,81,91.4,2,0,0,Match Report,,,,,,,,
19-06-2021,Sat,UEFA Euro,Group stage,Neutral,D 1–1,es Spain,pl Poland,N,"On matchday squad, but did not play",Match Report,,,,,,,,,,,,,,,,,,,,,,,,,,,,,,,,
19-06-2021,Sat,UEFA Euro,Group stage,Neutral,D 1–1,es Spain,pl Poland,Y,CM,90,0,0,0,0,1,1,1,0,80,0,1,0,0.1,0.1,0,1,0,65,73,89,6,0,0,Match Report,,,,,,,,
19-06-2021,Sat,UEFA Euro,Group stage,Neutral,D 1–1,es Spain,pl Poland,Y,RM,67,0,0,0,0,0,0,0,0,68,2,0,1,0,0,0,2,0,51,62,82.3,2,0,0,Match Report,,,,,,,,
19-06-2021,Sat,UEFA Euro,Group stage,Neutral,D 1–1,es Spain,pl Poland,Y,FW,86,1,0,0,0,4,3,0,0,47,0,0,0,1.6,1.3,0,1,0,24,30,80,0,1,4,Match Report,,,,,,,,
19-06-2021,Sat,UEFA Euro,Group stage,Neutral,D 1–1,es Spain,pl Poland,Y,GK,90,0,0,0,0,0,0,0,0,26,0,0,0,0,0,0,0,0,24,26,92.3,0,0,0,Match Report,,,,,,,,
19-06-2021,Sat,UEFA Euro,Group stage,Neutral,D 1–1,es Spain,pl Poland,N,RM,23,0,0,0,0,0,0,0,0,21,0,1,0,0,0,0.5,2,0,12,18,66.7,0,0,1,Match Report,,,,,,,,
19-06-2021,Sat,UEFA Euro,Group stage,Neutral,D 1–1,es Spain,pl Poland,N,LW,30,0,0,0,0,1,0,0,0,16,0,0,0,0.1,0.1,0,0,0,9,11,81.8,0,0,0,Match Report,,,,,,,,
19-06-2021,Sat,UEFA Euro,Group stage,Neutral,D 1–1,es Spain,pl Poland,Y,RB,90,0,0,0,0,0,0,0,0,119,2,0,1,0,0,0,3,0,102,114,89.5,5,1,1,Match Report,,,,,,,,
19-06-2021,Sat,UEFA Euro,Group stage,Neutral,D 1–1,es Spain,pl Poland,Y*,LB,90,0,0,0,0,0,0,0,0,118,1,2,4,0,0,0.5,2,0,95,111,85.6,8,0,0,Match Report,,,,,,,,
19-06-2021,Sat,UEFA Euro,Group stage,Neutral,D 1–1,es Spain,pl Poland,N,"On matchday squad, but did not play",Match Report,,,,,,,,,,,,,,,,,,,,,,,,,,,,,,,,
19-06-2021,Sat,UEFA Euro,Group stage,Neutral,D 1–1,es Spain,pl Poland,N,"On matchday squad, but did not play",Match Report,,,,,,,,,,,,,,,,,,,,,,,,,,,,,,,,
19-06-2021,Sat,UEFA Euro,Group stage,Neutral,D 1–1,es Spain,pl Poland,Y,CB,90,0,0,0,0,1,0,1,0,87,0,0,1,0,0,0,0,0,70,81,86.4,4,0,0,Match Report,,,,,,,,
19-06-2021,Sat,UEFA Euro,Group stage,Neutral,D 1–1,es Spain,pl Poland,N,"On matchday squad, but did not play",Match Report,,,,,,,,,,,,,,,,,,,,,,,,,,,,,,,,
19-06-2021,Sat,UEFA Euro,Group stage,Neutral,D 1–1,es Spain,pl Poland,N,"On matchday squad, but did not play",Match Report,,,,,,,,,,,,,,,,,,,,,,,,,,,,,,,,
23-06-2021,Wed,UEFA Euro,Group stage,Neutral,W 5–0,es Spain,sk Slovakia,Y,RW,90,1,1,0,0,4,2,0,0,71,0,1,1,0.8,0.8,0.6,2,1,49,62,79,4,0,1,Match Report,,,,,,,,
23-06-2021,Wed,UEFA Euro,Group stage,Neutral,W 5–0,es Spain,sk Slovakia,N,"On matchday squad, but did not play",Match Report,,,,,,,,,,,,,,,,,,,,,,,,,,,,,,,,
23-06-2021,Wed,UEFA Euro,Group stage,Neutral,W 5–0,es Spain,sk Slovakia,N,"On matchday squad, but did not play",Match Report,,,,,,,,,,,,,,,,,,,,,,,,,,,,,,,,
23-06-2021,Wed,UEFA Euro,Group stage,Neutral,W 5–0,es Spain,sk Slovakia,Y*,CM,70,0,0,0,0,0,0,1,0,57,1,1,2,0,0,0.1,2,0,44,51,86.3,4,0,0,Match Report,,,,,,,,
23-06-2021,Wed,UEFA Euro,Group stage,Neutral,W 5–0,es Spain,sk Slovakia,N,"LW,FW",25,1,0,0,0,1,1,0,0,10,1,0,1,0.6,0.6,0,1,0,8,8,100,0,0,0,Match Report,,,,,,,,
23-06-2021,Wed,UEFA Euro,Group stage,Neutral,W 5–0,es Spain,sk Slovakia,Y,RM,90,0,0,0,0,1,0,0,0,79,2,0,1,0,0,0,2,0,67,76,88.2,6,0,0,Match Report,,,,,,,,
23-06-2021,Wed,UEFA Euro,Group stage,Neutral,W 5–0,es Spain,sk Slovakia,Y,GK,90,0,0,0,0,0,0,0,0,23,0,0,0,0,0,0,0,0,22,23,95.7,0,0,0,Match Report,,,,,,,,
23-06-2021,Wed,UEFA Euro,Group stage,Neutral,W 5–0,es Spain,sk Slovakia,Y,LM,90,0,0,0,0,0,0,0,0,62,1,1,1,0,0,0.6,5,3,45,54,83.3,5,1,1,Match Report,,,,,,,,
23-06-2021,Wed,UEFA Euro,Group stage,Neutral,W 5–0,es Spain,sk Slovakia,Y,FW,65,0,0,0,1,3,2,0,0,24,1,0,0,1,0.2,0,3,0,13,16,81.3,0,0,0,Match Report,,,,,,,,
23-06-2021,Wed,UEFA Euro,Group stage,Neutral,W 5–0,es Spain,sk Slovakia,N,"On matchday squad, but did not play",Match Report,,,,,,,,,,,,,,,,,,,,,,,,,,,,,,,,
23-06-2021,Wed,UEFA Euro,Group stage,Neutral,W 5–0,es Spain,sk Slovakia,Y,CB,70,0,0,0,0,1,0,0,0,75,0,0,0,0,0,0,1,0,70,73,95.9,7,0,0,Match Report,,,,,,,,
23-06-2021,Wed,UEFA Euro,Group stage,Neutral,W 5–0,es Spain,sk Slovakia,N,CB,20,0,0,0,0,1,1,0,0,31,0,0,0,0.5,0.5,0,1,0,30,30,100,0,0,0,Match Report,,,,,,,,
23-06-2021,Wed,UEFA Euro,Group stage,Neutral,W 5–0,es Spain,sk Slovakia,Y,LB,90,0,1,0,0,0,0,1,0,79,2,2,0,0,0,0.1,3,1,64,76,84.2,4,0,0,Match Report,,,,,,,,
23-06-2021,Wed,UEFA Euro,Group stage,Neutral,W 5–0,es Spain,sk Slovakia,N,"On matchday squad, but did not play",Match Report,,,,,,,,,,,,,,,,,,,,,,,,,,,,,,,,
23-06-2021,Wed,UEFA Euro,Group stage,Neutral,W 5–0,es Spain,sk Slovakia,Y,RB,76,0,0,0,0,2,0,0,0,80,0,0,0,0.1,0.1,0.1,3,0,66,78,84.6,8,0,0,Match Report,,,,,,,,
28-06-2021,Mon,UEFA Euro,Round of 16,Neutral,W 5–3,es Spain,hr Croatia,Y,LW,70,1,0,0,0,3,1,0,0,45,2,0,0,0.5,0.5,0.1,2,0,33,40,82.5,1,0,0,Match Report,,,,,,,,
28-06-2021,Mon,UEFA Euro,Round of 16,Neutral,W 5–3,es Spain,hr Croatia,N,"On matchday squad, but did not play",Match Report,,,,,,,,,,,,,,,,,,,,,,,,,,,,,,,,
28-06-2021,Mon,UEFA Euro,Round of 16,Neutral,W 5–3,es Spain,hr Croatia,Y,FW,120,1,0,0,0,4,2,0,0,45,2,0,2,1,1,0.1,5,1,27,32,84.4,1,0,2,Match Report,,,,,,,,
28-06-2021,Mon,UEFA Euro,Round of 16,Neutral,W 5–3,es Spain,hr Croatia,Y,RM,76,0,0,0,0,2,1,0,0,80,4,0,1,0.4,0.4,0,4,0,57,68,83.8,3,2,2,Match Report,,,,,,,,
28-06-2021,Mon,UEFA Euro,Round of 16,Neutral,W 5–3,es Spain,hr Croatia,N,CM,19,0,0,0,0,0,0,0,0,30,1,1,0,0,0,0,0,0,24,27,88.9,0,0,0,Match Report,,,,,,,,
28-06-2021,Mon,UEFA Euro,Round of 16,Neutral,W 5–3,es Spain,hr Croatia,Y,RW,87,1,1,0,0,1,1,0,0,44,2,2,2,0.4,0.4,1.1,5,1,22,32,68.8,0,1,3,Match Report,,,,,,,,
28-06-2021,Mon,UEFA Euro,Round of 16,Neutral,W 5–3,es Spain,hr Croatia,N,LB,44,0,0,0,0,0,0,0,0,44,1,0,0,0,0,0.1,1,0,36,41,87.8,2,0,0,Match Report,,,,,,,,
28-06-2021,Mon,UEFA Euro,Round of 16,Neutral,W 5–3,es Spain,hr Croatia,Y,LB,76,0,0,0,0,3,1,0,0,56,1,0,0,0.1,0.1,0,2,1,47,51,92.2,0,0,0,Match Report,,,,,,,,
28-06-2021,Mon,UEFA Euro,Round of 16,Neutral,W 5–3,es Spain,hr Croatia,N,"On matchday squad, but did not play",Match Report,,,,,,,,,,,,,,,,,,,,,,,,,,,,,,,,
28-06-2021,Mon,UEFA Euro,Round of 16,Neutral,W 5–3,es Spain,hr Croatia,N,"On matchday squad, but did not play",Match Report,,,,,,,,,,,,,,,,,,,,,,,,,,,,,,,,
28-06-2021,Mon,UEFA Euro,Round of 16,Neutral,W 5–3,es Spain,hr Croatia,Y,LM,120,0,0,0,0,0,0,0,0,74,1,0,2,0,0,0.4,8,2,59,67,88.1,4,1,1,Match Report,,,,,,,,
28-06-2021,Mon,UEFA Euro,Round of 16,Neutral,W 5–3,es Spain,hr Croatia,Y*,CM,101,0,0,0,0,0,0,0,0,109,4,4,0,0,0,0,4,0,87,97,89.7,5,2,2,Match Report,,,,,,,,
28-06-2021,Mon,UEFA Euro,Round of 16,Neutral,W 5–3,es Spain,hr Croatia,Y,RB,120,1,0,0,0,2,2,0,0,101,3,0,3,0.6,0.6,0,1,0,68,84,81,5,0,1,Match Report,,,,,,,,
28-06-2021,Mon,UEFA Euro,Round of 16,Neutral,W 5–3,es Spain,hr Croatia,Y,GK,120,0,0,0,0,0,0,0,0,57,0,0,0,0,0,0.3,1,0,49,55,89.1,0,0,0,Match Report,,,,,,,,
28-06-2021,Mon,UEFA Euro,Round of 16,Neutral,W 5–3,es Spain,hr Croatia,N,CB,50,0,1,0,0,0,0,0,0,41,0,0,0,0,0,0.4,2,1,37,39,94.9,1,0,0,Match Report,,,,,,,,
28-06-2021,Mon,UEFA Euro,Round of 16,Neutral,W 5–3,es Spain,hr Croatia,Y,CB,70,0,0,0,0,0,0,0,0,86,1,1,1,0,0,0,1,0,81,84,96.4,3,1,1,Match Report,,,,,,,,
06-08-2021,Tue,Friendlies (M),Friendlies (M),Home,W 4–0,es Spain,lt Lithuania,N,"On matchday squad, but did not play",Match Report,,,,,,,,,,,,,,,,,,,,,,,,,,,,,,,,
06-08-2021,Tue,Friendlies (M),Friendlies (M),Home,W 4–0,es Spain,lt Lithuania,Y,CB,90,1,0,0,0,,,0,0,,,,,,,,,,,,,,,,Match Report,,,,,,0,,
09-08-2021,Wed,WCQ,First round,Away,W 2–0,es Spain,xk Kosovo,N,"On matchday squad, but did not play",Match Report,,,,,,,,,,,,,,,,,,,,,,,,,,,,,,,,
09-08-2021,Wed,WCQ,First round,Away,W 2–0,es Spain,xk Kosovo,Y*,CM,90,0,0,0,0,1,0,0,0,,,0,,,,,,,,,,,,,Match Report,,,,,,,,
09-08-2021,Wed,WCQ,First round,Away,W 2–0,es Spain,xk Kosovo,Y,FW,71,0,1,0,0,3,1,0,0,,,0,,,,,,,,,,,,,Match Report,,,,,,,,
09-08-2021,Wed,WCQ,First round,Away,W 2–0,es Spain,xk Kosovo,Y,GK,90,0,0,0,0,0,0,0,0,,,0,,,,,,,,,,,,,Match Report,,,,,,,,
09-08-2021,Wed,WCQ,First round,Away,W 2–0,es Spain,xk Kosovo,N,,33,0,0,0,0,1,0,0,0,,,1,,,,,,,,,,,,,Match Report,,,,,,,,
09-08-2021,Wed,WCQ,First round,Away,W 2–0,es Spain,xk Kosovo,Y,FW,90,1,0,0,0,3,1,0,0,,,0,,,,,,,,,,,,,Match Report,,,,,,,,
09-08-2021,Wed,WCQ,First round,Away,W 2–0,es Spain,xk Kosovo,N,"On matchday squad, but did not play",Match Report,,,,,,,,,,,,,,,,,,,,,,,,,,,,,,,,
09-08-2021,Wed,WCQ,First round,Away,W 2–0,es Spain,xk Kosovo,Y,CM,57,0,0,0,0,2,1,0,0,,,0,,,,,,,,,,,,,Match Report,,,,,,,,
09-08-2021,Wed,WCQ,First round,Away,W 2–0,es Spain,xk Kosovo,Y,CM,90,0,0,0,0,1,0,0,0,,,1,,,,,,,,,,,,,Match Report,,,,,,,,
09-08-2021,Wed,WCQ,First round,Away,W 2–0,es Spain,xk Kosovo,N,"On matchday squad, but did not play",Match Report,,,,,,,,,,,,,,,,,,,,,,,,,,,,,,,,
09-08-2021,Wed,WCQ,First round,Away,W 2–0,es Spain,xk Kosovo,N,"On matchday squad, but did not play",Match Report,,,,,,,,,,,,,,,,,,,,,,,,,,,,,,,,
09-08-2021,Wed,WCQ,First round,Away,W 2–0,es Spain,xk Kosovo,N,,19,0,0,0,0,0,0,0,0,,,0,,,,,,,,,,,,,Match Report,,,,,,,,
09-08-2021,Wed,WCQ,First round,Away,W 2–0,es Spain,xk Kosovo,Y,RB,85,0,0,0,0,0,0,0,0,,,0,,,,,,,,,,,,,Match Report,,,,,,,,
10-10-2021,Sun,UEFA Nations League,Final,Neutral,L 1–2,es Spain,fr France,N,,16,0,0,0,0,0,0,0,0,,,0,,,,,,,,,,,,,Match Report,,,,,,,,
10-10-2021,Sun,UEFA Nations League,Final,Neutral,L 1–2,es Spain,fr France,Y*,CM,90,0,1,0,0,0,0,0,0,,,0,,,,,,,,,,,,,Match Report,,,,,,,,
10-10-2021,Sun,UEFA Nations League,Final,Neutral,L 1–2,es Spain,fr France,Y,FW,83,0,0,0,0,0,0,0,0,,,0,,,,,,,,,,,,,Match Report,,,,,,,,
10-10-2021,Sun,UEFA Nations League,Final,Neutral,L 1–2,es Spain,fr France,Y,FW,60,0,0,0,0,0,0,0,0,,,0,,,,,,,,,,,,,Match Report,,,,,,,,
10-10-2021,Sun,UEFA Nations League,Final,Neutral,L 1–2,es Spain,fr France,N,,30,0,0,0,0,0,0,0,0,,,0,,,,,,,,,,,,,Match Report,0,0,0,0,0,0,,
10-10-2021,Sun,UEFA Nations League,Final,Neutral,L 1–2,es Spain,fr France,Y,RB,90,0,0,0,0,0,0,0,0,,,0,,,,,,,,,,,,,Match Report,,,,,,,,
10-10-2021,Sun,UEFA Nations League,Final,Neutral,L 1–2,es Spain,fr France,Y,CB,90,0,0,0,0,0,0,0,0,,,0,,,,,,,,,,,,,Match Report,,,,,,,,
10-10-2021,Sun,UEFA Nations League,Final,Neutral,L 1–2,es Spain,fr France,Y,CM,74,0,0,0,0,0,0,0,0,,,0,,,,,,,,,,,,,Match Report,,,,,,,,
10-10-2021,Sun,UEFA Nations League,Final,Neutral,L 1–2,es Spain,fr France,Y,GK,90,0,0,0,0,0,0,0,0,,,0,,,,,,,,,,,,,Match Report,,,,,,,,
10-10-2021,Sun,UEFA Nations League,Final,Neutral,L 1–2,es Spain,fr France,N,"On matchday squad, but did not play",Match Report,,,,,,,,,,,,,,,,,,,,,,,,,,,,,,,,
10-10-2021,Sun,UEFA Nations League,Final,Neutral,L 1–2,es Spain,fr France,Y,CM,83,0,0,0,0,0,0,0,0,,,0,,,,,,,,,,,,,Match Report,,,,,,,,
10-10-2021,Sun,UEFA Nations League,Final,Neutral,L 1–2,es Spain,fr France,N,"On matchday squad, but did not play",Match Report,,,,,,,,,,,,,,,,,,,,,,,,,,,,,,,,
11-11-2021,Thu,WCQ,First round,Away,W 1–0,es Spain,gr Greece,Y,LB,90,0,0,0,0,1,1,0,0,,,2,,,,,,,,,,,,,Match Report,,,,,,,,
11-11-2021,Thu,WCQ,First round,Away,W 1–0,es Spain,gr Greece,N,,2,0,0,0,0,0,0,0,0,,,1,,,,,,,,,,,,,Match Report,,,,,,,,
11-11-2021,Thu,WCQ,First round,Away,W 1–0,es Spain,gr Greece,N,"On matchday squad, but did not play",Match Report,,,,,,,,,,,,,,,,,,,,,,,,,,,,,,,,
11-11-2021,Thu,WCQ,First round,Away,W 1–0,es Spain,gr Greece,Y,CM,90,0,0,0,0,2,0,0,0,,,1,,,,,,,,,,,,,Match Report,,,,,,,,
11-11-2021,Thu,WCQ,First round,Away,W 1–0,es Spain,gr Greece,Y,RB,90,0,0,0,0,0,0,1,0,,,1,,,,,,,,,,,,,Match Report,,,,,,,,
11-11-2021,Thu,WCQ,First round,Away,W 1–0,es Spain,gr Greece,N,"On matchday squad, but did not play",Match Report,,,,,,,,,,,,,,,,,,,,,,,,,,,,,,,,
11-11-2021,Thu,WCQ,First round,Away,W 1–0,es Spain,gr Greece,Y,FW,56,1,0,1,1,2,1,1,0,,,0,,,,,,,,,,,,,Match Report,,,,,,,,
11-11-2021,Thu,WCQ,First round,Away,W 1–0,es Spain,gr Greece,Y,CM,64,0,0,0,0,0,0,0,0,,,0,,,,,,,,,,,,,Match Report,,,,,,,,
11-11-2021,Thu,WCQ,First round,Away,W 1–0,es Spain,gr Greece,Y*,CM,90,0,0,0,0,0,0,0,0,,,0,,,,,,,,,,,,,Match Report,,,,,,,,
11-11-2021,Thu,WCQ,First round,Away,W 1–0,es Spain,gr Greece,Y,FW,64,0,0,0,0,1,1,0,0,,,0,,,,,,,,,,,,,Match Report,,,,,,,,
11-11-2021,Thu,WCQ,First round,Away,W 1–0,es Spain,gr Greece,N,,26,0,0,0,0,0,0,0,0,,,0,,,,,,,,,,,,,Match Report,,,,,,,,
11-11-2021,Thu,WCQ,First round,Away,W 1–0,es Spain,gr Greece,Y,GK,90,0,0,0,0,0,0,0,0,,,0,,,,,,,,,,,,,Match Report,,,,,,,,
11-11-2021,Thu,WCQ,First round,Away,W 1–0,es Spain,gr Greece,N,"On matchday squad, but did not play",Match Report,,,,,,,,,,,,,,,,,,,,,,,,,,,,,,,,
11-11-2021,Thu,WCQ,First round,Away,W 1–0,es Spain,gr Greece,N,"On matchday squad, but did not play",Match Report,,,,,,,,,,,,,,,,,,,,,,,,,,,,,,,,
14-11-2021,Sun,WCQ,First round,Home,W 1–0,es Spain,se Sweden,Y,CM,88,0,0,0,0,0,0,0,0,,,1,,,,,,,,,,,,,Match Report,,,,,,,,
14-11-2021,Sun,WCQ,First round,Home,W 1–0,es Spain,se Sweden,N,"On matchday squad, but did not play",Match Report,,,,,,,,,,,,,,,,,,,,,,,,,,,,,,,,
14-11-2021,Sun,WCQ,First round,Home,W 1–0,es Spain,se Sweden,N,,32,1,0,0,0,4,2,0,0,,,0,,,,,,,,,,,,,Match Report,,,,,,,,
14-11-2021,Sun,WCQ,First round,Home,W 1–0,es Spain,se Sweden,N,"On matchday squad, but did not play",Match Report,,,,,,,,,,,,,,,,,,,,,,,,,,,,,,,,
14-11-2021,Sun,WCQ,First round,Home,W 1–0,es Spain,se Sweden,Y,RB,90,0,0,0,0,0,0,0,0,,,1,,,,,,,,,,,,,Match Report,,,,,,,,
14-11-2021,Sun,WCQ,First round,Home,W 1–0,es Spain,se Sweden,N,,2,0,0,0,0,0,0,0,0,,,0,,,,,,,,,,,,,Match Report,,,,,,,,
14-11-2021,Sun,WCQ,First round,Home,W 1–0,es Spain,se Sweden,Y,GK,90,0,0,0,0,0,0,0,0,,,0,,,,,,,,,,,,,Match Report,,,,,,,,
14-11-2021,Sun,WCQ,First round,Home,W 1–0,es Spain,se Sweden,Y,CM,72,0,0,0,0,0,0,0,0,,,0,,,,,,,,,,,,,Match Report,,,,,,,,
14-11-2021,Sun,WCQ,First round,Home,W 1–0,es Spain,se Sweden,Y,FW,58,0,0,0,0,1,0,0,0,,,0,,,,,,,,,,,,,Match Report,,,,,,,,
14-11-2021,Sun,WCQ,First round,Home,W 1–0,es Spain,se Sweden,Y,LB,90,0,0,0,0,1,0,0,0,,,1,,,,,,,,,,,,,Match Report,,,,,,,,
14-11-2021,Sun,WCQ,First round,Home,W 1–0,es Spain,se Sweden,N,"On matchday squad, but did not play",Match Report,,,,,,,,,,,,,,,,,,,,,,,,,,,,,,,,
14-11-2021,Sun,WCQ,First round,Home,W 1–0,es Spain,se Sweden,N,"On matchday squad, but did not play",Match Report,,,,,,,,,,,,,,,,,,,,,,,,,,,,,,,,
14-11-2021,Sun,WCQ,First round,Home,W 1–0,es Spain,se Sweden,Y,CB,90,0,0,0,0,1,0,0,0,,,2,,,,,,,,,,,,,Match Report,,,,,,,,
14-11-2021,Sun,WCQ,First round,Home,W 1–0,es Spain,se Sweden,N,"On matchday squad, but did not play",Match Report,,,,,,,,,,,,,,,,,,,,,,,,,,,,,,,,
14-11-2021,Sun,WCQ,First round,Home,W 1–0,es Spain,se Sweden,Y*,CM,90,0,0,0,0,0,0,0,0,,,0,,,,,,,,,,,,,Match Report,,,,,,,,
06-02-2022,Thu,UEFA Nations League,League A,Home,D 1–1,es Spain,pt Portugal,N,,10,0,0,0,0,0,0,0,0,,,0,,,,,,,,,,,,,Match Report,,,,,,,,
06-02-2022,Thu,UEFA Nations League,League A,Home,D 1–1,es Spain,pt Portugal,N,"On matchday squad, but did not play",Match Report,,,,,,,,,,,,,,,,,,,,,,,,,,,,,,,,
06-02-2022,Thu,UEFA Nations League,League A,Home,D 1–1,es Spain,pt Portugal,Y,CB,90,0,0,0,0,0,0,1,0,,,0,,,,,,,,,,,,,Match Report,0,0,0,0,0,0,,
06-02-2022,Thu,UEFA Nations League,League A,Home,D 1–1,es Spain,pt Portugal,N,,29,0,0,0,0,0,0,0,0,,,0,,,,,,,,,,,,,Match Report,,,,,,,,
06-02-2022,Thu,UEFA Nations League,League A,Home,D 1–1,es Spain,pt Portugal,N,"On matchday squad, but did not play",Match Report,,,,,,,,,,,,,,,,,,,,,,,,,,,,,,,,
06-02-2022,Thu,UEFA Nations League,League A,Home,D 1–1,es Spain,pt Portugal,Y,LB,90,0,0,0,0,0,0,0,0,,,0,,,,,,,,,,,,,Match Report,,,,,,,,
06-02-2022,Thu,UEFA Nations League,League A,Home,D 1–1,es Spain,pt Portugal,Y,FW,69,1,0,0,0,0,0,0,0,,,0,,,,,,,,,,,,,Match Report,,,,,,,,
06-02-2022,Thu,UEFA Nations League,League A,Home,D 1–1,es Spain,pt Portugal,Y,FW,61,0,0,0,0,0,0,0,0,,,0,,,,,,,,,,,,,Match Report,,,,,,,,
06-02-2022,Thu,UEFA Nations League,League A,Home,D 1–1,es Spain,pt Portugal,N,"On matchday squad, but did not play",Match Report,,,,,,,,,,,,,,,,,,,,,,,,,,,,,,,,
06-02-2022,Thu,UEFA Nations League,League A,Home,D 1–1,es Spain,pt Portugal,Y*,CM,90,0,0,0,0,0,0,1,0,,,0,,,,,,,,,,,,,Match Report,,,,,,,,
06-02-2022,Thu,UEFA Nations League,League A,Home,D 1–1,es Spain,pt Portugal,N,"On matchday squad, but did not play",Match Report,,,,,,,,,,,,,,,,,,,,,,,,,,,,,,,,
06-02-2022,Thu,UEFA Nations League,League A,Home,D 1–1,es Spain,pt Portugal,Y,GK,90,0,0,0,0,0,0,0,0,,,0,,,,,,,,,,,,,Match Report,,,,,,,,
06-02-2022,Thu,UEFA Nations League,League A,Home,D 1–1,es Spain,pt Portugal,Y,CM,61,0,0,0,0,0,0,0,0,,,0,,,,,,,,,,,,,Match Report,,,,,,,,
06-02-2022,Thu,UEFA Nations League,League A,Home,D 1–1,es Spain,pt Portugal,Y,RB,90,0,0,0,0,0,0,0,0,,,0,,,,,,,,,,,,,Match Report,,,,,,,,
06-02-2022,Thu,UEFA Nations League,League A,Home,D 1–1,es Spain,pt Portugal,N,"On matchday squad, but did not play",Match Report,,,,,,,,,,,,,,,,,,,,,,,,,,,,,,,,
06-02-2022,Thu,UEFA Nations League,League A,Home,D 1–1,es Spain,pt Portugal,Y,FW,90,0,1,0,0,0,0,1,0,,,0,,,,,,,,,,,,,Match Report,,,,,,,,
06-02-2022,Thu,UEFA Nations League,League A,Home,D 1–1,es Spain,pt Portugal,Y,CB,90,0,0,0,0,0,0,0,0,,,0,,,,,,,,,,,,,Match Report,,,,,,,,
06-02-2022,Thu,UEFA Nations League,League A,Home,D 1–1,es Spain,pt Portugal,Y,CM,80,0,0,0,0,0,0,0,0,,,0,,,,,,,,,,,,,Match Report,,,,,,,,
26-03-2022,Sat,Friendlies (M),Friendlies (M),Neutral,W 2–1,es Spain,al Albania,N,"On matchday squad, but did not play",Match Report,,,,,,,,,,,,,,,,,,,,,,,,,,,,,,,,
26-03-2022,Sat,Friendlies (M),Friendlies (M),Neutral,W 2–1,es Spain,al Albania,N,"On matchday squad, but did not play",Match Report,,,,,,,,,,,,,,,,,,,,,,,,,,,,,,,,
26-03-2022,Sat,Friendlies (M),Friendlies (M),Neutral,W 2–1,es Spain,al Albania,Y,RB,70,0,0,0,0,,,0,0,,,,,,,,,,,,,,,,Match Report,,,,,,,,
26-03-2022,Sat,Friendlies (M),Friendlies (M),Neutral,W 2–1,es Spain,al Albania,Y,FW,90,1,0,0,0,,,0,0,,,,,,,,,,,,,,,,Match Report,,,,,,,,
26-03-2022,Sat,Friendlies (M),Friendlies (M),Neutral,W 2–1,es Spain,al Albania,N,,20,0,0,0,0,,,0,0,,,,,,,,,,,,,,,,Match Report,,,,,,,,
26-03-2022,Sat,Friendlies (M),Friendlies (M),Neutral,W 2–1,es Spain,al Albania,N,"On matchday squad, but did not play",Match Report,,,,,,,,,,,,,,,,,,,,,,,,,,,,,,,,
26-03-2022,Sat,Friendlies (M),Friendlies (M),Neutral,W 2–1,es Spain,al Albania,N,,27,0,0,0,0,,,0,0,,,,,,,,,,,,,,,,Match Report,,,,,,,,
26-03-2022,Sat,Friendlies (M),Friendlies (M),Neutral,W 2–1,es Spain,al Albania,N,,27,0,1,0,0,,,0,0,,,,,,,,,,,,,,,,Match Report,,,,,,,,
26-03-2022,Sat,Friendlies (M),Friendlies (M),Neutral,W 2–1,es Spain,al Albania,Y,CB,90,0,0,0,0,,,0,0,,,,,,,,,,,,,,,,Match Report,,,,,,,,
26-03-2022,Sat,Friendlies (M),Friendlies (M),Neutral,W 2–1,es Spain,al Albania,N,"On matchday squad, but did not play",Match Report,,,,,,,,,,,,,,,,,,,,,,,,,,,,,,,,
26-03-2022,Sat,Friendlies (M),Friendlies (M),Neutral,W 2–1,es Spain,al Albania,Y,GK,90,0,0,0,0,,,0,0,,,,,,,,,,,,,,,,Match Report,,,,,,0,,
26-03-2022,Sat,Friendlies (M),Friendlies (M),Neutral,W 2–1,es Spain,al Albania,Y,CM,90,0,0,0,0,,,0,0,,,,,,,,,,,,,,,,Match Report,,,,,,,,
26-03-2022,Sat,Friendlies (M),Friendlies (M),Neutral,W 2–1,es Spain,al Albania,N,,19,0,1,0,0,,,0,0,,,,,,,,,,,,,,,,Match Report,,,,,,0,,
26-03-2022,Sat,Friendlies (M),Friendlies (M),Neutral,W 2–1,es Spain,al Albania,Y,CB,90,0,0,0,0,,,0,0,,,,,,,,,,,,,,,,Match Report,,,,,,,,
26-03-2022,Sat,Friendlies (M),Friendlies (M),Neutral,W 2–1,es Spain,al Albania,Y,CM,90,0,0,0,0,,,0,0,,,,,,,,,,,,,,,,Match Report,,,,,,,,
26-03-2022,Sat,Friendlies (M),Friendlies (M),Neutral,W 2–1,es Spain,al Albania,Y*,FW,71,0,0,0,0,,,0,0,,,,,,,,,,,,,,,,Match Report,,,,,,,,
26-03-2022,Sat,Friendlies (M),Friendlies (M),Neutral,W 2–1,es Spain,al Albania,Y,CM,63,0,0,0,0,,,0,0,,,,,,,,,,,,,,,,Match Report,,,,,,,,
26-03-2022,Sat,Friendlies (M),Friendlies (M),Neutral,W 2–1,es Spain,al Albania,Y,FW,63,0,0,0,0,,,0,0,,,,,,,,,,,,,,,,Match Report,,,,,,,,
26-03-2022,Sat,Friendlies (M),Friendlies (M),Neutral,W 2–1,es Spain,al Albania,N,"On matchday squad, but did not play",Match Report,,,,,,,,,,,,,,,,,,,,,,,,,,,,,,,,
29-03-2022,Tue,Friendlies (M),Friendlies (M),Neutral,W 5–0,es Spain,is Iceland,Y,CM,90,0,0,0,0,,,0,0,,,,,,,,,,,,,,,,Match Report,,,,,,,,
29-03-2022,Tue,Friendlies (M),Friendlies (M),Neutral,W 5–0,es Spain,is Iceland,N,"On matchday squad, but did not play",Match Report,,,,,,,,,,,,,,,,,,,,,,,,,,,,,,,,
29-03-2022,Tue,Friendlies (M),Friendlies (M),Neutral,W 5–0,es Spain,is Iceland,Y*,LB,58,0,0,0,0,,,0,0,,,,,,,,,,,,,,,,Match Report,,,,,,,,
29-03-2022,Tue,Friendlies (M),Friendlies (M),Neutral,W 5–0,es Spain,is Iceland,N,"On matchday squad, but did not play",Match Report,,,,,,,,,,,,,,,,,,,,,,,,,,,,,,,,
29-03-2022,Tue,Friendlies (M),Friendlies (M),Neutral,W 5–0,es Spain,is Iceland,Y,CM,68,0,0,0,0,,,0,0,,,,,,,,,,,,,,,,Match Report,,,,,,,,
29-03-2022,Tue,Friendlies (M),Friendlies (M),Neutral,W 5–0,es Spain,is Iceland,Y,RB,80,0,0,0,0,,,0,0,,,,,,,,,,,,,,,,Match Report,,,,,,,,
29-03-2022,Tue,Friendlies (M),Friendlies (M),Neutral,W 5–0,es Spain,is Iceland,N,"On matchday squad, but did not play",Match Report,,,,,,,,,,,,,,,,,,,,,,,,,,,,,,,,
29-03-2022,Tue,Friendlies (M),Friendlies (M),Neutral,W 5–0,es Spain,is Iceland,N,,10,0,0,0,0,,,0,0,,,,,,,,,,,,,,,,Match Report,,,,,,,,
29-03-2022,Tue,Friendlies (M),Friendlies (M),Neutral,W 5–0,es Spain,is Iceland,Y,FW,90,1,0,0,0,,,0,0,,,,,,,,,,,,,,,,Match Report,,,,,,0,,
29-03-2022,Tue,Friendlies (M),Friendlies (M),Neutral,W 5–0,es Spain,is Iceland,N,,32,2,0,0,0,,,0,0,,,,,,,,,,,,,,,,Match Report,,,,,,,,
29-03-2022,Tue,Friendlies (M),Friendlies (M),Neutral,W 5–0,es Spain,is Iceland,Y,FW,57,2,0,1,1,,,0,0,,,,,,,,,,,,,,,,Match Report,,,,,,,,
29-03-2022,Tue,Friendlies (M),Friendlies (M),Neutral,W 5–0,es Spain,is Iceland,Y,GK,90,0,0,0,0,,,0,0,,,,,,,,,,,,,,,,Match Report,,,,,,,,
29-03-2022,Tue,Friendlies (M),Friendlies (M),Neutral,W 5–0,es Spain,is Iceland,N,"On matchday squad, but did not play",Match Report,,,,,,,,,,,,,,,,,,,,,,,,,,,,,,,,
29-03-2022,Tue,Friendlies (M),Friendlies (M),Neutral,W 5–0,es Spain,is Iceland,N,,33,0,0,0,0,,,0,0,,,,,,,,,,,,,,,,Match Report,,,,,,,,
29-03-2022,Tue,Friendlies (M),Friendlies (M),Neutral,W 5–0,es Spain,is Iceland,Y,CM,90,0,0,0,0,,,0,0,,,,,,,,,,,,,,,,Match Report,,,,,,,,
29-03-2022,Tue,Friendlies (M),Friendlies (M),Neutral,W 5–0,es Spain,is Iceland,N,"On matchday squad, but did not play",Match Report,,,,,,,,,,,,,,,,,,,,,,,,,,,,,,,,
29-03-2022,Tue,Friendlies (M),Friendlies (M),Neutral,W 5–0,es Spain,is Iceland,N,,22,0,0,0,0,,,0,0,,,,,,,,,,,,,,,,Match Report,,,,,,,,
29-03-2022,Tue,Friendlies (M),Friendlies (M),Neutral,W 5–0,es Spain,is Iceland,Y,CB,90,0,1,0,0,,,0,0,,,,,,,,,,,,,,,,Match Report,,,,,,0,,
06-05-2022,Sun,UEFA Nations League,League A,Away,D 2–2,es Spain,cz Czech Republic,N,,30,0,0,0,0,0,0,0,0,,,0,,,,,,,,,,,,,Match Report,,,,,,,,
06-05-2022,Sun,UEFA Nations League,League A,Away,D 2–2,es Spain,cz Czech Republic,N,,19,0,0,0,0,0,0,0,0,,,0,,,,,,,,,,,,,Match Report,,,,,,,,
06-05-2022,Sun,UEFA Nations League,League A,Away,D 2–2,es Spain,cz Czech Republic,Y,CM,60,0,1,0,0,0,0,1,0,,,0,,,,,,,,,,,,,Match Report,,,,,,,,
06-05-2022,Sun,UEFA Nations League,League A,Away,D 2–2,es Spain,cz Czech Republic,N,"On matchday squad, but did not play",Match Report,,,,,,,,,,,,,,,,,,,,,,,,,,,,,,,,
06-05-2022,Sun,UEFA Nations League,League A,Away,D 2–2,es Spain,cz Czech Republic,N,"On matchday squad, but did not play",Match Report,,,,,,,,,,,,,,,,,,,,,,,,,,,,,,,,
06-05-2022,Sun,UEFA Nations League,League A,Away,D 2–2,es Spain,cz Czech Republic,Y,CB,90,0,0,0,0,0,0,0,0,,,0,,,,,,,,,,,,,Match Report,,,,,,,,
06-05-2022,Sun,UEFA Nations League,League A,Away,D 2–2,es Spain,cz Czech Republic,N,"On matchday squad, but did not play",Match Report,,,,,,,,,,,,,,,,,,,,,,,,,,,,,,,,
06-05-2022,Sun,UEFA Nations League,League A,Away,D 2–2,es Spain,cz Czech Republic,N,,45,0,0,0,0,0,0,0,0,,,0,,,,,,,,,,,,,Match Report,,,,,,,,
06-05-2022,Sun,UEFA Nations League,League A,Away,D 2–2,es Spain,cz Czech Republic,N,"On matchday squad, but did not play",Match Report,,,,,,,,,,,,,,,,,,,,,,,,,,,,,,,,
06-05-2022,Sun,UEFA Nations League,League A,Away,D 2–2,es Spain,cz Czech Republic,Y,RB,90,0,0,0,0,0,0,0,0,,,0,,,,,,,,,,,,,Match Report,,,,,,,,
06-05-2022,Sun,UEFA Nations League,League A,Away,D 2–2,es Spain,cz Czech Republic,N,"On matchday squad, but did not play",Match Report,,,,,,,,,,,,,,,,,,,,,,,,,,,,,,,,
06-05-2022,Sun,UEFA Nations League,League A,Away,D 2–2,es Spain,cz Czech Republic,Y,CM,90,1,0,0,0,0,0,0,0,,,0,,,,,,,,,,,,,Match Report,,,,,,,,
06-05-2022,Sun,UEFA Nations League,League A,Away,D 2–2,es Spain,cz Czech Republic,N,"On matchday squad, but did not play",Match Report,,,,,,,,,,,,,,,,,,,,,,,,,,,,,,,,
06-05-2022,Sun,UEFA Nations League,League A,Away,D 2–2,es Spain,cz Czech Republic,N,,30,0,0,0,0,0,0,0,0,,,0,,,,,,,,,,,,,Match Report,,,,,,,,
06-05-2022,Sun,UEFA Nations League,League A,Away,D 2–2,es Spain,cz Czech Republic,N,,30,0,1,0,0,0,0,0,0,,,0,,,,,,,,,,,,,Match Report,,,,,,,,
06-05-2022,Sun,UEFA Nations League,League A,Away,D 2–2,es Spain,cz Czech Republic,Y,GK,90,0,0,0,0,0,0,0,0,,,0,,,,,,,,,,,,,Match Report,,,,,,,,
06-05-2022,Sun,UEFA Nations League,League A,Away,D 2–2,es Spain,cz Czech Republic,Y*,CM,71,0,0,0,0,0,0,0,0,,,0,,,,,,,,,,,,,Match Report,,,,,,,,
06-05-2022,Sun,UEFA Nations League,League A,Away,D 2–2,es Spain,cz Czech Republic,Y,FW,45,0,0,0,0,0,0,0,0,,,0,,,,,,,,,,,,,Match Report,,,,,,,,
06-05-2022,Sun,UEFA Nations League,League A,Away,D 2–2,es Spain,cz Czech Republic,N,"On matchday squad, but did not play",Match Report,,,,,,,,,,,,,,,,,,,,,,,,,,,,,,,,
06-09-2022,Thu,UEFA Nations League,League A,Away,W 1–0,es Spain,ch Switzerland,Y,RB,90,0,0,0,0,0,0,0,0,,,0,,,,,,,,,,,,,Match Report,,,,,,,,
06-09-2022,Thu,UEFA Nations League,League A,Away,W 1–0,es Spain,ch Switzerland,Y,LB,90,0,0,0,0,0,0,0,0,,,0,,,,,,,,,,,,,Match Report,,,,,,,,
06-09-2022,Thu,UEFA Nations League,League A,Away,W 1–0,es Spain,ch Switzerland,N,"On matchday squad, but did not play",Match Report,,,,,,,,,,,,,,,,,,,,,,,,,,,,,,,,
06-09-2022,Thu,UEFA Nations League,League A,Away,W 1–0,es Spain,ch Switzerland,Y,CB,90,0,0,0,0,0,0,0,0,,,0,,,,,,,,,,,,,Match Report,,,,,,,,
06-09-2022,Thu,UEFA Nations League,League A,Away,W 1–0,es Spain,ch Switzerland,Y,FW,61,1,0,0,0,0,0,0,0,,,0,,,,,,,,,,,,,Match Report,,,,,,,,
06-09-2022,Thu,UEFA Nations League,League A,Away,W 1–0,es Spain,ch Switzerland,Y,FW,90,0,0,0,0,0,0,0,0,,,0,,,,,,,,,,,,,Match Report,,,,,,,,
06-09-2022,Thu,UEFA Nations League,League A,Away,W 1–0,es Spain,ch Switzerland,N,"On matchday squad, but did not play",Match Report,,,,,,,,,,,,,,,,,,,,,,,,,,,,,,,,
06-09-2022,Thu,UEFA Nations League,League A,Away,W 1–0,es Spain,ch Switzerland,Y,CB,90,0,0,0,0,0,0,0,0,,,0,,,,,,,,,,,,,Match Report,0,0,0,0,0,0,,
06-09-2022,Thu,UEFA Nations League,League A,Away,W 1–0,es Spain,ch Switzerland,Y,CM,79,0,1,0,0,0,0,0,0,,,0,,,,,,,,,,,,,Match Report,,,,,,,,
06-09-2022,Thu,UEFA Nations League,League A,Away,W 1–0,es Spain,ch Switzerland,N,"On matchday squad, but did not play",Match Report,,,,,,,,,,,,,,,,,,,,,,,,,,,,,,,,
06-09-2022,Thu,UEFA Nations League,League A,Away,W 1–0,es Spain,ch Switzerland,Y,GK,90,0,0,0,0,0,0,0,0,,,0,,,,,,,,,,,,,Match Report,,,,,,,,
06-09-2022,Thu,UEFA Nations League,League A,Away,W 1–0,es Spain,ch Switzerland,Y,FW,71,0,0,0,0,0,0,0,0,,,0,,,,,,,,,,,,,Match Report,,,,,,,,
06-09-2022,Thu,UEFA Nations League,League A,Away,W 1–0,es Spain,ch Switzerland,N,"On matchday squad, but did not play",Match Report,,,,,,,,,,,,,,,,,,,,,,,,,,,,,,,,
06-09-2022,Thu,UEFA Nations League,League A,Away,W 1–0,es Spain,ch Switzerland,N,,18,0,0,0,0,0,0,0,0,,,0,,,,,,,,,,,,,Match Report,,,,,,,,
06-09-2022,Thu,UEFA Nations League,League A,Away,W 1–0,es Spain,ch Switzerland,N,,11,0,0,0,0,0,0,0,0,,,0,,,,,,,,,,,,,Match Report,,,,,,,,
06-09-2022,Thu,UEFA Nations League,League A,Away,W 1–0,es Spain,ch Switzerland,Y,CM,72,0,0,0,0,0,0,0,0,,,0,,,,,,,,,,,,,Match Report,,,,,,,,
06-09-2022,Thu,UEFA Nations League,League A,Away,W 1–0,es Spain,ch Switzerland,N,,19,0,0,0,0,0,0,0,0,,,0,,,,,,,,,,,,,Match Report,,,,,,,,
06-09-2022,Thu,UEFA Nations League,League A,Away,W 1–0,es Spain,ch Switzerland,Y*,CM,90,0,0,0,0,0,0,0,0,,,0,,,,,,,,,,,,,Match Report,,,,,,,,
06-09-2022,Thu,UEFA Nations League,League A,Away,W 1–0,es Spain,ch Switzerland,N,"On matchday squad, but did not play",Match Report,,,,,,,,,,,,,,,,,,,,,,,,,,,,,,,,
24-09-2022,Sat,UEFA Nations League,League A,Home,L 1–2,es Spain,ch Switzerland,N,"On matchday squad, but did not play",Match Report,,,,,,,,,,,,,,,,,,,,,,,,,,,,,,,,
24-09-2022,Sat,UEFA Nations League,League A,Home,L 1–2,es Spain,ch Switzerland,Y*,CM,90,0,0,0,0,0,0,0,0,,,2,,,,,,,,,,,,,Match Report,,,,,,,,
24-09-2022,Sat,UEFA Nations League,League A,Home,L 1–2,es Spain,ch Switzerland,N,,28,0,0,0,0,1,0,0,0,,,0,,,,,,,,,,,,,Match Report,0,1,0,1,1,0,,
24-09-2022,Sat,UEFA Nations League,League A,Home,L 1–2,es Spain,ch Switzerland,Y,CB,90,0,0,0,0,0,0,0,0,,,3,,,,,,,,,,,,,Match Report,,,,,,,,
24-09-2022,Sat,UEFA Nations League,League A,Home,L 1–2,es Spain,ch Switzerland,N,"On matchday squad, but did not play",Match Report,,,,,,,,,,,,,,,,,,,,,,,,,,,,,,,,
24-09-2022,Sat,UEFA Nations League,League A,Home,L 1–2,es Spain,ch Switzerland,Y,CB,90,0,0,0,0,0,0,0,0,,,0,,,,,,,,,,,,,Match Report,,,,,,,,
24-09-2022,Sat,UEFA Nations League,League A,Home,L 1–2,es Spain,ch Switzerland,Y,CM,68,0,0,0,0,0,0,0,0,,,1,,,,,,,,,,,,,Match Report,,,,,,,,
24-09-2022,Sat,UEFA Nations League,League A,Home,L 1–2,es Spain,ch Switzerland,N,,22,0,0,0,0,1,1,0,0,,,0,,,,,,,,,,,,,Match Report,,,,,,,,
24-09-2022,Sat,UEFA Nations League,League A,Home,L 1–2,es Spain,ch Switzerland,Y,FW,62,0,0,0,0,1,0,0,0,,,0,,,,,,,,,,,,,Match Report,,,,,,,,
24-09-2022,Sat,UEFA Nations League,League A,Home,L 1–2,es Spain,ch Switzerland,N,,28,0,0,0,0,1,0,0,0,,,1,,,,,,,,,,,,,Match Report,,,,,,,,
24-09-2022,Sat,UEFA Nations League,League A,Home,L 1–2,es Spain,ch Switzerland,Y,FW,62,0,1,0,0,1,1,0,0,,,0,,,,,,,,,,,,,Match Report,,,,,,,,
24-09-2022,Sat,UEFA Nations League,League A,Home,L 1–2,es Spain,ch Switzerland,N,"On matchday squad, but did not play",Match Report,,,,,,,,,,,,,,,,,,,,,,,,,,,,,,,,
24-09-2022,Sat,UEFA Nations League,League A,Home,L 1–2,es Spain,ch Switzerland,Y,CM,90,0,0,0,0,0,0,0,0,,,0,,,,,,,,,,,,,Match Report,,,,,,,,
24-09-2022,Sat,UEFA Nations League,League A,Home,L 1–2,es Spain,ch Switzerland,N,"On matchday squad, but did not play",Match Report,,,,,,,,,,,,,,,,,,,,,,,,,,,,,,,,
24-09-2022,Sat,UEFA Nations League,League A,Home,L 1–2,es Spain,ch Switzerland,Y,GK,90,0,0,0,0,0,0,0,0,,,0,,,,,,,,,,,,,Match Report,,,,,,,,
24-09-2022,Sat,UEFA Nations League,League A,Home,L 1–2,es Spain,ch Switzerland,N,,28,0,0,0,0,0,0,0,0,,,0,,,,,,,,,,,,,Match Report,0,1,0,0,0,0,,
24-09-2022,Sat,UEFA Nations League,League A,Home,L 1–2,es Spain,ch Switzerland,N,,4,0,0,0,0,1,1,0,0,,,0,,,,,,,,,,,,,Match Report,,,,,,,,
24-09-2022,Sat,UEFA Nations League,League A,Home,L 1–2,es Spain,ch Switzerland,N,"On matchday squad, but did not play",Match Report,,,,,,,,,,,,,,,,,,,,,,,,,,,,,,,,
24-09-2022,Sat,UEFA Nations League,League A,Home,L 1–2,es Spain,ch Switzerland,N,"On matchday squad, but did not play",Match Report,,,,,,,,,,,,,,,,,,,,,,,,,,,,,,,,
24-09-2022,Sat,UEFA Nations League,League A,Home,L 1–2,es Spain,ch Switzerland,Y,FW,62,0,0,0,0,1,0,0,0,,,0,,,,,,,,,,,,,Match Report,,,,,,,,
24-09-2022,Sat,UEFA Nations League,League A,Home,L 1–2,es Spain,ch Switzerland,N,"On matchday squad, but did not play",Match Report,,,,,,,,,,,,,,,,,,,,,,,,,,,,,,,,
24-09-2022,Sat,UEFA Nations League,League A,Home,L 1–2,es Spain,ch Switzerland,Y,RB,86,0,0,0,0,0,0,0,0,,,1,,,,,,,,,,,,,Match Report,,,,,,,,
24-09-2022,Sat,UEFA Nations League,League A,Home,L 1–2,es Spain,ch Switzerland,Y,LB,90,1,0,0,0,1,1,0,0,,,1,,,,,,,,,,,,,Match Report,,,,,,,,
27-09-2022,Tue,UEFA Nations League,League A,Away,W 1–0,es Spain,pt Portugal,N,"On matchday squad, but did not play",Match Report,,,,,,,,,,,,,,,,,,,,,,,,,,,,,,,,
27-09-2022,Tue,UEFA Nations League,League A,Away,W 1–0,es Spain,pt Portugal,Y,FW,72,0,0,0,0,1,0,0,0,,,0,,,,,,,,,,,,,Match Report,,,,,,,,
27-09-2022,Tue,UEFA Nations League,League A,Away,W 1–0,es Spain,pt Portugal,Y,RB,90,0,0,0,0,0,0,1,0,,,0,,,,,,,,,,,,,Match Report,,,,,,,,
27-09-2022,Tue,UEFA Nations League,League A,Away,W 1–0,es Spain,pt Portugal,N,,45,0,0,0,0,0,0,0,0,,,2,,,,,,,,,,,,,Match Report,,,,,,,,
27-09-2022,Tue,UEFA Nations League,League A,Away,W 1–0,es Spain,pt Portugal,N,,18,0,1,0,0,2,2,0,0,,,0,,,,,,,,,,,,,Match Report,,,,,,,,
27-09-2022,Tue,UEFA Nations League,League A,Away,W 1–0,es Spain,pt Portugal,N,"On matchday squad, but did not play",Match Report,,,,,,,,,,,,,,,,,,,,,,,,,,,,,,,,
27-09-2022,Tue,UEFA Nations League,League A,Away,W 1–0,es Spain,pt Portugal,N,,31,0,0,0,0,0,0,0,0,,,0,,,,,,,,,,,,,Match Report,,,,,,,,
27-09-2022,Tue,UEFA Nations League,League A,Away,W 1–0,es Spain,pt Portugal,Y,CB,45,0,0,0,0,0,0,1,0,,,0,,,,,,,,,,,,,Match Report,1,0,0,0,0,0,,
27-09-2022,Tue,UEFA Nations League,League A,Away,W 1–0,es Spain,pt Portugal,Y,FW,90,1,0,0,0,4,3,0,0,,,0,,,,,,,,,,,,,Match Report,,,,,,,,
27-09-2022,Tue,UEFA Nations League,League A,Away,W 1–0,es Spain,pt Portugal,N,,31,0,0,0,0,0,0,0,0,,,0,,,,,,,,,,,,,Match Report,0,0,0,4,0,0,,
27-09-2022,Tue,UEFA Nations League,League A,Away,W 1–0,es Spain,pt Portugal,N,"On matchday squad, but did not play",Match Report,,,,,,,,,,,,,,,,,,,,,,,,,,,,,,,,
27-09-2022,Tue,UEFA Nations League,League A,Away,W 1–0,es Spain,pt Portugal,N,"On matchday squad, but did not play",Match Report,,,,,,,,,,,,,,,,,,,,,,,,,,,,,,,,
27-09-2022,Tue,UEFA Nations League,League A,Away,W 1–0,es Spain,pt Portugal,Y,CM,90,0,0,0,0,1,0,0,0,,,2,,,,,,,,,,,,,Match Report,,,,,,,,
27-09-2022,Tue,UEFA Nations League,League A,Away,W 1–0,es Spain,pt Portugal,N,,31,0,0,0,0,0,0,0,0,,,0,,,,,,,,,,,,,Match Report,,,,,,,,
27-09-2022,Tue,UEFA Nations League,League A,Away,W 1–0,es Spain,pt Portugal,Y,FW,59,0,0,0,0,1,0,0,0,,,0,,,,,,,,,,,,,Match Report,,,,,,,,
27-09-2022,Tue,UEFA Nations League,League A,Away,W 1–0,es Spain,pt Portugal,N,"On matchday squad, but did not play",Match Report,,,,,,,,,,,,,,,,,,,,,,,,,,,,,,,,
27-09-2022,Tue,UEFA Nations League,League A,Away,W 1–0,es Spain,pt Portugal,Y,GK,90,0,0,0,0,0,0,0,0,,,1,,,,,,,,,,,,,Match Report,,,,,,,,
27-09-2022,Tue,UEFA Nations League,League A,Away,W 1–0,es Spain,pt Portugal,Y,CB,90,0,0,0,0,0,0,0,0,,,0,,,,,,,,,,,,,Match Report,,,,,,,,
27-09-2022,Tue,UEFA Nations League,League A,Away,W 1–0,es Spain,pt Portugal,N,"On matchday squad, but did not play",Match Report,,,,,,,,,,,,,,,,,,,,,,,,,,,,,,,,
27-09-2022,Tue,UEFA Nations League,League A,Away,W 1–0,es Spain,pt Portugal,Y,CM,59,0,0,0,0,1,0,0,0,,,0,,,,,,,,,,,,,Match Report,,,,,,,,
27-09-2022,Tue,UEFA Nations League,League A,Away,W 1–0,es Spain,pt Portugal,Y,LB,90,0,0,0,0,0,0,0,0,,,4,,,,,,,,,,,,,Match Report,,,,,,,,
27-09-2022,Tue,UEFA Nations League,League A,Away,W 1–0,es Spain,pt Portugal,N,"On matchday squad, but did not play",Match Report,,,,,,,,,,,,,,,,,,,,,,,,,,,,,,,,
27-09-2022,Tue,UEFA Nations League,League A,Away,W 1–0,es Spain,pt Portugal,Y*,CM,59,0,0,0,0,0,0,0,0,,,0,,,,,,,,,,,,,Match Report,,,,,,,,
23-11-2022,Wed,World Cup,Group stage,Neutral,W 7–0,es Spain,cr Costa Rica,Y,RB,90,0,0,0,0,0,0,0,0,110,0,1,2,0,0,0.1,3,0,100,107,93.5,4,0,0,Match Report,,,,,,,,
23-11-2022,Wed,World Cup,Group stage,Neutral,W 7–0,es Spain,cr Costa Rica,Y,GK,90,0,0,0,0,0,0,0,0,37,0,0,0,0,0,0,0,0,34,37,91.9,0,0,0,Match Report,,,,,,,,
23-11-2022,Wed,World Cup,Group stage,Neutral,W 7–0,es Spain,cr Costa Rica,N,"On matchday squad, but did not play",Match Report,,,,,,,,,,,,,,,,,,,,,,,,,,,,,,,,
23-11-2022,Wed,World Cup,Group stage,Neutral,W 7–0,es Spain,cr Costa Rica,Y*,CM,63,0,0,0,0,0,0,0,0,100,3,1,0,0,0,0,5,1,87,96,90.6,2,0,0,Match Report,,,,,,,,
23-11-2022,Wed,World Cup,Group stage,Neutral,W 7–0,es Spain,cr Costa Rica,Y,LM,56,0,0,0,0,0,0,0,0,92,2,0,0,0,0,0.7,5,1,86,89,96.6,9,0,0,Match Report,,,,,,,,
23-11-2022,Wed,World Cup,Group stage,Neutral,W 7–0,es Spain,cr Costa Rica,N,"On matchday squad, but did not play",Match Report,,,,,,,,,,,,,,,,,,,,,,,,,,,,,,,,
23-11-2022,Wed,World Cup,Group stage,Neutral,W 7–0,es Spain,cr Costa Rica,N,"On matchday squad, but did not play",Match Report,,,,,,,,,,,,,,,,,,,,,,,,,,,,,,,,
23-11-2022,Wed,World Cup,Group stage,Neutral,W 7–0,es Spain,cr Costa Rica,Y,RM,90,1,0,0,0,1,1,0,0,87,1,0,1,0.1,0.1,0.1,2,1,67,74,90.5,3,0,4,Match Report,,,,,,,,
23-11-2022,Wed,World Cup,Group stage,Neutral,W 7–0,es Spain,cr Costa Rica,Y,CB,90,0,0,0,0,0,0,0,0,144,0,0,0,0,0,0,2,0,138,142,97.2,4,0,0,Match Report,,,,,,,,
23-11-2022,Wed,World Cup,Group stage,Neutral,W 7–0,es Spain,cr Costa Rica,N,RW,22,0,0,0,0,0,0,0,0,14,1,0,0,0,0,0,0,0,7,10,70,1,2,3,Match Report,,,,,,,,
23-11-2022,Wed,World Cup,Group stage,Neutral,W 7–0,es Spain,cr Costa Rica,N,"On matchday squad, but did not play",Match Report,,,,,,,,,,,,,,,,,,,,,,,,,,,,,,,,
23-11-2022,Wed,World Cup,Group stage,Neutral,W 7–0,es Spain,cr Costa Rica,Y,"FW,RW",68,1,0,0,0,5,1,0,0,55,1,0,1,0.8,0.8,0,0,0,33,41,80.5,2,0,1,Match Report,,,,,,,,
23-11-2022,Wed,World Cup,Group stage,Neutral,W 7–0,es Spain,cr Costa Rica,N,"On matchday squad, but did not play",Match Report,,,,,,,,,,,,,,,,,,,,,,,,,,,,,,,,
23-11-2022,Wed,World Cup,Group stage,Neutral,W 7–0,es Spain,cr Costa Rica,N,FW,34,1,1,0,0,2,1,0,0,12,0,0,0,0.2,0.2,0.1,2,2,7,9,77.8,1,1,2,Match Report,,,,,,,,
23-11-2022,Wed,World Cup,Group stage,Neutral,W 7–0,es Spain,cr Costa Rica,N,LM,34,1,0,0,0,3,1,0,0,47,0,0,0,0.4,0.4,0,1,0,42,43,97.7,1,0,1,Match Report,,,,,,,,
23-11-2022,Wed,World Cup,Group stage,Neutral,W 7–0,es Spain,cr Costa Rica,Y,LB,63,0,1,0,0,0,0,0,0,123,1,2,0,0,0,0.3,4,3,111,119,93.3,9,1,1,Match Report,,,,,,,,
23-11-2022,Wed,World Cup,Group stage,Neutral,W 7–0,es Spain,cr Costa Rica,N,CM,27,0,0,0,0,0,0,0,0,52,0,0,0,0,0,0,1,0,48,50,96,1,0,0,Match Report,,,,,,,,
23-11-2022,Wed,World Cup,Group stage,Neutral,W 7–0,es Spain,cr Costa Rica,N,"On matchday squad, but did not play",Match Report,,,,,,,,,,,,,,,,,,,,,,,,,,,,,,,,
23-11-2022,Wed,World Cup,Group stage,Neutral,W 7–0,es Spain,cr Costa Rica,N,"On matchday squad, but did not play",Match Report,,,,,,,,,,,,,,,,,,,,,,,,,,,,,,,,
23-11-2022,Wed,World Cup,Group stage,Neutral,W 7–0,es Spain,cr Costa Rica,Y,RW,56,2,0,1,1,1,1,0,0,33,0,0,0,0.9,0.1,0,1,1,17,25,68,1,0,3,Match Report,,,,,,,,
23-11-2022,Wed,World Cup,Group stage,Neutral,W 7–0,es Spain,cr Costa Rica,N,"On matchday squad, but did not play",Match Report,,,,,,,,,,,,,,,,,,,,,,,,,,,,,,,,
23-11-2022,Wed,World Cup,Group stage,Neutral,W 7–0,es Spain,cr Costa Rica,N,"On matchday squad, but did not play",Match Report,,,,,,,,,,,,,,,,,,,,,,,,,,,,,,,,
06-12-2022,Sun,UEFA Nations League,League A,Home,W 2–0,es Spain,cz Czech Republic,N,"On matchday squad, but did not play",Match Report,,,,,,,,,,,,,,,,,,,,,,,,,,,,,,,,
06-12-2022,Sun,UEFA Nations League,League A,Home,W 2–0,es Spain,cz Czech Republic,Y,RB,90,0,0,0,0,0,0,1,0,,,0,,,,,,,,,,,,,Match Report,,,,,,,,
06-12-2022,Sun,UEFA Nations League,League A,Home,W 2–0,es Spain,cz Czech Republic,N,,13,0,0,0,0,0,0,0,0,,,0,,,,,,,,,,,,,Match Report,,,,,,,,
06-12-2022,Sun,UEFA Nations League,League A,Home,W 2–0,es Spain,cz Czech Republic,N,"On matchday squad, but did not play",Match Report,,,,,,,,,,,,,,,,,,,,,,,,,,,,,,,,
06-12-2022,Sun,UEFA Nations League,League A,Home,W 2–0,es Spain,cz Czech Republic,N,"On matchday squad, but did not play",Match Report,,,,,,,,,,,,,,,,,,,,,,,,,,,,,,,,
06-12-2022,Sun,UEFA Nations League,League A,Home,W 2–0,es Spain,cz Czech Republic,N,,19,1,0,0,0,0,0,0,0,,,0,,,,,,,,,,,,,Match Report,,,,,,,,
06-12-2022,Sun,UEFA Nations League,League A,Home,W 2–0,es Spain,cz Czech Republic,Y,CM,90,0,0,0,0,0,0,0,0,,,0,,,,,,,,,,,,,Match Report,,,,,,,,
06-12-2022,Sun,UEFA Nations League,League A,Home,W 2–0,es Spain,cz Czech Republic,N,"On matchday squad, but did not play",Match Report,,,,,,,,,,,,,,,,,,,,,,,,,,,,,,,,
06-12-2022,Sun,UEFA Nations League,League A,Home,W 2–0,es Spain,cz Czech Republic,N,"On matchday squad, but did not play",Match Report,,,,,,,,,,,,,,,,,,,,,,,,,,,,,,,,
06-12-2022,Sun,UEFA Nations League,League A,Home,W 2–0,es Spain,cz Czech Republic,N,,13,0,0,0,0,0,0,0,0,,,0,,,,,,,,,,,,,Match Report,,,,,,,,
06-12-2022,Sun,UEFA Nations League,League A,Home,W 2–0,es Spain,cz Czech Republic,N,,32,0,0,0,0,0,0,0,0,,,0,,,,,,,,,,,,,Match Report,,,,,,,,
06-12-2022,Sun,UEFA Nations League,League A,Home,W 2–0,es Spain,cz Czech Republic,Y,CB,90,0,0,0,0,0,0,0,0,,,0,,,,,,,,,,,,,Match Report,,,,,,,,
06-12-2022,Sun,UEFA Nations League,League A,Home,W 2–0,es Spain,cz Czech Republic,N,"On matchday squad, but did not play",Match Report,,,,,,,,,,,,,,,,,,,,,,,,,,,,,,,,
06-12-2022,Sun,UEFA Nations League,League A,Home,W 2–0,es Spain,cz Czech Republic,N,,32,0,0,0,0,0,0,0,0,,,0,,,,,,,,,,,,,Match Report,,,,,,,,
06-12-2022,Sun,UEFA Nations League,League A,Home,W 2–0,es Spain,cz Czech Republic,Y,FW,71,0,1,0,0,0,0,0,0,,,0,,,,,,,,,,,,,Match Report,,,,,,,,
06-12-2022,Sun,UEFA Nations League,League A,Home,W 2–0,es Spain,cz Czech Republic,Y*,CM,77,0,0,0,0,0,0,0,0,,,0,,,,,,,,,,,,,Match Report,,,,,,,,
06-12-2022,Sun,UEFA Nations League,League A,Home,W 2–0,es Spain,cz Czech Republic,Y,CM,58,1,0,0,0,0,0,0,0,,,0,,,,,,,,,,,,,Match Report,,,,,,,,
06-12-2022,Sun,UEFA Nations League,League A,Home,W 2–0,es Spain,cz Czech Republic,Y,GK,90,0,0,0,0,0,0,0,0,,,0,,,,,,,,,,,,,Match Report,,,,,,,,
06-12-2022,Sun,UEFA Nations League,League A,Home,W 2–0,es Spain,cz Czech Republic,Y,FW,58,0,0,0,0,0,0,0,0,,,0,,,,,,,,,,,,,Match Report,,,,,,,,
